ISO-10303-21;
HEADER;
FILE_DESCRIPTION(('Open CASCADE Model'),'2;1');
FILE_NAME('Open CASCADE Shape Model','2025-08-14T07:00:46',('Author'),(
    'Open CASCADE'),'Open CASCADE STEP processor 7.7','Open CASCADE 7.7'
  ,'Unknown');
FILE_SCHEMA(('AUTOMOTIVE_DESIGN { 1 0 10303 214 1 1 1 1 }'));
ENDSEC;
DATA;
#1 = APPLICATION_PROTOCOL_DEFINITION('international standard',
  'automotive_design',2000,#2);
#2 = APPLICATION_CONTEXT(
  'core data for automotive mechanical design processes');
#3 = SHAPE_DEFINITION_REPRESENTATION(#4,#10);
#4 = PRODUCT_DEFINITION_SHAPE('','',#5);
#5 = PRODUCT_DEFINITION('design','',#6,#9);
#6 = PRODUCT_DEFINITION_FORMATION('','',#7);
#7 = PRODUCT('Open CASCADE STEP translator 7.7 4101',
  'Open CASCADE STEP translator 7.7 4101','',(#8));
#8 = PRODUCT_CONTEXT('',#2,'mechanical');
#9 = PRODUCT_DEFINITION_CONTEXT('part definition',#2,'design');
#10 = ADVANCED_BREP_SHAPE_REPRESENTATION('',(#11,#15),#3383);
#11 = AXIS2_PLACEMENT_3D('',#12,#13,#14);
#12 = CARTESIAN_POINT('',(0.,0.,0.));
#13 = DIRECTION('',(0.,0.,1.));
#14 = DIRECTION('',(1.,0.,-0.));
#15 = MANIFOLD_SOLID_BREP('',#16);
#16 = CLOSED_SHELL('',(#17,#137,#225,#313,#386,#459,#519,#600,#650,#710,
    #791,#841,#929,#1007,#1065,#1112,#1165,#1243,#1301,#1348,#1431,#1479
    ,#1565,#1592,#1619,#1690,#1722,#1777,#1832,#1920,#1980,#2007,#2062,
    #2138,#2165,#2192,#2199,#2231,#2310,#2384,#2444,#2525,#2575,#2629,
    #2656,#2705,#2732,#2810,#2862,#2917,#2972,#3026,#3053,#3102,#3129,
    #3136,#3212,#3244,#3293,#3342,#3349,#3376));
#17 = ADVANCED_FACE('',(#18),#32,.T.);
#18 = FACE_BOUND('',#19,.T.);
#19 = EDGE_LOOP('',(#20,#55,#83,#111));
#20 = ORIENTED_EDGE('',*,*,#21,.T.);
#21 = EDGE_CURVE('',#22,#24,#26,.T.);
#22 = VERTEX_POINT('',#23);
#23 = CARTESIAN_POINT('',(3.108242501208E-16,0.,0.));
#24 = VERTEX_POINT('',#25);
#25 = CARTESIAN_POINT('',(1.779819995368E-16,0.,-3.254217893773));
#26 = SURFACE_CURVE('',#27,(#31,#43),.PCURVE_S1.);
#27 = LINE('',#28,#29);
#28 = CARTESIAN_POINT('',(0.,0.,0.));
#29 = VECTOR('',#30,1.);
#30 = DIRECTION('',(-0.,-0.,-1.));
#31 = PCURVE('',#32,#37);
#32 = PLANE('',#33);
#33 = AXIS2_PLACEMENT_3D('',#34,#35,#36);
#34 = CARTESIAN_POINT('',(0.,0.,0.));
#35 = DIRECTION('',(0.,-1.,0.));
#36 = DIRECTION('',(1.,0.,0.));
#37 = DEFINITIONAL_REPRESENTATION('',(#38),#42);
#38 = LINE('',#39,#40);
#39 = CARTESIAN_POINT('',(0.,0.));
#40 = VECTOR('',#41,1.);
#41 = DIRECTION('',(0.,-1.));
#42 = ( GEOMETRIC_REPRESENTATION_CONTEXT(2) 
PARAMETRIC_REPRESENTATION_CONTEXT() REPRESENTATION_CONTEXT('2D SPACE',''
  ) );
#43 = PCURVE('',#44,#49);
#44 = PLANE('',#45);
#45 = AXIS2_PLACEMENT_3D('',#46,#47,#48);
#46 = CARTESIAN_POINT('',(-3.738384175377,0.,-3.875833718396));
#47 = DIRECTION('',(-0.,-1.,-0.));
#48 = DIRECTION('',(0.,0.,-1.));
#49 = DEFINITIONAL_REPRESENTATION('',(#50),#54);
#50 = LINE('',#51,#52);
#51 = CARTESIAN_POINT('',(-3.875833718396,3.738384175377));
#52 = VECTOR('',#53,1.);
#53 = DIRECTION('',(1.,0.));
#54 = ( GEOMETRIC_REPRESENTATION_CONTEXT(2) 
PARAMETRIC_REPRESENTATION_CONTEXT() REPRESENTATION_CONTEXT('2D SPACE',''
  ) );
#55 = ORIENTED_EDGE('',*,*,#56,.T.);
#56 = EDGE_CURVE('',#24,#57,#59,.T.);
#57 = VERTEX_POINT('',#58);
#58 = CARTESIAN_POINT('',(231.19124360271,0.,-3.254217893773));
#59 = SURFACE_CURVE('',#60,(#64,#71),.PCURVE_S1.);
#60 = LINE('',#61,#62);
#61 = CARTESIAN_POINT('',(0.,0.,-3.254217893773));
#62 = VECTOR('',#63,1.);
#63 = DIRECTION('',(1.,0.,0.));
#64 = PCURVE('',#32,#65);
#65 = DEFINITIONAL_REPRESENTATION('',(#66),#70);
#66 = LINE('',#67,#68);
#67 = CARTESIAN_POINT('',(0.,-3.254217893773));
#68 = VECTOR('',#69,1.);
#69 = DIRECTION('',(1.,0.));
#70 = ( GEOMETRIC_REPRESENTATION_CONTEXT(2) 
PARAMETRIC_REPRESENTATION_CONTEXT() REPRESENTATION_CONTEXT('2D SPACE',''
  ) );
#71 = PCURVE('',#72,#77);
#72 = PLANE('',#73);
#73 = AXIS2_PLACEMENT_3D('',#74,#75,#76);
#74 = CARTESIAN_POINT('',(115.59562180135,85.610230337464,
    -3.254217893773));
#75 = DIRECTION('',(0.,0.,1.));
#76 = DIRECTION('',(1.,0.,-0.));
#77 = DEFINITIONAL_REPRESENTATION('',(#78),#82);
#78 = LINE('',#79,#80);
#79 = CARTESIAN_POINT('',(-115.5956218013,-85.61023033746));
#80 = VECTOR('',#81,1.);
#81 = DIRECTION('',(1.,0.));
#82 = ( GEOMETRIC_REPRESENTATION_CONTEXT(2) 
PARAMETRIC_REPRESENTATION_CONTEXT() REPRESENTATION_CONTEXT('2D SPACE',''
  ) );
#83 = ORIENTED_EDGE('',*,*,#84,.F.);
#84 = EDGE_CURVE('',#85,#57,#87,.T.);
#85 = VERTEX_POINT('',#86);
#86 = CARTESIAN_POINT('',(231.19124360271,0.,0.));
#87 = SURFACE_CURVE('',#88,(#92,#99),.PCURVE_S1.);
#88 = LINE('',#89,#90);
#89 = CARTESIAN_POINT('',(231.19124360271,0.,0.));
#90 = VECTOR('',#91,1.);
#91 = DIRECTION('',(-0.,-0.,-1.));
#92 = PCURVE('',#32,#93);
#93 = DEFINITIONAL_REPRESENTATION('',(#94),#98);
#94 = LINE('',#95,#96);
#95 = CARTESIAN_POINT('',(231.19124360271,0.));
#96 = VECTOR('',#97,1.);
#97 = DIRECTION('',(0.,-1.));
#98 = ( GEOMETRIC_REPRESENTATION_CONTEXT(2) 
PARAMETRIC_REPRESENTATION_CONTEXT() REPRESENTATION_CONTEXT('2D SPACE',''
  ) );
#99 = PCURVE('',#100,#105);
#100 = PLANE('',#101);
#101 = AXIS2_PLACEMENT_3D('',#102,#103,#104);
#102 = CARTESIAN_POINT('',(233.58614515597,0.,-0.878091169376));
#103 = DIRECTION('',(-0.,-1.,-0.));
#104 = DIRECTION('',(0.,0.,-1.));
#105 = DEFINITIONAL_REPRESENTATION('',(#106),#110);
#106 = LINE('',#107,#108);
#107 = CARTESIAN_POINT('',(-0.878091169376,-2.394901553262));
#108 = VECTOR('',#109,1.);
#109 = DIRECTION('',(1.,0.));
#110 = ( GEOMETRIC_REPRESENTATION_CONTEXT(2) 
PARAMETRIC_REPRESENTATION_CONTEXT() REPRESENTATION_CONTEXT('2D SPACE',''
  ) );
#111 = ORIENTED_EDGE('',*,*,#112,.F.);
#112 = EDGE_CURVE('',#22,#85,#113,.T.);
#113 = SURFACE_CURVE('',#114,(#118,#125),.PCURVE_S1.);
#114 = LINE('',#115,#116);
#115 = CARTESIAN_POINT('',(0.,0.,0.));
#116 = VECTOR('',#117,1.);
#117 = DIRECTION('',(1.,0.,0.));
#118 = PCURVE('',#32,#119);
#119 = DEFINITIONAL_REPRESENTATION('',(#120),#124);
#120 = LINE('',#121,#122);
#121 = CARTESIAN_POINT('',(0.,0.));
#122 = VECTOR('',#123,1.);
#123 = DIRECTION('',(1.,0.));
#124 = ( GEOMETRIC_REPRESENTATION_CONTEXT(2) 
PARAMETRIC_REPRESENTATION_CONTEXT() REPRESENTATION_CONTEXT('2D SPACE',''
  ) );
#125 = PCURVE('',#126,#131);
#126 = PLANE('',#127);
#127 = AXIS2_PLACEMENT_3D('',#128,#129,#130);
#128 = CARTESIAN_POINT('',(115.59562180135,85.610230337464,0.));
#129 = DIRECTION('',(0.,0.,1.));
#130 = DIRECTION('',(1.,0.,-0.));
#131 = DEFINITIONAL_REPRESENTATION('',(#132),#136);
#132 = LINE('',#133,#134);
#133 = CARTESIAN_POINT('',(-115.5956218013,-85.61023033746));
#134 = VECTOR('',#135,1.);
#135 = DIRECTION('',(1.,0.));
#136 = ( GEOMETRIC_REPRESENTATION_CONTEXT(2) 
PARAMETRIC_REPRESENTATION_CONTEXT() REPRESENTATION_CONTEXT('2D SPACE',''
  ) );
#137 = ADVANCED_FACE('',(#138),#44,.T.);
#138 = FACE_BOUND('',#139,.T.);
#139 = EDGE_LOOP('',(#140,#169,#197,#224));
#140 = ORIENTED_EDGE('',*,*,#141,.T.);
#141 = EDGE_CURVE('',#22,#142,#144,.T.);
#142 = VERTEX_POINT('',#143);
#143 = CARTESIAN_POINT('',(-7.614217893773,0.,-7.614217893773));
#144 = SURFACE_CURVE('',#145,(#150,#157),.PCURVE_S1.);
#145 = CIRCLE('',#146,7.614217893773);
#146 = AXIS2_PLACEMENT_3D('',#147,#148,#149);
#147 = CARTESIAN_POINT('',(0.,0.,-7.614217893773));
#148 = DIRECTION('',(0.,-1.,-0.));
#149 = DIRECTION('',(0.,0.,-1.));
#150 = PCURVE('',#44,#151);
#151 = DEFINITIONAL_REPRESENTATION('',(#152),#156);
#152 = CIRCLE('',#153,7.614217893773);
#153 = AXIS2_PLACEMENT_2D('',#154,#155);
#154 = CARTESIAN_POINT('',(3.738384175377,3.738384175377));
#155 = DIRECTION('',(1.,0.));
#156 = ( GEOMETRIC_REPRESENTATION_CONTEXT(2) 
PARAMETRIC_REPRESENTATION_CONTEXT() REPRESENTATION_CONTEXT('2D SPACE',''
  ) );
#157 = PCURVE('',#158,#163);
#158 = CYLINDRICAL_SURFACE('',#159,7.614217893773);
#159 = AXIS2_PLACEMENT_3D('',#160,#161,#162);
#160 = CARTESIAN_POINT('',(0.,0.,-7.614217893773));
#161 = DIRECTION('',(0.,-1.,-0.));
#162 = DIRECTION('',(0.,0.,-1.));
#163 = DEFINITIONAL_REPRESENTATION('',(#164),#168);
#164 = LINE('',#165,#166);
#165 = CARTESIAN_POINT('',(0.,0.));
#166 = VECTOR('',#167,1.);
#167 = DIRECTION('',(1.,0.));
#168 = ( GEOMETRIC_REPRESENTATION_CONTEXT(2) 
PARAMETRIC_REPRESENTATION_CONTEXT() REPRESENTATION_CONTEXT('2D SPACE',''
  ) );
#169 = ORIENTED_EDGE('',*,*,#170,.T.);
#170 = EDGE_CURVE('',#142,#171,#173,.T.);
#171 = VERTEX_POINT('',#172);
#172 = CARTESIAN_POINT('',(-4.36,0.,-7.614217893773));
#173 = SURFACE_CURVE('',#174,(#178,#185),.PCURVE_S1.);
#174 = LINE('',#175,#176);
#175 = CARTESIAN_POINT('',(-7.614217893773,0.,-7.614217893773));
#176 = VECTOR('',#177,1.);
#177 = DIRECTION('',(1.,0.,2.729314534837E-16));
#178 = PCURVE('',#44,#179);
#179 = DEFINITIONAL_REPRESENTATION('',(#180),#184);
#180 = LINE('',#181,#182);
#181 = CARTESIAN_POINT('',(3.738384175377,-3.875833718396));
#182 = VECTOR('',#183,1.);
#183 = DIRECTION('',(-2.729314534837E-16,1.));
#184 = ( GEOMETRIC_REPRESENTATION_CONTEXT(2) 
PARAMETRIC_REPRESENTATION_CONTEXT() REPRESENTATION_CONTEXT('2D SPACE',''
  ) );
#185 = PCURVE('',#186,#191);
#186 = PLANE('',#187);
#187 = AXIS2_PLACEMENT_3D('',#188,#189,#190);
#188 = CARTESIAN_POINT('',(-7.614217893773,0.,-7.614217893773));
#189 = DIRECTION('',(0.,-1.,0.));
#190 = DIRECTION('',(1.,0.,2.729314534837E-16));
#191 = DEFINITIONAL_REPRESENTATION('',(#192),#196);
#192 = LINE('',#193,#194);
#193 = CARTESIAN_POINT('',(0.,0.));
#194 = VECTOR('',#195,1.);
#195 = DIRECTION('',(1.,0.));
#196 = ( GEOMETRIC_REPRESENTATION_CONTEXT(2) 
PARAMETRIC_REPRESENTATION_CONTEXT() REPRESENTATION_CONTEXT('2D SPACE',''
  ) );
#197 = ORIENTED_EDGE('',*,*,#198,.F.);
#198 = EDGE_CURVE('',#24,#171,#199,.T.);
#199 = SURFACE_CURVE('',#200,(#205,#212),.PCURVE_S1.);
#200 = CIRCLE('',#201,4.36);
#201 = AXIS2_PLACEMENT_3D('',#202,#203,#204);
#202 = CARTESIAN_POINT('',(0.,0.,-7.614217893773));
#203 = DIRECTION('',(0.,-1.,-0.));
#204 = DIRECTION('',(0.,0.,-1.));
#205 = PCURVE('',#44,#206);
#206 = DEFINITIONAL_REPRESENTATION('',(#207),#211);
#207 = CIRCLE('',#208,4.36);
#208 = AXIS2_PLACEMENT_2D('',#209,#210);
#209 = CARTESIAN_POINT('',(3.738384175377,3.738384175377));
#210 = DIRECTION('',(1.,0.));
#211 = ( GEOMETRIC_REPRESENTATION_CONTEXT(2) 
PARAMETRIC_REPRESENTATION_CONTEXT() REPRESENTATION_CONTEXT('2D SPACE',''
  ) );
#212 = PCURVE('',#213,#218);
#213 = CYLINDRICAL_SURFACE('',#214,4.36);
#214 = AXIS2_PLACEMENT_3D('',#215,#216,#217);
#215 = CARTESIAN_POINT('',(0.,0.,-7.614217893773));
#216 = DIRECTION('',(0.,-1.,-0.));
#217 = DIRECTION('',(0.,0.,-1.));
#218 = DEFINITIONAL_REPRESENTATION('',(#219),#223);
#219 = LINE('',#220,#221);
#220 = CARTESIAN_POINT('',(0.,0.));
#221 = VECTOR('',#222,1.);
#222 = DIRECTION('',(1.,0.));
#223 = ( GEOMETRIC_REPRESENTATION_CONTEXT(2) 
PARAMETRIC_REPRESENTATION_CONTEXT() REPRESENTATION_CONTEXT('2D SPACE',''
  ) );
#224 = ORIENTED_EDGE('',*,*,#21,.F.);
#225 = ADVANCED_FACE('',(#226),#100,.T.);
#226 = FACE_BOUND('',#227,.T.);
#227 = EDGE_LOOP('',(#228,#257,#285,#312));
#228 = ORIENTED_EDGE('',*,*,#229,.T.);
#229 = EDGE_CURVE('',#57,#230,#232,.T.);
#230 = VERTEX_POINT('',#231);
#231 = CARTESIAN_POINT('',(236.84138203854,0.,7.891053113603E-03));
#232 = SURFACE_CURVE('',#233,(#238,#245),.PCURVE_S1.);
#233 = CIRCLE('',#234,6.524217893773);
#234 = AXIS2_PLACEMENT_3D('',#235,#236,#237);
#235 = CARTESIAN_POINT('',(231.19124360271,0.,3.27));
#236 = DIRECTION('',(0.,-1.,0.));
#237 = DIRECTION('',(0.,0.,1.));
#238 = PCURVE('',#100,#239);
#239 = DEFINITIONAL_REPRESENTATION('',(#240),#244);
#240 = CIRCLE('',#241,6.524217893773);
#241 = AXIS2_PLACEMENT_2D('',#242,#243);
#242 = CARTESIAN_POINT('',(-4.148091169376,-2.394901553262));
#243 = DIRECTION('',(-1.,0.));
#244 = ( GEOMETRIC_REPRESENTATION_CONTEXT(2) 
PARAMETRIC_REPRESENTATION_CONTEXT() REPRESENTATION_CONTEXT('2D SPACE',''
  ) );
#245 = PCURVE('',#246,#251);
#246 = CYLINDRICAL_SURFACE('',#247,6.524217893773);
#247 = AXIS2_PLACEMENT_3D('',#248,#249,#250);
#248 = CARTESIAN_POINT('',(231.19124360271,0.,3.27));
#249 = DIRECTION('',(0.,-1.,0.));
#250 = DIRECTION('',(0.,0.,1.));
#251 = DEFINITIONAL_REPRESENTATION('',(#252),#256);
#252 = LINE('',#253,#254);
#253 = CARTESIAN_POINT('',(0.,0.));
#254 = VECTOR('',#255,1.);
#255 = DIRECTION('',(1.,0.));
#256 = ( GEOMETRIC_REPRESENTATION_CONTEXT(2) 
PARAMETRIC_REPRESENTATION_CONTEXT() REPRESENTATION_CONTEXT('2D SPACE',''
  ) );
#257 = ORIENTED_EDGE('',*,*,#258,.T.);
#258 = EDGE_CURVE('',#230,#259,#261,.T.);
#259 = VERTEX_POINT('',#260);
#260 = CARTESIAN_POINT('',(234.02314667308,0.,1.635));
#261 = SURFACE_CURVE('',#262,(#266,#273),.PCURVE_S1.);
#262 = LINE('',#263,#264);
#263 = CARTESIAN_POINT('',(236.84138203854,0.,7.891053113604E-03));
#264 = VECTOR('',#265,1.);
#265 = DIRECTION('',(-0.866025403784,0.,0.5));
#266 = PCURVE('',#100,#267);
#267 = DEFINITIONAL_REPRESENTATION('',(#268),#272);
#268 = LINE('',#269,#270);
#269 = CARTESIAN_POINT('',(-0.88598222249,3.25523688257));
#270 = VECTOR('',#271,1.);
#271 = DIRECTION('',(-0.5,-0.866025403784));
#272 = ( GEOMETRIC_REPRESENTATION_CONTEXT(2) 
PARAMETRIC_REPRESENTATION_CONTEXT() REPRESENTATION_CONTEXT('2D SPACE',''
  ) );
#273 = PCURVE('',#274,#279);
#274 = PLANE('',#275);
#275 = AXIS2_PLACEMENT_3D('',#276,#277,#278);
#276 = CARTESIAN_POINT('',(236.84138203854,0.,7.891053113604E-03));
#277 = DIRECTION('',(0.,-1.,0.));
#278 = DIRECTION('',(-0.866025403784,0.,0.5));
#279 = DEFINITIONAL_REPRESENTATION('',(#280),#284);
#280 = LINE('',#281,#282);
#281 = CARTESIAN_POINT('',(0.,-0.));
#282 = VECTOR('',#283,1.);
#283 = DIRECTION('',(1.,0.));
#284 = ( GEOMETRIC_REPRESENTATION_CONTEXT(2) 
PARAMETRIC_REPRESENTATION_CONTEXT() REPRESENTATION_CONTEXT('2D SPACE',''
  ) );
#285 = ORIENTED_EDGE('',*,*,#286,.F.);
#286 = EDGE_CURVE('',#85,#259,#287,.T.);
#287 = SURFACE_CURVE('',#288,(#293,#300),.PCURVE_S1.);
#288 = CIRCLE('',#289,3.27);
#289 = AXIS2_PLACEMENT_3D('',#290,#291,#292);
#290 = CARTESIAN_POINT('',(231.19124360271,0.,3.27));
#291 = DIRECTION('',(0.,-1.,0.));
#292 = DIRECTION('',(0.,0.,1.));
#293 = PCURVE('',#100,#294);
#294 = DEFINITIONAL_REPRESENTATION('',(#295),#299);
#295 = CIRCLE('',#296,3.27);
#296 = AXIS2_PLACEMENT_2D('',#297,#298);
#297 = CARTESIAN_POINT('',(-4.148091169376,-2.394901553262));
#298 = DIRECTION('',(-1.,0.));
#299 = ( GEOMETRIC_REPRESENTATION_CONTEXT(2) 
PARAMETRIC_REPRESENTATION_CONTEXT() REPRESENTATION_CONTEXT('2D SPACE',''
  ) );
#300 = PCURVE('',#301,#306);
#301 = CYLINDRICAL_SURFACE('',#302,3.27);
#302 = AXIS2_PLACEMENT_3D('',#303,#304,#305);
#303 = CARTESIAN_POINT('',(231.19124360271,0.,3.27));
#304 = DIRECTION('',(0.,-1.,0.));
#305 = DIRECTION('',(0.,0.,1.));
#306 = DEFINITIONAL_REPRESENTATION('',(#307),#311);
#307 = LINE('',#308,#309);
#308 = CARTESIAN_POINT('',(0.,0.));
#309 = VECTOR('',#310,1.);
#310 = DIRECTION('',(1.,0.));
#311 = ( GEOMETRIC_REPRESENTATION_CONTEXT(2) 
PARAMETRIC_REPRESENTATION_CONTEXT() REPRESENTATION_CONTEXT('2D SPACE',''
  ) );
#312 = ORIENTED_EDGE('',*,*,#84,.T.);
#313 = ADVANCED_FACE('',(#314),#126,.T.);
#314 = FACE_BOUND('',#315,.T.);
#315 = EDGE_LOOP('',(#316,#317,#339,#366));
#316 = ORIENTED_EDGE('',*,*,#112,.T.);
#317 = ORIENTED_EDGE('',*,*,#318,.T.);
#318 = EDGE_CURVE('',#85,#319,#321,.T.);
#319 = VERTEX_POINT('',#320);
#320 = CARTESIAN_POINT('',(231.19124360271,171.22046067492,
    1.761611848744E-18));
#321 = SURFACE_CURVE('',#322,(#326,#333),.PCURVE_S1.);
#322 = LINE('',#323,#324);
#323 = CARTESIAN_POINT('',(231.19124360271,0.,0.));
#324 = VECTOR('',#325,1.);
#325 = DIRECTION('',(0.,1.,0.));
#326 = PCURVE('',#126,#327);
#327 = DEFINITIONAL_REPRESENTATION('',(#328),#332);
#328 = LINE('',#329,#330);
#329 = CARTESIAN_POINT('',(115.59562180135,-85.61023033746));
#330 = VECTOR('',#331,1.);
#331 = DIRECTION('',(0.,1.));
#332 = ( GEOMETRIC_REPRESENTATION_CONTEXT(2) 
PARAMETRIC_REPRESENTATION_CONTEXT() REPRESENTATION_CONTEXT('2D SPACE',''
  ) );
#333 = PCURVE('',#301,#334);
#334 = DEFINITIONAL_REPRESENTATION('',(#335),#338);
#335 = B_SPLINE_CURVE_WITH_KNOTS('',1,(#336,#337),.UNSPECIFIED.,.F.,.F.,
  (2,2),(0.,171.22046067492),.PIECEWISE_BEZIER_KNOTS.);
#336 = CARTESIAN_POINT('',(3.14159265359,0.));
#337 = CARTESIAN_POINT('',(3.14159265359,-171.2204606749));
#338 = ( GEOMETRIC_REPRESENTATION_CONTEXT(2) 
PARAMETRIC_REPRESENTATION_CONTEXT() REPRESENTATION_CONTEXT('2D SPACE',''
  ) );
#339 = ORIENTED_EDGE('',*,*,#340,.F.);
#340 = EDGE_CURVE('',#341,#319,#343,.T.);
#341 = VERTEX_POINT('',#342);
#342 = CARTESIAN_POINT('',(3.108242501208E-16,171.22046067492,0.));
#343 = SURFACE_CURVE('',#344,(#348,#355),.PCURVE_S1.);
#344 = LINE('',#345,#346);
#345 = CARTESIAN_POINT('',(0.,171.22046067492,0.));
#346 = VECTOR('',#347,1.);
#347 = DIRECTION('',(1.,0.,0.));
#348 = PCURVE('',#126,#349);
#349 = DEFINITIONAL_REPRESENTATION('',(#350),#354);
#350 = LINE('',#351,#352);
#351 = CARTESIAN_POINT('',(-115.5956218013,85.610230337464));
#352 = VECTOR('',#353,1.);
#353 = DIRECTION('',(1.,0.));
#354 = ( GEOMETRIC_REPRESENTATION_CONTEXT(2) 
PARAMETRIC_REPRESENTATION_CONTEXT() REPRESENTATION_CONTEXT('2D SPACE',''
  ) );
#355 = PCURVE('',#356,#361);
#356 = CYLINDRICAL_SURFACE('',#357,6.664217893773);
#357 = AXIS2_PLACEMENT_3D('',#358,#359,#360);
#358 = CARTESIAN_POINT('',(0.,171.22046067492,-6.664217893773));
#359 = DIRECTION('',(-1.,-0.,0.));
#360 = DIRECTION('',(0.,-0.,-1.));
#361 = DEFINITIONAL_REPRESENTATION('',(#362),#365);
#362 = B_SPLINE_CURVE_WITH_KNOTS('',1,(#363,#364),.UNSPECIFIED.,.F.,.F.,
  (2,2),(0.,231.19124360271),.PIECEWISE_BEZIER_KNOTS.);
#363 = CARTESIAN_POINT('',(3.14159265359,0.));
#364 = CARTESIAN_POINT('',(3.14159265359,-231.1912436027));
#365 = ( GEOMETRIC_REPRESENTATION_CONTEXT(2) 
PARAMETRIC_REPRESENTATION_CONTEXT() REPRESENTATION_CONTEXT('2D SPACE',''
  ) );
#366 = ORIENTED_EDGE('',*,*,#367,.F.);
#367 = EDGE_CURVE('',#22,#341,#368,.T.);
#368 = SURFACE_CURVE('',#369,(#373,#380),.PCURVE_S1.);
#369 = LINE('',#370,#371);
#370 = CARTESIAN_POINT('',(0.,0.,0.));
#371 = VECTOR('',#372,1.);
#372 = DIRECTION('',(0.,1.,0.));
#373 = PCURVE('',#126,#374);
#374 = DEFINITIONAL_REPRESENTATION('',(#375),#379);
#375 = LINE('',#376,#377);
#376 = CARTESIAN_POINT('',(-115.5956218013,-85.61023033746));
#377 = VECTOR('',#378,1.);
#378 = DIRECTION('',(0.,1.));
#379 = ( GEOMETRIC_REPRESENTATION_CONTEXT(2) 
PARAMETRIC_REPRESENTATION_CONTEXT() REPRESENTATION_CONTEXT('2D SPACE',''
  ) );
#380 = PCURVE('',#158,#381);
#381 = DEFINITIONAL_REPRESENTATION('',(#382),#385);
#382 = B_SPLINE_CURVE_WITH_KNOTS('',1,(#383,#384),.UNSPECIFIED.,.F.,.F.,
  (2,2),(0.,171.22046067492),.PIECEWISE_BEZIER_KNOTS.);
#383 = CARTESIAN_POINT('',(3.14159265359,0.));
#384 = CARTESIAN_POINT('',(3.14159265359,-171.2204606749));
#385 = ( GEOMETRIC_REPRESENTATION_CONTEXT(2) 
PARAMETRIC_REPRESENTATION_CONTEXT() REPRESENTATION_CONTEXT('2D SPACE',''
  ) );
#386 = ADVANCED_FACE('',(#387),#72,.F.);
#387 = FACE_BOUND('',#388,.F.);
#388 = EDGE_LOOP('',(#389,#390,#412,#439));
#389 = ORIENTED_EDGE('',*,*,#56,.T.);
#390 = ORIENTED_EDGE('',*,*,#391,.T.);
#391 = EDGE_CURVE('',#57,#392,#394,.T.);
#392 = VERTEX_POINT('',#393);
#393 = CARTESIAN_POINT('',(231.19124360271,171.22046067492,
    -3.254217893773));
#394 = SURFACE_CURVE('',#395,(#399,#406),.PCURVE_S1.);
#395 = LINE('',#396,#397);
#396 = CARTESIAN_POINT('',(231.19124360271,0.,-3.254217893773));
#397 = VECTOR('',#398,1.);
#398 = DIRECTION('',(0.,1.,0.));
#399 = PCURVE('',#72,#400);
#400 = DEFINITIONAL_REPRESENTATION('',(#401),#405);
#401 = LINE('',#402,#403);
#402 = CARTESIAN_POINT('',(115.59562180135,-85.61023033746));
#403 = VECTOR('',#404,1.);
#404 = DIRECTION('',(0.,1.));
#405 = ( GEOMETRIC_REPRESENTATION_CONTEXT(2) 
PARAMETRIC_REPRESENTATION_CONTEXT() REPRESENTATION_CONTEXT('2D SPACE',''
  ) );
#406 = PCURVE('',#246,#407);
#407 = DEFINITIONAL_REPRESENTATION('',(#408),#411);
#408 = B_SPLINE_CURVE_WITH_KNOTS('',1,(#409,#410),.UNSPECIFIED.,.F.,.F.,
  (2,2),(0.,171.22046067492),.PIECEWISE_BEZIER_KNOTS.);
#409 = CARTESIAN_POINT('',(3.14159265359,0.));
#410 = CARTESIAN_POINT('',(3.14159265359,-171.2204606749));
#411 = ( GEOMETRIC_REPRESENTATION_CONTEXT(2) 
PARAMETRIC_REPRESENTATION_CONTEXT() REPRESENTATION_CONTEXT('2D SPACE',''
  ) );
#412 = ORIENTED_EDGE('',*,*,#413,.F.);
#413 = EDGE_CURVE('',#414,#392,#416,.T.);
#414 = VERTEX_POINT('',#415);
#415 = CARTESIAN_POINT('',(1.423141996177E-16,171.22046067492,
    -3.254217893773));
#416 = SURFACE_CURVE('',#417,(#421,#428),.PCURVE_S1.);
#417 = LINE('',#418,#419);
#418 = CARTESIAN_POINT('',(0.,171.22046067492,-3.254217893773));
#419 = VECTOR('',#420,1.);
#420 = DIRECTION('',(1.,0.,0.));
#421 = PCURVE('',#72,#422);
#422 = DEFINITIONAL_REPRESENTATION('',(#423),#427);
#423 = LINE('',#424,#425);
#424 = CARTESIAN_POINT('',(-115.5956218013,85.610230337464));
#425 = VECTOR('',#426,1.);
#426 = DIRECTION('',(1.,0.));
#427 = ( GEOMETRIC_REPRESENTATION_CONTEXT(2) 
PARAMETRIC_REPRESENTATION_CONTEXT() REPRESENTATION_CONTEXT('2D SPACE',''
  ) );
#428 = PCURVE('',#429,#434);
#429 = CYLINDRICAL_SURFACE('',#430,3.41);
#430 = AXIS2_PLACEMENT_3D('',#431,#432,#433);
#431 = CARTESIAN_POINT('',(0.,171.22046067492,-6.664217893773));
#432 = DIRECTION('',(-1.,-0.,0.));
#433 = DIRECTION('',(0.,-0.,-1.));
#434 = DEFINITIONAL_REPRESENTATION('',(#435),#438);
#435 = B_SPLINE_CURVE_WITH_KNOTS('',1,(#436,#437),.UNSPECIFIED.,.F.,.F.,
  (2,2),(0.,231.19124360271),.PIECEWISE_BEZIER_KNOTS.);
#436 = CARTESIAN_POINT('',(3.14159265359,0.));
#437 = CARTESIAN_POINT('',(3.14159265359,-231.1912436027));
#438 = ( GEOMETRIC_REPRESENTATION_CONTEXT(2) 
PARAMETRIC_REPRESENTATION_CONTEXT() REPRESENTATION_CONTEXT('2D SPACE',''
  ) );
#439 = ORIENTED_EDGE('',*,*,#440,.F.);
#440 = EDGE_CURVE('',#24,#414,#441,.T.);
#441 = SURFACE_CURVE('',#442,(#446,#453),.PCURVE_S1.);
#442 = LINE('',#443,#444);
#443 = CARTESIAN_POINT('',(0.,0.,-3.254217893773));
#444 = VECTOR('',#445,1.);
#445 = DIRECTION('',(0.,1.,0.));
#446 = PCURVE('',#72,#447);
#447 = DEFINITIONAL_REPRESENTATION('',(#448),#452);
#448 = LINE('',#449,#450);
#449 = CARTESIAN_POINT('',(-115.5956218013,-85.61023033746));
#450 = VECTOR('',#451,1.);
#451 = DIRECTION('',(0.,1.));
#452 = ( GEOMETRIC_REPRESENTATION_CONTEXT(2) 
PARAMETRIC_REPRESENTATION_CONTEXT() REPRESENTATION_CONTEXT('2D SPACE',''
  ) );
#453 = PCURVE('',#213,#454);
#454 = DEFINITIONAL_REPRESENTATION('',(#455),#458);
#455 = B_SPLINE_CURVE_WITH_KNOTS('',1,(#456,#457),.UNSPECIFIED.,.F.,.F.,
  (2,2),(0.,171.22046067492),.PIECEWISE_BEZIER_KNOTS.);
#456 = CARTESIAN_POINT('',(3.14159265359,0.));
#457 = CARTESIAN_POINT('',(3.14159265359,-171.2204606749));
#458 = ( GEOMETRIC_REPRESENTATION_CONTEXT(2) 
PARAMETRIC_REPRESENTATION_CONTEXT() REPRESENTATION_CONTEXT('2D SPACE',''
  ) );
#459 = ADVANCED_FACE('',(#460),#158,.T.);
#460 = FACE_BOUND('',#461,.T.);
#461 = EDGE_LOOP('',(#462,#463,#492,#518));
#462 = ORIENTED_EDGE('',*,*,#367,.T.);
#463 = ORIENTED_EDGE('',*,*,#464,.T.);
#464 = EDGE_CURVE('',#341,#465,#467,.T.);
#465 = VERTEX_POINT('',#466);
#466 = CARTESIAN_POINT('',(-7.614217893773,171.22046067492,
    -7.614217893773));
#467 = SURFACE_CURVE('',#468,(#473,#480),.PCURVE_S1.);
#468 = CIRCLE('',#469,7.614217893773);
#469 = AXIS2_PLACEMENT_3D('',#470,#471,#472);
#470 = CARTESIAN_POINT('',(0.,171.22046067492,-7.614217893773));
#471 = DIRECTION('',(0.,-1.,-0.));
#472 = DIRECTION('',(0.,0.,-1.));
#473 = PCURVE('',#158,#474);
#474 = DEFINITIONAL_REPRESENTATION('',(#475),#479);
#475 = LINE('',#476,#477);
#476 = CARTESIAN_POINT('',(0.,-171.2204606749));
#477 = VECTOR('',#478,1.);
#478 = DIRECTION('',(1.,0.));
#479 = ( GEOMETRIC_REPRESENTATION_CONTEXT(2) 
PARAMETRIC_REPRESENTATION_CONTEXT() REPRESENTATION_CONTEXT('2D SPACE',''
  ) );
#480 = PCURVE('',#481,#486);
#481 = PLANE('',#482);
#482 = AXIS2_PLACEMENT_3D('',#483,#484,#485);
#483 = CARTESIAN_POINT('',(-3.738384175377,171.22046067492,
    -3.875833718396));
#484 = DIRECTION('',(-0.,-1.,-0.));
#485 = DIRECTION('',(0.,0.,-1.));
#486 = DEFINITIONAL_REPRESENTATION('',(#487),#491);
#487 = CIRCLE('',#488,7.614217893773);
#488 = AXIS2_PLACEMENT_2D('',#489,#490);
#489 = CARTESIAN_POINT('',(3.738384175377,3.738384175377));
#490 = DIRECTION('',(1.,0.));
#491 = ( GEOMETRIC_REPRESENTATION_CONTEXT(2) 
PARAMETRIC_REPRESENTATION_CONTEXT() REPRESENTATION_CONTEXT('2D SPACE',''
  ) );
#492 = ORIENTED_EDGE('',*,*,#493,.F.);
#493 = EDGE_CURVE('',#142,#465,#494,.T.);
#494 = SURFACE_CURVE('',#495,(#499,#506),.PCURVE_S1.);
#495 = LINE('',#496,#497);
#496 = CARTESIAN_POINT('',(-7.614217893773,0.,-7.614217893773));
#497 = VECTOR('',#498,1.);
#498 = DIRECTION('',(0.,1.,0.));
#499 = PCURVE('',#158,#500);
#500 = DEFINITIONAL_REPRESENTATION('',(#501),#505);
#501 = LINE('',#502,#503);
#502 = CARTESIAN_POINT('',(4.712388980385,0.));
#503 = VECTOR('',#504,1.);
#504 = DIRECTION('',(0.,-1.));
#505 = ( GEOMETRIC_REPRESENTATION_CONTEXT(2) 
PARAMETRIC_REPRESENTATION_CONTEXT() REPRESENTATION_CONTEXT('2D SPACE',''
  ) );
#506 = PCURVE('',#507,#512);
#507 = PLANE('',#508);
#508 = AXIS2_PLACEMENT_3D('',#509,#510,#511);
#509 = CARTESIAN_POINT('',(-7.614217893773,0.,-7.614217893773));
#510 = DIRECTION('',(1.,-0.,0.));
#511 = DIRECTION('',(0.,1.,0.));
#512 = DEFINITIONAL_REPRESENTATION('',(#513),#517);
#513 = LINE('',#514,#515);
#514 = CARTESIAN_POINT('',(0.,8.881784197001E-16));
#515 = VECTOR('',#516,1.);
#516 = DIRECTION('',(1.,0.));
#517 = ( GEOMETRIC_REPRESENTATION_CONTEXT(2) 
PARAMETRIC_REPRESENTATION_CONTEXT() REPRESENTATION_CONTEXT('2D SPACE',''
  ) );
#518 = ORIENTED_EDGE('',*,*,#141,.F.);
#519 = ADVANCED_FACE('',(#520),#186,.T.);
#520 = FACE_BOUND('',#521,.T.);
#521 = EDGE_LOOP('',(#522,#545,#573,#599));
#522 = ORIENTED_EDGE('',*,*,#523,.T.);
#523 = EDGE_CURVE('',#142,#524,#526,.T.);
#524 = VERTEX_POINT('',#525);
#525 = CARTESIAN_POINT('',(-7.614217893773,0.,-124.6142178937));
#526 = SURFACE_CURVE('',#527,(#531,#538),.PCURVE_S1.);
#527 = LINE('',#528,#529);
#528 = CARTESIAN_POINT('',(-7.614217893773,0.,-7.614217893773));
#529 = VECTOR('',#530,1.);
#530 = DIRECTION('',(0.,0.,-1.));
#531 = PCURVE('',#186,#532);
#532 = DEFINITIONAL_REPRESENTATION('',(#533),#537);
#533 = LINE('',#534,#535);
#534 = CARTESIAN_POINT('',(0.,0.));
#535 = VECTOR('',#536,1.);
#536 = DIRECTION('',(-2.729314534837E-16,-1.));
#537 = ( GEOMETRIC_REPRESENTATION_CONTEXT(2) 
PARAMETRIC_REPRESENTATION_CONTEXT() REPRESENTATION_CONTEXT('2D SPACE',''
  ) );
#538 = PCURVE('',#507,#539);
#539 = DEFINITIONAL_REPRESENTATION('',(#540),#544);
#540 = LINE('',#541,#542);
#541 = CARTESIAN_POINT('',(0.,0.));
#542 = VECTOR('',#543,1.);
#543 = DIRECTION('',(0.,-1.));
#544 = ( GEOMETRIC_REPRESENTATION_CONTEXT(2) 
PARAMETRIC_REPRESENTATION_CONTEXT() REPRESENTATION_CONTEXT('2D SPACE',''
  ) );
#545 = ORIENTED_EDGE('',*,*,#546,.T.);
#546 = EDGE_CURVE('',#524,#547,#549,.T.);
#547 = VERTEX_POINT('',#548);
#548 = CARTESIAN_POINT('',(-4.36,0.,-124.6142178937));
#549 = SURFACE_CURVE('',#550,(#554,#561),.PCURVE_S1.);
#550 = LINE('',#551,#552);
#551 = CARTESIAN_POINT('',(-7.614217893773,0.,-124.6142178937));
#552 = VECTOR('',#553,1.);
#553 = DIRECTION('',(1.,0.,2.729314534837E-16));
#554 = PCURVE('',#186,#555);
#555 = DEFINITIONAL_REPRESENTATION('',(#556),#560);
#556 = LINE('',#557,#558);
#557 = CARTESIAN_POINT('',(-3.193298005759E-14,-117.));
#558 = VECTOR('',#559,1.);
#559 = DIRECTION('',(1.,0.));
#560 = ( GEOMETRIC_REPRESENTATION_CONTEXT(2) 
PARAMETRIC_REPRESENTATION_CONTEXT() REPRESENTATION_CONTEXT('2D SPACE',''
  ) );
#561 = PCURVE('',#562,#567);
#562 = PLANE('',#563);
#563 = AXIS2_PLACEMENT_3D('',#564,#565,#566);
#564 = CARTESIAN_POINT('',(-6.070509835096,0.,-125.9924703141));
#565 = DIRECTION('',(0.,1.,0.));
#566 = DIRECTION('',(0.,-0.,1.));
#567 = DEFINITIONAL_REPRESENTATION('',(#568),#572);
#568 = LINE('',#569,#570);
#569 = CARTESIAN_POINT('',(1.378252420424,-1.543708058677));
#570 = VECTOR('',#571,1.);
#571 = DIRECTION('',(2.729314534837E-16,1.));
#572 = ( GEOMETRIC_REPRESENTATION_CONTEXT(2) 
PARAMETRIC_REPRESENTATION_CONTEXT() REPRESENTATION_CONTEXT('2D SPACE',''
  ) );
#573 = ORIENTED_EDGE('',*,*,#574,.F.);
#574 = EDGE_CURVE('',#171,#547,#575,.T.);
#575 = SURFACE_CURVE('',#576,(#580,#587),.PCURVE_S1.);
#576 = LINE('',#577,#578);
#577 = CARTESIAN_POINT('',(-4.36,0.,-7.614217893773));
#578 = VECTOR('',#579,1.);
#579 = DIRECTION('',(0.,0.,-1.));
#580 = PCURVE('',#186,#581);
#581 = DEFINITIONAL_REPRESENTATION('',(#582),#586);
#582 = LINE('',#583,#584);
#583 = CARTESIAN_POINT('',(3.254217893773,0.));
#584 = VECTOR('',#585,1.);
#585 = DIRECTION('',(-2.729314534837E-16,-1.));
#586 = ( GEOMETRIC_REPRESENTATION_CONTEXT(2) 
PARAMETRIC_REPRESENTATION_CONTEXT() REPRESENTATION_CONTEXT('2D SPACE',''
  ) );
#587 = PCURVE('',#588,#593);
#588 = PLANE('',#589);
#589 = AXIS2_PLACEMENT_3D('',#590,#591,#592);
#590 = CARTESIAN_POINT('',(-4.36,0.,-7.614217893773));
#591 = DIRECTION('',(1.,-0.,0.));
#592 = DIRECTION('',(0.,1.,0.));
#593 = DEFINITIONAL_REPRESENTATION('',(#594),#598);
#594 = LINE('',#595,#596);
#595 = CARTESIAN_POINT('',(0.,0.));
#596 = VECTOR('',#597,1.);
#597 = DIRECTION('',(0.,-1.));
#598 = ( GEOMETRIC_REPRESENTATION_CONTEXT(2) 
PARAMETRIC_REPRESENTATION_CONTEXT() REPRESENTATION_CONTEXT('2D SPACE',''
  ) );
#599 = ORIENTED_EDGE('',*,*,#170,.F.);
#600 = ADVANCED_FACE('',(#601),#213,.F.);
#601 = FACE_BOUND('',#602,.F.);
#602 = EDGE_LOOP('',(#603,#604,#628,#649));
#603 = ORIENTED_EDGE('',*,*,#440,.T.);
#604 = ORIENTED_EDGE('',*,*,#605,.T.);
#605 = EDGE_CURVE('',#414,#606,#608,.T.);
#606 = VERTEX_POINT('',#607);
#607 = CARTESIAN_POINT('',(-4.36,171.22046067492,-7.614217893773));
#608 = SURFACE_CURVE('',#609,(#614,#621),.PCURVE_S1.);
#609 = CIRCLE('',#610,4.36);
#610 = AXIS2_PLACEMENT_3D('',#611,#612,#613);
#611 = CARTESIAN_POINT('',(0.,171.22046067492,-7.614217893773));
#612 = DIRECTION('',(0.,-1.,-0.));
#613 = DIRECTION('',(0.,0.,-1.));
#614 = PCURVE('',#213,#615);
#615 = DEFINITIONAL_REPRESENTATION('',(#616),#620);
#616 = LINE('',#617,#618);
#617 = CARTESIAN_POINT('',(0.,-171.2204606749));
#618 = VECTOR('',#619,1.);
#619 = DIRECTION('',(1.,0.));
#620 = ( GEOMETRIC_REPRESENTATION_CONTEXT(2) 
PARAMETRIC_REPRESENTATION_CONTEXT() REPRESENTATION_CONTEXT('2D SPACE',''
  ) );
#621 = PCURVE('',#481,#622);
#622 = DEFINITIONAL_REPRESENTATION('',(#623),#627);
#623 = CIRCLE('',#624,4.36);
#624 = AXIS2_PLACEMENT_2D('',#625,#626);
#625 = CARTESIAN_POINT('',(3.738384175377,3.738384175377));
#626 = DIRECTION('',(1.,0.));
#627 = ( GEOMETRIC_REPRESENTATION_CONTEXT(2) 
PARAMETRIC_REPRESENTATION_CONTEXT() REPRESENTATION_CONTEXT('2D SPACE',''
  ) );
#628 = ORIENTED_EDGE('',*,*,#629,.F.);
#629 = EDGE_CURVE('',#171,#606,#630,.T.);
#630 = SURFACE_CURVE('',#631,(#635,#642),.PCURVE_S1.);
#631 = LINE('',#632,#633);
#632 = CARTESIAN_POINT('',(-4.36,0.,-7.614217893773));
#633 = VECTOR('',#634,1.);
#634 = DIRECTION('',(0.,1.,0.));
#635 = PCURVE('',#213,#636);
#636 = DEFINITIONAL_REPRESENTATION('',(#637),#641);
#637 = LINE('',#638,#639);
#638 = CARTESIAN_POINT('',(4.712388980385,0.));
#639 = VECTOR('',#640,1.);
#640 = DIRECTION('',(0.,-1.));
#641 = ( GEOMETRIC_REPRESENTATION_CONTEXT(2) 
PARAMETRIC_REPRESENTATION_CONTEXT() REPRESENTATION_CONTEXT('2D SPACE',''
  ) );
#642 = PCURVE('',#588,#643);
#643 = DEFINITIONAL_REPRESENTATION('',(#644),#648);
#644 = LINE('',#645,#646);
#645 = CARTESIAN_POINT('',(0.,0.));
#646 = VECTOR('',#647,1.);
#647 = DIRECTION('',(1.,0.));
#648 = ( GEOMETRIC_REPRESENTATION_CONTEXT(2) 
PARAMETRIC_REPRESENTATION_CONTEXT() REPRESENTATION_CONTEXT('2D SPACE',''
  ) );
#649 = ORIENTED_EDGE('',*,*,#198,.F.);
#650 = ADVANCED_FACE('',(#651),#246,.T.);
#651 = FACE_BOUND('',#652,.T.);
#652 = EDGE_LOOP('',(#653,#654,#683,#709));
#653 = ORIENTED_EDGE('',*,*,#391,.T.);
#654 = ORIENTED_EDGE('',*,*,#655,.T.);
#655 = EDGE_CURVE('',#392,#656,#658,.T.);
#656 = VERTEX_POINT('',#657);
#657 = CARTESIAN_POINT('',(236.84138203854,171.22046067492,
    7.891053113603E-03));
#658 = SURFACE_CURVE('',#659,(#664,#671),.PCURVE_S1.);
#659 = CIRCLE('',#660,6.524217893773);
#660 = AXIS2_PLACEMENT_3D('',#661,#662,#663);
#661 = CARTESIAN_POINT('',(231.19124360271,171.22046067492,3.27));
#662 = DIRECTION('',(0.,-1.,0.));
#663 = DIRECTION('',(0.,0.,1.));
#664 = PCURVE('',#246,#665);
#665 = DEFINITIONAL_REPRESENTATION('',(#666),#670);
#666 = LINE('',#667,#668);
#667 = CARTESIAN_POINT('',(0.,-171.2204606749));
#668 = VECTOR('',#669,1.);
#669 = DIRECTION('',(1.,0.));
#670 = ( GEOMETRIC_REPRESENTATION_CONTEXT(2) 
PARAMETRIC_REPRESENTATION_CONTEXT() REPRESENTATION_CONTEXT('2D SPACE',''
  ) );
#671 = PCURVE('',#672,#677);
#672 = PLANE('',#673);
#673 = AXIS2_PLACEMENT_3D('',#674,#675,#676);
#674 = CARTESIAN_POINT('',(233.58614515597,171.22046067492,
    -0.878091169376));
#675 = DIRECTION('',(-0.,-1.,-0.));
#676 = DIRECTION('',(0.,0.,-1.));
#677 = DEFINITIONAL_REPRESENTATION('',(#678),#682);
#678 = CIRCLE('',#679,6.524217893773);
#679 = AXIS2_PLACEMENT_2D('',#680,#681);
#680 = CARTESIAN_POINT('',(-4.148091169376,-2.394901553262));
#681 = DIRECTION('',(-1.,0.));
#682 = ( GEOMETRIC_REPRESENTATION_CONTEXT(2) 
PARAMETRIC_REPRESENTATION_CONTEXT() REPRESENTATION_CONTEXT('2D SPACE',''
  ) );
#683 = ORIENTED_EDGE('',*,*,#684,.F.);
#684 = EDGE_CURVE('',#230,#656,#685,.T.);
#685 = SURFACE_CURVE('',#686,(#690,#697),.PCURVE_S1.);
#686 = LINE('',#687,#688);
#687 = CARTESIAN_POINT('',(236.84138203854,0.,7.891053113602E-03));
#688 = VECTOR('',#689,1.);
#689 = DIRECTION('',(0.,1.,0.));
#690 = PCURVE('',#246,#691);
#691 = DEFINITIONAL_REPRESENTATION('',(#692),#696);
#692 = LINE('',#693,#694);
#693 = CARTESIAN_POINT('',(4.188790204786,0.));
#694 = VECTOR('',#695,1.);
#695 = DIRECTION('',(0.,-1.));
#696 = ( GEOMETRIC_REPRESENTATION_CONTEXT(2) 
PARAMETRIC_REPRESENTATION_CONTEXT() REPRESENTATION_CONTEXT('2D SPACE',''
  ) );
#697 = PCURVE('',#698,#703);
#698 = PLANE('',#699);
#699 = AXIS2_PLACEMENT_3D('',#700,#701,#702);
#700 = CARTESIAN_POINT('',(236.84138203854,0.,7.891053113604E-03));
#701 = DIRECTION('',(-0.866025403784,0.,0.5));
#702 = DIRECTION('',(0.,1.,0.));
#703 = DEFINITIONAL_REPRESENTATION('',(#704),#708);
#704 = LINE('',#705,#706);
#705 = CARTESIAN_POINT('',(0.,1.442222014788E-15));
#706 = VECTOR('',#707,1.);
#707 = DIRECTION('',(1.,0.));
#708 = ( GEOMETRIC_REPRESENTATION_CONTEXT(2) 
PARAMETRIC_REPRESENTATION_CONTEXT() REPRESENTATION_CONTEXT('2D SPACE',''
  ) );
#709 = ORIENTED_EDGE('',*,*,#229,.F.);
#710 = ADVANCED_FACE('',(#711),#274,.T.);
#711 = FACE_BOUND('',#712,.T.);
#712 = EDGE_LOOP('',(#713,#736,#764,#790));
#713 = ORIENTED_EDGE('',*,*,#714,.T.);
#714 = EDGE_CURVE('',#230,#715,#717,.T.);
#715 = VERTEX_POINT('',#716);
#716 = CARTESIAN_POINT('',(320.84138203854,0.,145.50015888889));
#717 = SURFACE_CURVE('',#718,(#722,#729),.PCURVE_S1.);
#718 = LINE('',#719,#720);
#719 = CARTESIAN_POINT('',(236.84138203854,0.,7.891053113604E-03));
#720 = VECTOR('',#721,1.);
#721 = DIRECTION('',(0.5,0.,0.866025403784));
#722 = PCURVE('',#274,#723);
#723 = DEFINITIONAL_REPRESENTATION('',(#724),#728);
#724 = LINE('',#725,#726);
#725 = CARTESIAN_POINT('',(0.,-0.));
#726 = VECTOR('',#727,1.);
#727 = DIRECTION('',(8.326672684689E-16,-1.));
#728 = ( GEOMETRIC_REPRESENTATION_CONTEXT(2) 
PARAMETRIC_REPRESENTATION_CONTEXT() REPRESENTATION_CONTEXT('2D SPACE',''
  ) );
#729 = PCURVE('',#698,#730);
#730 = DEFINITIONAL_REPRESENTATION('',(#731),#735);
#731 = LINE('',#732,#733);
#732 = CARTESIAN_POINT('',(0.,0.));
#733 = VECTOR('',#734,1.);
#734 = DIRECTION('',(0.,-1.));
#735 = ( GEOMETRIC_REPRESENTATION_CONTEXT(2) 
PARAMETRIC_REPRESENTATION_CONTEXT() REPRESENTATION_CONTEXT('2D SPACE',''
  ) );
#736 = ORIENTED_EDGE('',*,*,#737,.F.);
#737 = EDGE_CURVE('',#738,#715,#740,.T.);
#738 = VERTEX_POINT('',#739);
#739 = CARTESIAN_POINT('',(318.02314667308,0.,147.12726783578));
#740 = SURFACE_CURVE('',#741,(#745,#752),.PCURVE_S1.);
#741 = LINE('',#742,#743);
#742 = CARTESIAN_POINT('',(318.02314667308,0.,147.12726783578));
#743 = VECTOR('',#744,1.);
#744 = DIRECTION('',(0.866025403784,0.,-0.5));
#745 = PCURVE('',#274,#746);
#746 = DEFINITIONAL_REPRESENTATION('',(#747),#751);
#747 = LINE('',#748,#749);
#748 = CARTESIAN_POINT('',(3.254217893773,-168.));
#749 = VECTOR('',#750,1.);
#750 = DIRECTION('',(-1.,0.));
#751 = ( GEOMETRIC_REPRESENTATION_CONTEXT(2) 
PARAMETRIC_REPRESENTATION_CONTEXT() REPRESENTATION_CONTEXT('2D SPACE',''
  ) );
#752 = PCURVE('',#753,#758);
#753 = PLANE('',#754);
#754 = AXIS2_PLACEMENT_3D('',#755,#756,#757);
#755 = CARTESIAN_POINT('',(322.95762124592,2.234524013795,
    147.83195181131));
#756 = DIRECTION('',(-0.29377051308,0.809194378737,-0.50882545442));
#757 = DIRECTION('',(0.,0.532313256154,0.846547457218));
#758 = DEFINITIONAL_REPRESENTATION('',(#759),#763);
#759 = LINE('',#760,#761);
#760 = CARTESIAN_POINT('',(-1.786015181369,-5.16225398014));
#761 = VECTOR('',#762,1.);
#762 = DIRECTION('',(-0.423273728609,0.906001849153));
#763 = ( GEOMETRIC_REPRESENTATION_CONTEXT(2) 
PARAMETRIC_REPRESENTATION_CONTEXT() REPRESENTATION_CONTEXT('2D SPACE',''
  ) );
#764 = ORIENTED_EDGE('',*,*,#765,.T.);
#765 = EDGE_CURVE('',#738,#259,#766,.T.);
#766 = SURFACE_CURVE('',#767,(#771,#778),.PCURVE_S1.);
#767 = LINE('',#768,#769);
#768 = CARTESIAN_POINT('',(318.02314667308,0.,147.12726783578));
#769 = VECTOR('',#770,1.);
#770 = DIRECTION('',(-0.5,0.,-0.866025403784));
#771 = PCURVE('',#274,#772);
#772 = DEFINITIONAL_REPRESENTATION('',(#773),#777);
#773 = LINE('',#774,#775);
#774 = CARTESIAN_POINT('',(3.254217893773,-168.));
#775 = VECTOR('',#776,1.);
#776 = DIRECTION('',(-1.054711873394E-15,1.));
#777 = ( GEOMETRIC_REPRESENTATION_CONTEXT(2) 
PARAMETRIC_REPRESENTATION_CONTEXT() REPRESENTATION_CONTEXT('2D SPACE',''
  ) );
#778 = PCURVE('',#779,#784);
#779 = PLANE('',#780);
#780 = AXIS2_PLACEMENT_3D('',#781,#782,#783);
#781 = CARTESIAN_POINT('',(234.02314667308,0.,1.635));
#782 = DIRECTION('',(-0.866025403784,0.,0.5));
#783 = DIRECTION('',(0.,1.,0.));
#784 = DEFINITIONAL_REPRESENTATION('',(#785),#789);
#785 = LINE('',#786,#787);
#786 = CARTESIAN_POINT('',(0.,-168.));
#787 = VECTOR('',#788,1.);
#788 = DIRECTION('',(0.,1.));
#789 = ( GEOMETRIC_REPRESENTATION_CONTEXT(2) 
PARAMETRIC_REPRESENTATION_CONTEXT() REPRESENTATION_CONTEXT('2D SPACE',''
  ) );
#790 = ORIENTED_EDGE('',*,*,#258,.F.);
#791 = ADVANCED_FACE('',(#792),#301,.F.);
#792 = FACE_BOUND('',#793,.F.);
#793 = EDGE_LOOP('',(#794,#795,#819,#840));
#794 = ORIENTED_EDGE('',*,*,#318,.T.);
#795 = ORIENTED_EDGE('',*,*,#796,.T.);
#796 = EDGE_CURVE('',#319,#797,#799,.T.);
#797 = VERTEX_POINT('',#798);
#798 = CARTESIAN_POINT('',(234.02314667308,171.22046067492,1.635));
#799 = SURFACE_CURVE('',#800,(#805,#812),.PCURVE_S1.);
#800 = CIRCLE('',#801,3.27);
#801 = AXIS2_PLACEMENT_3D('',#802,#803,#804);
#802 = CARTESIAN_POINT('',(231.19124360271,171.22046067492,3.27));
#803 = DIRECTION('',(0.,-1.,0.));
#804 = DIRECTION('',(0.,0.,1.));
#805 = PCURVE('',#301,#806);
#806 = DEFINITIONAL_REPRESENTATION('',(#807),#811);
#807 = LINE('',#808,#809);
#808 = CARTESIAN_POINT('',(0.,-171.2204606749));
#809 = VECTOR('',#810,1.);
#810 = DIRECTION('',(1.,0.));
#811 = ( GEOMETRIC_REPRESENTATION_CONTEXT(2) 
PARAMETRIC_REPRESENTATION_CONTEXT() REPRESENTATION_CONTEXT('2D SPACE',''
  ) );
#812 = PCURVE('',#672,#813);
#813 = DEFINITIONAL_REPRESENTATION('',(#814),#818);
#814 = CIRCLE('',#815,3.27);
#815 = AXIS2_PLACEMENT_2D('',#816,#817);
#816 = CARTESIAN_POINT('',(-4.148091169376,-2.394901553262));
#817 = DIRECTION('',(-1.,0.));
#818 = ( GEOMETRIC_REPRESENTATION_CONTEXT(2) 
PARAMETRIC_REPRESENTATION_CONTEXT() REPRESENTATION_CONTEXT('2D SPACE',''
  ) );
#819 = ORIENTED_EDGE('',*,*,#820,.F.);
#820 = EDGE_CURVE('',#259,#797,#821,.T.);
#821 = SURFACE_CURVE('',#822,(#826,#833),.PCURVE_S1.);
#822 = LINE('',#823,#824);
#823 = CARTESIAN_POINT('',(234.02314667308,0.,1.635));
#824 = VECTOR('',#825,1.);
#825 = DIRECTION('',(0.,1.,0.));
#826 = PCURVE('',#301,#827);
#827 = DEFINITIONAL_REPRESENTATION('',(#828),#832);
#828 = LINE('',#829,#830);
#829 = CARTESIAN_POINT('',(4.188790204786,0.));
#830 = VECTOR('',#831,1.);
#831 = DIRECTION('',(0.,-1.));
#832 = ( GEOMETRIC_REPRESENTATION_CONTEXT(2) 
PARAMETRIC_REPRESENTATION_CONTEXT() REPRESENTATION_CONTEXT('2D SPACE',''
  ) );
#833 = PCURVE('',#779,#834);
#834 = DEFINITIONAL_REPRESENTATION('',(#835),#839);
#835 = LINE('',#836,#837);
#836 = CARTESIAN_POINT('',(0.,7.691850745534E-16));
#837 = VECTOR('',#838,1.);
#838 = DIRECTION('',(1.,0.));
#839 = ( GEOMETRIC_REPRESENTATION_CONTEXT(2) 
PARAMETRIC_REPRESENTATION_CONTEXT() REPRESENTATION_CONTEXT('2D SPACE',''
  ) );
#840 = ORIENTED_EDGE('',*,*,#286,.F.);
#841 = ADVANCED_FACE('',(#842),#356,.T.);
#842 = FACE_BOUND('',#843,.T.);
#843 = EDGE_LOOP('',(#844,#845,#874,#902));
#844 = ORIENTED_EDGE('',*,*,#340,.T.);
#845 = ORIENTED_EDGE('',*,*,#846,.T.);
#846 = EDGE_CURVE('',#319,#847,#849,.T.);
#847 = VERTEX_POINT('',#848);
#848 = CARTESIAN_POINT('',(231.19124360271,175.93277433891,
    -1.951904229781));
#849 = SURFACE_CURVE('',#850,(#855,#862),.PCURVE_S1.);
#850 = CIRCLE('',#851,6.664217893773);
#851 = AXIS2_PLACEMENT_3D('',#852,#853,#854);
#852 = CARTESIAN_POINT('',(231.19124360271,171.22046067492,
    -6.664217893773));
#853 = DIRECTION('',(-1.,-0.,0.));
#854 = DIRECTION('',(0.,-0.,-1.));
#855 = PCURVE('',#356,#856);
#856 = DEFINITIONAL_REPRESENTATION('',(#857),#861);
#857 = LINE('',#858,#859);
#858 = CARTESIAN_POINT('',(0.,-231.1912436027));
#859 = VECTOR('',#860,1.);
#860 = DIRECTION('',(1.,0.));
#861 = ( GEOMETRIC_REPRESENTATION_CONTEXT(2) 
PARAMETRIC_REPRESENTATION_CONTEXT() REPRESENTATION_CONTEXT('2D SPACE',''
  ) );
#862 = PCURVE('',#863,#868);
#863 = PLANE('',#864);
#864 = AXIS2_PLACEMENT_3D('',#865,#866,#867);
#865 = CARTESIAN_POINT('',(231.19124360271,173.15571688169,
    -1.992096112723));
#866 = DIRECTION('',(-1.,-0.,-0.));
#867 = DIRECTION('',(0.,0.,-1.));
#868 = DEFINITIONAL_REPRESENTATION('',(#869),#873);
#869 = CIRCLE('',#870,6.664217893773);
#870 = AXIS2_PLACEMENT_2D('',#871,#872);
#871 = CARTESIAN_POINT('',(4.67212178105,1.93525620677));
#872 = DIRECTION('',(1.,0.));
#873 = ( GEOMETRIC_REPRESENTATION_CONTEXT(2) 
PARAMETRIC_REPRESENTATION_CONTEXT() REPRESENTATION_CONTEXT('2D SPACE',''
  ) );
#874 = ORIENTED_EDGE('',*,*,#875,.F.);
#875 = EDGE_CURVE('',#876,#847,#878,.T.);
#876 = VERTEX_POINT('',#877);
#877 = CARTESIAN_POINT('',(0.,175.93277433891,-1.951904229781));
#878 = SURFACE_CURVE('',#879,(#883,#890),.PCURVE_S1.);
#879 = LINE('',#880,#881);
#880 = CARTESIAN_POINT('',(0.,175.93277433891,-1.951904229781));
#881 = VECTOR('',#882,1.);
#882 = DIRECTION('',(1.,0.,0.));
#883 = PCURVE('',#356,#884);
#884 = DEFINITIONAL_REPRESENTATION('',(#885),#889);
#885 = LINE('',#886,#887);
#886 = CARTESIAN_POINT('',(3.926990816987,0.));
#887 = VECTOR('',#888,1.);
#888 = DIRECTION('',(0.,-1.));
#889 = ( GEOMETRIC_REPRESENTATION_CONTEXT(2) 
PARAMETRIC_REPRESENTATION_CONTEXT() REPRESENTATION_CONTEXT('2D SPACE',''
  ) );
#890 = PCURVE('',#891,#896);
#891 = PLANE('',#892);
#892 = AXIS2_PLACEMENT_3D('',#893,#894,#895);
#893 = CARTESIAN_POINT('',(0.,175.93277433891,-1.951904229781));
#894 = DIRECTION('',(0.,-0.707106781187,-0.707106781187));
#895 = DIRECTION('',(1.,0.,0.));
#896 = DEFINITIONAL_REPRESENTATION('',(#897),#901);
#897 = LINE('',#898,#899);
#898 = CARTESIAN_POINT('',(0.,3.140184917368E-16));
#899 = VECTOR('',#900,1.);
#900 = DIRECTION('',(1.,0.));
#901 = ( GEOMETRIC_REPRESENTATION_CONTEXT(2) 
PARAMETRIC_REPRESENTATION_CONTEXT() REPRESENTATION_CONTEXT('2D SPACE',''
  ) );
#902 = ORIENTED_EDGE('',*,*,#903,.F.);
#903 = EDGE_CURVE('',#341,#876,#904,.T.);
#904 = SURFACE_CURVE('',#905,(#910,#917),.PCURVE_S1.);
#905 = CIRCLE('',#906,6.664217893773);
#906 = AXIS2_PLACEMENT_3D('',#907,#908,#909);
#907 = CARTESIAN_POINT('',(0.,171.22046067492,-6.664217893773));
#908 = DIRECTION('',(-1.,-0.,0.));
#909 = DIRECTION('',(0.,-0.,-1.));
#910 = PCURVE('',#356,#911);
#911 = DEFINITIONAL_REPRESENTATION('',(#912),#916);
#912 = LINE('',#913,#914);
#913 = CARTESIAN_POINT('',(0.,0.));
#914 = VECTOR('',#915,1.);
#915 = DIRECTION('',(1.,0.));
#916 = ( GEOMETRIC_REPRESENTATION_CONTEXT(2) 
PARAMETRIC_REPRESENTATION_CONTEXT() REPRESENTATION_CONTEXT('2D SPACE',''
  ) );
#917 = PCURVE('',#918,#923);
#918 = PLANE('',#919);
#919 = AXIS2_PLACEMENT_3D('',#920,#921,#922);
#920 = CARTESIAN_POINT('',(0.,173.15571688169,-1.992096112723));
#921 = DIRECTION('',(-1.,-0.,-0.));
#922 = DIRECTION('',(0.,0.,-1.));
#923 = DEFINITIONAL_REPRESENTATION('',(#924),#928);
#924 = CIRCLE('',#925,6.664217893773);
#925 = AXIS2_PLACEMENT_2D('',#926,#927);
#926 = CARTESIAN_POINT('',(4.67212178105,1.93525620677));
#927 = DIRECTION('',(1.,0.));
#928 = ( GEOMETRIC_REPRESENTATION_CONTEXT(2) 
PARAMETRIC_REPRESENTATION_CONTEXT() REPRESENTATION_CONTEXT('2D SPACE',''
  ) );
#929 = ADVANCED_FACE('',(#930),#429,.F.);
#930 = FACE_BOUND('',#931,.F.);
#931 = EDGE_LOOP('',(#932,#933,#957,#985));
#932 = ORIENTED_EDGE('',*,*,#413,.T.);
#933 = ORIENTED_EDGE('',*,*,#934,.T.);
#934 = EDGE_CURVE('',#392,#935,#937,.T.);
#935 = VERTEX_POINT('',#936);
#936 = CARTESIAN_POINT('',(231.19124360271,173.63169479877,
    -4.252983769927));
#937 = SURFACE_CURVE('',#938,(#943,#950),.PCURVE_S1.);
#938 = CIRCLE('',#939,3.41);
#939 = AXIS2_PLACEMENT_3D('',#940,#941,#942);
#940 = CARTESIAN_POINT('',(231.19124360271,171.22046067492,
    -6.664217893773));
#941 = DIRECTION('',(-1.,-0.,0.));
#942 = DIRECTION('',(0.,-0.,-1.));
#943 = PCURVE('',#429,#944);
#944 = DEFINITIONAL_REPRESENTATION('',(#945),#949);
#945 = LINE('',#946,#947);
#946 = CARTESIAN_POINT('',(0.,-231.1912436027));
#947 = VECTOR('',#948,1.);
#948 = DIRECTION('',(1.,0.));
#949 = ( GEOMETRIC_REPRESENTATION_CONTEXT(2) 
PARAMETRIC_REPRESENTATION_CONTEXT() REPRESENTATION_CONTEXT('2D SPACE',''
  ) );
#950 = PCURVE('',#863,#951);
#951 = DEFINITIONAL_REPRESENTATION('',(#952),#956);
#952 = CIRCLE('',#953,3.41);
#953 = AXIS2_PLACEMENT_2D('',#954,#955);
#954 = CARTESIAN_POINT('',(4.67212178105,1.93525620677));
#955 = DIRECTION('',(1.,0.));
#956 = ( GEOMETRIC_REPRESENTATION_CONTEXT(2) 
PARAMETRIC_REPRESENTATION_CONTEXT() REPRESENTATION_CONTEXT('2D SPACE',''
  ) );
#957 = ORIENTED_EDGE('',*,*,#958,.F.);
#958 = EDGE_CURVE('',#959,#935,#961,.T.);
#959 = VERTEX_POINT('',#960);
#960 = CARTESIAN_POINT('',(0.,173.63169479877,-4.252983769927));
#961 = SURFACE_CURVE('',#962,(#966,#973),.PCURVE_S1.);
#962 = LINE('',#963,#964);
#963 = CARTESIAN_POINT('',(0.,173.63169479877,-4.252983769927));
#964 = VECTOR('',#965,1.);
#965 = DIRECTION('',(1.,0.,0.));
#966 = PCURVE('',#429,#967);
#967 = DEFINITIONAL_REPRESENTATION('',(#968),#972);
#968 = LINE('',#969,#970);
#969 = CARTESIAN_POINT('',(3.926990816987,0.));
#970 = VECTOR('',#971,1.);
#971 = DIRECTION('',(0.,-1.));
#972 = ( GEOMETRIC_REPRESENTATION_CONTEXT(2) 
PARAMETRIC_REPRESENTATION_CONTEXT() REPRESENTATION_CONTEXT('2D SPACE',''
  ) );
#973 = PCURVE('',#974,#979);
#974 = PLANE('',#975);
#975 = AXIS2_PLACEMENT_3D('',#976,#977,#978);
#976 = CARTESIAN_POINT('',(0.,173.63169479877,-4.252983769927));
#977 = DIRECTION('',(0.,-0.707106781187,-0.707106781187));
#978 = DIRECTION('',(1.,0.,0.));
#979 = DEFINITIONAL_REPRESENTATION('',(#980),#984);
#980 = LINE('',#981,#982);
#981 = CARTESIAN_POINT('',(0.,6.280369834735E-16));
#982 = VECTOR('',#983,1.);
#983 = DIRECTION('',(1.,0.));
#984 = ( GEOMETRIC_REPRESENTATION_CONTEXT(2) 
PARAMETRIC_REPRESENTATION_CONTEXT() REPRESENTATION_CONTEXT('2D SPACE',''
  ) );
#985 = ORIENTED_EDGE('',*,*,#986,.F.);
#986 = EDGE_CURVE('',#414,#959,#987,.T.);
#987 = SURFACE_CURVE('',#988,(#993,#1000),.PCURVE_S1.);
#988 = CIRCLE('',#989,3.41);
#989 = AXIS2_PLACEMENT_3D('',#990,#991,#992);
#990 = CARTESIAN_POINT('',(0.,171.22046067492,-6.664217893773));
#991 = DIRECTION('',(-1.,-0.,0.));
#992 = DIRECTION('',(0.,-0.,-1.));
#993 = PCURVE('',#429,#994);
#994 = DEFINITIONAL_REPRESENTATION('',(#995),#999);
#995 = LINE('',#996,#997);
#996 = CARTESIAN_POINT('',(0.,0.));
#997 = VECTOR('',#998,1.);
#998 = DIRECTION('',(1.,0.));
#999 = ( GEOMETRIC_REPRESENTATION_CONTEXT(2) 
PARAMETRIC_REPRESENTATION_CONTEXT() REPRESENTATION_CONTEXT('2D SPACE',''
  ) );
#1000 = PCURVE('',#918,#1001);
#1001 = DEFINITIONAL_REPRESENTATION('',(#1002),#1006);
#1002 = CIRCLE('',#1003,3.41);
#1003 = AXIS2_PLACEMENT_2D('',#1004,#1005);
#1004 = CARTESIAN_POINT('',(4.67212178105,1.93525620677));
#1005 = DIRECTION('',(1.,0.));
#1006 = ( GEOMETRIC_REPRESENTATION_CONTEXT(2) 
PARAMETRIC_REPRESENTATION_CONTEXT() REPRESENTATION_CONTEXT('2D SPACE',''
  ) );
#1007 = ADVANCED_FACE('',(#1008),#507,.F.);
#1008 = FACE_BOUND('',#1009,.F.);
#1009 = EDGE_LOOP('',(#1010,#1011,#1038,#1064));
#1010 = ORIENTED_EDGE('',*,*,#523,.T.);
#1011 = ORIENTED_EDGE('',*,*,#1012,.T.);
#1012 = EDGE_CURVE('',#524,#1013,#1015,.T.);
#1013 = VERTEX_POINT('',#1014);
#1014 = CARTESIAN_POINT('',(-7.614217893773,171.22046067492,
    -124.6142178937));
#1015 = SURFACE_CURVE('',#1016,(#1020,#1027),.PCURVE_S1.);
#1016 = LINE('',#1017,#1018);
#1017 = CARTESIAN_POINT('',(-7.614217893773,0.,-124.6142178937));
#1018 = VECTOR('',#1019,1.);
#1019 = DIRECTION('',(0.,1.,0.));
#1020 = PCURVE('',#507,#1021);
#1021 = DEFINITIONAL_REPRESENTATION('',(#1022),#1026);
#1022 = LINE('',#1023,#1024);
#1023 = CARTESIAN_POINT('',(0.,-117.));
#1024 = VECTOR('',#1025,1.);
#1025 = DIRECTION('',(1.,0.));
#1026 = ( GEOMETRIC_REPRESENTATION_CONTEXT(2) 
PARAMETRIC_REPRESENTATION_CONTEXT() REPRESENTATION_CONTEXT('2D SPACE',''
  ) );
#1027 = PCURVE('',#1028,#1033);
#1028 = CYLINDRICAL_SURFACE('',#1029,3.6);
#1029 = AXIS2_PLACEMENT_3D('',#1030,#1031,#1032);
#1030 = CARTESIAN_POINT('',(-11.21421789377,0.,-124.6142178937));
#1031 = DIRECTION('',(-0.,-1.,-0.));
#1032 = DIRECTION('',(-1.,0.,-0.));
#1033 = DEFINITIONAL_REPRESENTATION('',(#1034),#1037);
#1034 = B_SPLINE_CURVE_WITH_KNOTS('',1,(#1035,#1036),.UNSPECIFIED.,.F.,
  .F.,(2,2),(0.,171.22046067492),.PIECEWISE_BEZIER_KNOTS.);
#1035 = CARTESIAN_POINT('',(-3.14159265359,0.));
#1036 = CARTESIAN_POINT('',(-3.14159265359,-171.2204606749));
#1037 = ( GEOMETRIC_REPRESENTATION_CONTEXT(2) 
PARAMETRIC_REPRESENTATION_CONTEXT() REPRESENTATION_CONTEXT('2D SPACE',''
  ) );
#1038 = ORIENTED_EDGE('',*,*,#1039,.F.);
#1039 = EDGE_CURVE('',#465,#1013,#1040,.T.);
#1040 = SURFACE_CURVE('',#1041,(#1045,#1052),.PCURVE_S1.);
#1041 = LINE('',#1042,#1043);
#1042 = CARTESIAN_POINT('',(-7.614217893773,171.22046067492,
    -7.614217893773));
#1043 = VECTOR('',#1044,1.);
#1044 = DIRECTION('',(0.,0.,-1.));
#1045 = PCURVE('',#507,#1046);
#1046 = DEFINITIONAL_REPRESENTATION('',(#1047),#1051);
#1047 = LINE('',#1048,#1049);
#1048 = CARTESIAN_POINT('',(171.22046067492,0.));
#1049 = VECTOR('',#1050,1.);
#1050 = DIRECTION('',(0.,-1.));
#1051 = ( GEOMETRIC_REPRESENTATION_CONTEXT(2) 
PARAMETRIC_REPRESENTATION_CONTEXT() REPRESENTATION_CONTEXT('2D SPACE',''
  ) );
#1052 = PCURVE('',#1053,#1058);
#1053 = PLANE('',#1054);
#1054 = AXIS2_PLACEMENT_3D('',#1055,#1056,#1057);
#1055 = CARTESIAN_POINT('',(-7.614217893773,171.22046067492,
    -7.614217893773));
#1056 = DIRECTION('',(0.,-1.,0.));
#1057 = DIRECTION('',(1.,0.,2.729314534837E-16));
#1058 = DEFINITIONAL_REPRESENTATION('',(#1059),#1063);
#1059 = LINE('',#1060,#1061);
#1060 = CARTESIAN_POINT('',(0.,0.));
#1061 = VECTOR('',#1062,1.);
#1062 = DIRECTION('',(-2.729314534837E-16,-1.));
#1063 = ( GEOMETRIC_REPRESENTATION_CONTEXT(2) 
PARAMETRIC_REPRESENTATION_CONTEXT() REPRESENTATION_CONTEXT('2D SPACE',''
  ) );
#1064 = ORIENTED_EDGE('',*,*,#493,.F.);
#1065 = ADVANCED_FACE('',(#1066),#481,.F.);
#1066 = FACE_BOUND('',#1067,.F.);
#1067 = EDGE_LOOP('',(#1068,#1069,#1090,#1091));
#1068 = ORIENTED_EDGE('',*,*,#464,.T.);
#1069 = ORIENTED_EDGE('',*,*,#1070,.T.);
#1070 = EDGE_CURVE('',#465,#606,#1071,.T.);
#1071 = SURFACE_CURVE('',#1072,(#1076,#1083),.PCURVE_S1.);
#1072 = LINE('',#1073,#1074);
#1073 = CARTESIAN_POINT('',(-7.614217893773,171.22046067492,
    -7.614217893773));
#1074 = VECTOR('',#1075,1.);
#1075 = DIRECTION('',(1.,0.,2.729314534837E-16));
#1076 = PCURVE('',#481,#1077);
#1077 = DEFINITIONAL_REPRESENTATION('',(#1078),#1082);
#1078 = LINE('',#1079,#1080);
#1079 = CARTESIAN_POINT('',(3.738384175377,-3.875833718396));
#1080 = VECTOR('',#1081,1.);
#1081 = DIRECTION('',(-2.729314534837E-16,1.));
#1082 = ( GEOMETRIC_REPRESENTATION_CONTEXT(2) 
PARAMETRIC_REPRESENTATION_CONTEXT() REPRESENTATION_CONTEXT('2D SPACE',''
  ) );
#1083 = PCURVE('',#1053,#1084);
#1084 = DEFINITIONAL_REPRESENTATION('',(#1085),#1089);
#1085 = LINE('',#1086,#1087);
#1086 = CARTESIAN_POINT('',(0.,0.));
#1087 = VECTOR('',#1088,1.);
#1088 = DIRECTION('',(1.,0.));
#1089 = ( GEOMETRIC_REPRESENTATION_CONTEXT(2) 
PARAMETRIC_REPRESENTATION_CONTEXT() REPRESENTATION_CONTEXT('2D SPACE',''
  ) );
#1090 = ORIENTED_EDGE('',*,*,#605,.F.);
#1091 = ORIENTED_EDGE('',*,*,#1092,.F.);
#1092 = EDGE_CURVE('',#341,#414,#1093,.T.);
#1093 = SURFACE_CURVE('',#1094,(#1098,#1105),.PCURVE_S1.);
#1094 = LINE('',#1095,#1096);
#1095 = CARTESIAN_POINT('',(0.,171.22046067492,0.));
#1096 = VECTOR('',#1097,1.);
#1097 = DIRECTION('',(-0.,-0.,-1.));
#1098 = PCURVE('',#481,#1099);
#1099 = DEFINITIONAL_REPRESENTATION('',(#1100),#1104);
#1100 = LINE('',#1101,#1102);
#1101 = CARTESIAN_POINT('',(-3.875833718396,3.738384175377));
#1102 = VECTOR('',#1103,1.);
#1103 = DIRECTION('',(1.,0.));
#1104 = ( GEOMETRIC_REPRESENTATION_CONTEXT(2) 
PARAMETRIC_REPRESENTATION_CONTEXT() REPRESENTATION_CONTEXT('2D SPACE',''
  ) );
#1105 = PCURVE('',#918,#1106);
#1106 = DEFINITIONAL_REPRESENTATION('',(#1107),#1111);
#1107 = LINE('',#1108,#1109);
#1108 = CARTESIAN_POINT('',(-1.992096112723,1.93525620677));
#1109 = VECTOR('',#1110,1.);
#1110 = DIRECTION('',(1.,0.));
#1111 = ( GEOMETRIC_REPRESENTATION_CONTEXT(2) 
PARAMETRIC_REPRESENTATION_CONTEXT() REPRESENTATION_CONTEXT('2D SPACE',''
  ) );
#1112 = ADVANCED_FACE('',(#1113),#588,.T.);
#1113 = FACE_BOUND('',#1114,.T.);
#1114 = EDGE_LOOP('',(#1115,#1116,#1143,#1164));
#1115 = ORIENTED_EDGE('',*,*,#574,.T.);
#1116 = ORIENTED_EDGE('',*,*,#1117,.T.);
#1117 = EDGE_CURVE('',#547,#1118,#1120,.T.);
#1118 = VERTEX_POINT('',#1119);
#1119 = CARTESIAN_POINT('',(-4.36,171.22046067492,-124.6142178937));
#1120 = SURFACE_CURVE('',#1121,(#1125,#1132),.PCURVE_S1.);
#1121 = LINE('',#1122,#1123);
#1122 = CARTESIAN_POINT('',(-4.36,0.,-124.6142178937));
#1123 = VECTOR('',#1124,1.);
#1124 = DIRECTION('',(0.,1.,0.));
#1125 = PCURVE('',#588,#1126);
#1126 = DEFINITIONAL_REPRESENTATION('',(#1127),#1131);
#1127 = LINE('',#1128,#1129);
#1128 = CARTESIAN_POINT('',(0.,-117.));
#1129 = VECTOR('',#1130,1.);
#1130 = DIRECTION('',(1.,0.));
#1131 = ( GEOMETRIC_REPRESENTATION_CONTEXT(2) 
PARAMETRIC_REPRESENTATION_CONTEXT() REPRESENTATION_CONTEXT('2D SPACE',''
  ) );
#1132 = PCURVE('',#1133,#1138);
#1133 = CYLINDRICAL_SURFACE('',#1134,6.854217893773);
#1134 = AXIS2_PLACEMENT_3D('',#1135,#1136,#1137);
#1135 = CARTESIAN_POINT('',(-11.21421789377,0.,-124.6142178937));
#1136 = DIRECTION('',(-0.,-1.,-0.));
#1137 = DIRECTION('',(-1.,0.,-0.));
#1138 = DEFINITIONAL_REPRESENTATION('',(#1139),#1142);
#1139 = B_SPLINE_CURVE_WITH_KNOTS('',1,(#1140,#1141),.UNSPECIFIED.,.F.,
  .F.,(2,2),(0.,171.22046067492),.PIECEWISE_BEZIER_KNOTS.);
#1140 = CARTESIAN_POINT('',(-3.14159265359,0.));
#1141 = CARTESIAN_POINT('',(-3.14159265359,-171.2204606749));
#1142 = ( GEOMETRIC_REPRESENTATION_CONTEXT(2) 
PARAMETRIC_REPRESENTATION_CONTEXT() REPRESENTATION_CONTEXT('2D SPACE',''
  ) );
#1143 = ORIENTED_EDGE('',*,*,#1144,.F.);
#1144 = EDGE_CURVE('',#606,#1118,#1145,.T.);
#1145 = SURFACE_CURVE('',#1146,(#1150,#1157),.PCURVE_S1.);
#1146 = LINE('',#1147,#1148);
#1147 = CARTESIAN_POINT('',(-4.36,171.22046067492,-7.614217893773));
#1148 = VECTOR('',#1149,1.);
#1149 = DIRECTION('',(0.,0.,-1.));
#1150 = PCURVE('',#588,#1151);
#1151 = DEFINITIONAL_REPRESENTATION('',(#1152),#1156);
#1152 = LINE('',#1153,#1154);
#1153 = CARTESIAN_POINT('',(171.22046067492,0.));
#1154 = VECTOR('',#1155,1.);
#1155 = DIRECTION('',(0.,-1.));
#1156 = ( GEOMETRIC_REPRESENTATION_CONTEXT(2) 
PARAMETRIC_REPRESENTATION_CONTEXT() REPRESENTATION_CONTEXT('2D SPACE',''
  ) );
#1157 = PCURVE('',#1053,#1158);
#1158 = DEFINITIONAL_REPRESENTATION('',(#1159),#1163);
#1159 = LINE('',#1160,#1161);
#1160 = CARTESIAN_POINT('',(3.254217893773,0.));
#1161 = VECTOR('',#1162,1.);
#1162 = DIRECTION('',(-2.729314534837E-16,-1.));
#1163 = ( GEOMETRIC_REPRESENTATION_CONTEXT(2) 
PARAMETRIC_REPRESENTATION_CONTEXT() REPRESENTATION_CONTEXT('2D SPACE',''
  ) );
#1164 = ORIENTED_EDGE('',*,*,#629,.F.);
#1165 = ADVANCED_FACE('',(#1166),#562,.F.);
#1166 = FACE_BOUND('',#1167,.F.);
#1167 = EDGE_LOOP('',(#1168,#1192,#1220,#1242));
#1168 = ORIENTED_EDGE('',*,*,#1169,.T.);
#1169 = EDGE_CURVE('',#547,#1170,#1172,.T.);
#1170 = VERTEX_POINT('',#1171);
#1171 = CARTESIAN_POINT('',(-5.278291074692,1.189081941263E-16,
    -128.0413268406));
#1172 = SURFACE_CURVE('',#1173,(#1178,#1185),.PCURVE_S1.);
#1173 = CIRCLE('',#1174,6.854217893773);
#1174 = AXIS2_PLACEMENT_3D('',#1175,#1176,#1177);
#1175 = CARTESIAN_POINT('',(-11.21421789377,0.,-124.6142178937));
#1176 = DIRECTION('',(0.,1.,0.));
#1177 = DIRECTION('',(-1.,0.,-0.));
#1178 = PCURVE('',#562,#1179);
#1179 = DEFINITIONAL_REPRESENTATION('',(#1180),#1184);
#1180 = CIRCLE('',#1181,6.854217893773);
#1181 = AXIS2_PLACEMENT_2D('',#1182,#1183);
#1182 = CARTESIAN_POINT('',(1.378252420424,-5.143708058677));
#1183 = DIRECTION('',(0.,-1.));
#1184 = ( GEOMETRIC_REPRESENTATION_CONTEXT(2) 
PARAMETRIC_REPRESENTATION_CONTEXT() REPRESENTATION_CONTEXT('2D SPACE',''
  ) );
#1185 = PCURVE('',#1133,#1186);
#1186 = DEFINITIONAL_REPRESENTATION('',(#1187),#1191);
#1187 = LINE('',#1188,#1189);
#1188 = CARTESIAN_POINT('',(-0.,0.));
#1189 = VECTOR('',#1190,1.);
#1190 = DIRECTION('',(-1.,0.));
#1191 = ( GEOMETRIC_REPRESENTATION_CONTEXT(2) 
PARAMETRIC_REPRESENTATION_CONTEXT() REPRESENTATION_CONTEXT('2D SPACE',''
  ) );
#1192 = ORIENTED_EDGE('',*,*,#1193,.T.);
#1193 = EDGE_CURVE('',#1170,#1194,#1196,.T.);
#1194 = VERTEX_POINT('',#1195);
#1195 = CARTESIAN_POINT('',(-8.096526440149,2.144316074812E-16,
    -126.4142178937));
#1196 = SURFACE_CURVE('',#1197,(#1201,#1208),.PCURVE_S1.);
#1197 = LINE('',#1198,#1199);
#1198 = CARTESIAN_POINT('',(-5.278291074692,0.,-128.0413268406));
#1199 = VECTOR('',#1200,1.);
#1200 = DIRECTION('',(-0.866025403784,0.,0.5));
#1201 = PCURVE('',#562,#1202);
#1202 = DEFINITIONAL_REPRESENTATION('',(#1203),#1207);
#1203 = LINE('',#1204,#1205);
#1204 = CARTESIAN_POINT('',(-2.048856526462,0.792218760404));
#1205 = VECTOR('',#1206,1.);
#1206 = DIRECTION('',(0.5,-0.866025403784));
#1207 = ( GEOMETRIC_REPRESENTATION_CONTEXT(2) 
PARAMETRIC_REPRESENTATION_CONTEXT() REPRESENTATION_CONTEXT('2D SPACE',''
  ) );
#1208 = PCURVE('',#1209,#1214);
#1209 = PLANE('',#1210);
#1210 = AXIS2_PLACEMENT_3D('',#1211,#1212,#1213);
#1211 = CARTESIAN_POINT('',(-6.597748820217,-1.447884513836,
    -127.279537556));
#1212 = DIRECTION('',(0.5,3.058582146872E-15,0.866025403784));
#1213 = DIRECTION('',(0.866025403784,0.,-0.5));
#1214 = DEFINITIONAL_REPRESENTATION('',(#1215),#1219);
#1215 = LINE('',#1216,#1217);
#1216 = CARTESIAN_POINT('',(1.523578569127,1.447884513836));
#1217 = VECTOR('',#1218,1.);
#1218 = DIRECTION('',(-1.,-1.439671152028E-29));
#1219 = ( GEOMETRIC_REPRESENTATION_CONTEXT(2) 
PARAMETRIC_REPRESENTATION_CONTEXT() REPRESENTATION_CONTEXT('2D SPACE',''
  ) );
#1220 = ORIENTED_EDGE('',*,*,#1221,.F.);
#1221 = EDGE_CURVE('',#524,#1194,#1222,.T.);
#1222 = SURFACE_CURVE('',#1223,(#1228,#1235),.PCURVE_S1.);
#1223 = CIRCLE('',#1224,3.6);
#1224 = AXIS2_PLACEMENT_3D('',#1225,#1226,#1227);
#1225 = CARTESIAN_POINT('',(-11.21421789377,0.,-124.6142178937));
#1226 = DIRECTION('',(0.,1.,0.));
#1227 = DIRECTION('',(-1.,0.,-0.));
#1228 = PCURVE('',#562,#1229);
#1229 = DEFINITIONAL_REPRESENTATION('',(#1230),#1234);
#1230 = CIRCLE('',#1231,3.6);
#1231 = AXIS2_PLACEMENT_2D('',#1232,#1233);
#1232 = CARTESIAN_POINT('',(1.378252420424,-5.143708058677));
#1233 = DIRECTION('',(0.,-1.));
#1234 = ( GEOMETRIC_REPRESENTATION_CONTEXT(2) 
PARAMETRIC_REPRESENTATION_CONTEXT() REPRESENTATION_CONTEXT('2D SPACE',''
  ) );
#1235 = PCURVE('',#1028,#1236);
#1236 = DEFINITIONAL_REPRESENTATION('',(#1237),#1241);
#1237 = LINE('',#1238,#1239);
#1238 = CARTESIAN_POINT('',(-0.,0.));
#1239 = VECTOR('',#1240,1.);
#1240 = DIRECTION('',(-1.,0.));
#1241 = ( GEOMETRIC_REPRESENTATION_CONTEXT(2) 
PARAMETRIC_REPRESENTATION_CONTEXT() REPRESENTATION_CONTEXT('2D SPACE',''
  ) );
#1242 = ORIENTED_EDGE('',*,*,#546,.T.);
#1243 = ADVANCED_FACE('',(#1244),#698,.F.);
#1244 = FACE_BOUND('',#1245,.F.);
#1245 = EDGE_LOOP('',(#1246,#1247,#1274,#1300));
#1246 = ORIENTED_EDGE('',*,*,#714,.T.);
#1247 = ORIENTED_EDGE('',*,*,#1248,.F.);
#1248 = EDGE_CURVE('',#1249,#715,#1251,.T.);
#1249 = VERTEX_POINT('',#1250);
#1250 = CARTESIAN_POINT('',(258.68138203854,171.22046067492,
    37.835880690418));
#1251 = SURFACE_CURVE('',#1252,(#1256,#1263),.PCURVE_S1.);
#1252 = LINE('',#1253,#1254);
#1253 = CARTESIAN_POINT('',(258.68138203854,171.22046067492,
    37.835880690418));
#1254 = VECTOR('',#1255,1.);
#1255 = DIRECTION('',(0.29377051308,-0.809194378737,0.50882545442));
#1256 = PCURVE('',#698,#1257);
#1257 = DEFINITIONAL_REPRESENTATION('',(#1258),#1262);
#1258 = LINE('',#1259,#1260);
#1259 = CARTESIAN_POINT('',(171.22046067492,-43.68));
#1260 = VECTOR('',#1261,1.);
#1261 = DIRECTION('',(-0.809194378737,-0.58754102616));
#1262 = ( GEOMETRIC_REPRESENTATION_CONTEXT(2) 
PARAMETRIC_REPRESENTATION_CONTEXT() REPRESENTATION_CONTEXT('2D SPACE',''
  ) );
#1263 = PCURVE('',#1264,#1269);
#1264 = CYLINDRICAL_SURFACE('',#1265,4.47);
#1265 = AXIS2_PLACEMENT_3D('',#1266,#1267,#1268);
#1266 = CARTESIAN_POINT('',(262.55251559346,171.22046067492,
    35.600880690418));
#1267 = DIRECTION('',(-0.29377051308,0.809194378737,-0.50882545442));
#1268 = DIRECTION('',(0.866025403784,-2.775557561563E-17,-0.5));
#1269 = DEFINITIONAL_REPRESENTATION('',(#1270),#1273);
#1270 = B_SPLINE_CURVE_WITH_KNOTS('',1,(#1271,#1272),.UNSPECIFIED.,.F.,
  .F.,(2,2),(0.,211.59373467504),.PIECEWISE_BEZIER_KNOTS.);
#1271 = CARTESIAN_POINT('',(3.14159265359,0.));
#1272 = CARTESIAN_POINT('',(3.14159265359,-211.593734675));
#1273 = ( GEOMETRIC_REPRESENTATION_CONTEXT(2) 
PARAMETRIC_REPRESENTATION_CONTEXT() REPRESENTATION_CONTEXT('2D SPACE',''
  ) );
#1274 = ORIENTED_EDGE('',*,*,#1275,.F.);
#1275 = EDGE_CURVE('',#656,#1249,#1276,.T.);
#1276 = SURFACE_CURVE('',#1277,(#1281,#1288),.PCURVE_S1.);
#1277 = LINE('',#1278,#1279);
#1278 = CARTESIAN_POINT('',(236.84138203854,171.22046067492,
    7.891053113604E-03));
#1279 = VECTOR('',#1280,1.);
#1280 = DIRECTION('',(0.5,0.,0.866025403784));
#1281 = PCURVE('',#698,#1282);
#1282 = DEFINITIONAL_REPRESENTATION('',(#1283),#1287);
#1283 = LINE('',#1284,#1285);
#1284 = CARTESIAN_POINT('',(171.22046067492,0.));
#1285 = VECTOR('',#1286,1.);
#1286 = DIRECTION('',(0.,-1.));
#1287 = ( GEOMETRIC_REPRESENTATION_CONTEXT(2) 
PARAMETRIC_REPRESENTATION_CONTEXT() REPRESENTATION_CONTEXT('2D SPACE',''
  ) );
#1288 = PCURVE('',#1289,#1294);
#1289 = PLANE('',#1290);
#1290 = AXIS2_PLACEMENT_3D('',#1291,#1292,#1293);
#1291 = CARTESIAN_POINT('',(236.84138203854,171.22046067492,
    7.891053113604E-03));
#1292 = DIRECTION('',(0.,-1.,0.));
#1293 = DIRECTION('',(-0.866025403784,0.,0.5));
#1294 = DEFINITIONAL_REPRESENTATION('',(#1295),#1299);
#1295 = LINE('',#1296,#1297);
#1296 = CARTESIAN_POINT('',(0.,-0.));
#1297 = VECTOR('',#1298,1.);
#1298 = DIRECTION('',(1.110223024625E-15,-1.));
#1299 = ( GEOMETRIC_REPRESENTATION_CONTEXT(2) 
PARAMETRIC_REPRESENTATION_CONTEXT() REPRESENTATION_CONTEXT('2D SPACE',''
  ) );
#1300 = ORIENTED_EDGE('',*,*,#684,.F.);
#1301 = ADVANCED_FACE('',(#1302),#672,.F.);
#1302 = FACE_BOUND('',#1303,.F.);
#1303 = EDGE_LOOP('',(#1304,#1305,#1326,#1327));
#1304 = ORIENTED_EDGE('',*,*,#655,.T.);
#1305 = ORIENTED_EDGE('',*,*,#1306,.T.);
#1306 = EDGE_CURVE('',#656,#797,#1307,.T.);
#1307 = SURFACE_CURVE('',#1308,(#1312,#1319),.PCURVE_S1.);
#1308 = LINE('',#1309,#1310);
#1309 = CARTESIAN_POINT('',(236.84138203854,171.22046067492,
    7.891053113604E-03));
#1310 = VECTOR('',#1311,1.);
#1311 = DIRECTION('',(-0.866025403784,0.,0.5));
#1312 = PCURVE('',#672,#1313);
#1313 = DEFINITIONAL_REPRESENTATION('',(#1314),#1318);
#1314 = LINE('',#1315,#1316);
#1315 = CARTESIAN_POINT('',(-0.88598222249,3.25523688257));
#1316 = VECTOR('',#1317,1.);
#1317 = DIRECTION('',(-0.5,-0.866025403784));
#1318 = ( GEOMETRIC_REPRESENTATION_CONTEXT(2) 
PARAMETRIC_REPRESENTATION_CONTEXT() REPRESENTATION_CONTEXT('2D SPACE',''
  ) );
#1319 = PCURVE('',#1289,#1320);
#1320 = DEFINITIONAL_REPRESENTATION('',(#1321),#1325);
#1321 = LINE('',#1322,#1323);
#1322 = CARTESIAN_POINT('',(0.,-0.));
#1323 = VECTOR('',#1324,1.);
#1324 = DIRECTION('',(1.,0.));
#1325 = ( GEOMETRIC_REPRESENTATION_CONTEXT(2) 
PARAMETRIC_REPRESENTATION_CONTEXT() REPRESENTATION_CONTEXT('2D SPACE',''
  ) );
#1326 = ORIENTED_EDGE('',*,*,#796,.F.);
#1327 = ORIENTED_EDGE('',*,*,#1328,.T.);
#1328 = EDGE_CURVE('',#319,#392,#1329,.T.);
#1329 = SURFACE_CURVE('',#1330,(#1334,#1341),.PCURVE_S1.);
#1330 = LINE('',#1331,#1332);
#1331 = CARTESIAN_POINT('',(231.19124360271,171.22046067492,0.));
#1332 = VECTOR('',#1333,1.);
#1333 = DIRECTION('',(-0.,-0.,-1.));
#1334 = PCURVE('',#672,#1335);
#1335 = DEFINITIONAL_REPRESENTATION('',(#1336),#1340);
#1336 = LINE('',#1337,#1338);
#1337 = CARTESIAN_POINT('',(-0.878091169376,-2.394901553262));
#1338 = VECTOR('',#1339,1.);
#1339 = DIRECTION('',(1.,0.));
#1340 = ( GEOMETRIC_REPRESENTATION_CONTEXT(2) 
PARAMETRIC_REPRESENTATION_CONTEXT() REPRESENTATION_CONTEXT('2D SPACE',''
  ) );
#1341 = PCURVE('',#863,#1342);
#1342 = DEFINITIONAL_REPRESENTATION('',(#1343),#1347);
#1343 = LINE('',#1344,#1345);
#1344 = CARTESIAN_POINT('',(-1.992096112723,1.93525620677));
#1345 = VECTOR('',#1346,1.);
#1346 = DIRECTION('',(1.,0.));
#1347 = ( GEOMETRIC_REPRESENTATION_CONTEXT(2) 
PARAMETRIC_REPRESENTATION_CONTEXT() REPRESENTATION_CONTEXT('2D SPACE',''
  ) );
#1348 = ADVANCED_FACE('',(#1349),#753,.F.);
#1349 = FACE_BOUND('',#1350,.F.);
#1350 = EDGE_LOOP('',(#1351,#1380,#1408,#1430));
#1351 = ORIENTED_EDGE('',*,*,#1352,.T.);
#1352 = EDGE_CURVE('',#738,#1353,#1355,.T.);
#1353 = VERTEX_POINT('',#1354);
#1354 = CARTESIAN_POINT('',(327.83771244334,4.538294907591,
    148.67815861656));
#1355 = SURFACE_CURVE('',#1356,(#1361,#1368),.PCURVE_S1.);
#1356 = CIRCLE('',#1357,7.724217893773);
#1357 = AXIS2_PLACEMENT_3D('',#1358,#1359,#1360);
#1358 = CARTESIAN_POINT('',(324.71251559346,0.,143.26515888889));
#1359 = DIRECTION('',(-0.29377051308,0.809194378737,-0.50882545442));
#1360 = DIRECTION('',(0.866025403784,-2.775557561563E-17,-0.5));
#1361 = PCURVE('',#753,#1362);
#1362 = DEFINITIONAL_REPRESENTATION('',(#1363),#1367);
#1363 = CIRCLE('',#1364,7.724217893773);
#1364 = AXIS2_PLACEMENT_2D('',#1365,#1366);
#1365 = CARTESIAN_POINT('',(-5.055473689855,1.835901714882));
#1366 = DIRECTION('',(-0.423273728609,0.906001849153));
#1367 = ( GEOMETRIC_REPRESENTATION_CONTEXT(2) 
PARAMETRIC_REPRESENTATION_CONTEXT() REPRESENTATION_CONTEXT('2D SPACE',''
  ) );
#1368 = PCURVE('',#1369,#1374);
#1369 = CYLINDRICAL_SURFACE('',#1370,7.724217893773);
#1370 = AXIS2_PLACEMENT_3D('',#1371,#1372,#1373);
#1371 = CARTESIAN_POINT('',(262.55251559346,171.22046067492,
    35.600880690418));
#1372 = DIRECTION('',(-0.29377051308,0.809194378737,-0.50882545442));
#1373 = DIRECTION('',(0.866025403784,-2.775557561563E-17,-0.5));
#1374 = DEFINITIONAL_REPRESENTATION('',(#1375),#1379);
#1375 = LINE('',#1376,#1377);
#1376 = CARTESIAN_POINT('',(0.,-211.593734675));
#1377 = VECTOR('',#1378,1.);
#1378 = DIRECTION('',(1.,0.));
#1379 = ( GEOMETRIC_REPRESENTATION_CONTEXT(2) 
PARAMETRIC_REPRESENTATION_CONTEXT() REPRESENTATION_CONTEXT('2D SPACE',''
  ) );
#1380 = ORIENTED_EDGE('',*,*,#1381,.T.);
#1381 = EDGE_CURVE('',#1353,#1382,#1384,.T.);
#1382 = VERTEX_POINT('',#1383);
#1383 = CARTESIAN_POINT('',(326.52106502993,2.626308386935,
    146.39765840087));
#1384 = SURFACE_CURVE('',#1385,(#1389,#1396),.PCURVE_S1.);
#1385 = LINE('',#1386,#1387);
#1386 = CARTESIAN_POINT('',(327.83771244334,4.538294907591,
    148.67815861656));
#1387 = VECTOR('',#1388,1.);
#1388 = DIRECTION('',(-0.404597189368,-0.58754102616,-0.700782888585));
#1389 = PCURVE('',#753,#1390);
#1390 = DEFINITIONAL_REPRESENTATION('',(#1391),#1395);
#1391 = LINE('',#1392,#1393);
#1392 = CARTESIAN_POINT('',(1.942682005168,5.105360223368));
#1393 = VECTOR('',#1394,1.);
#1394 = DIRECTION('',(-0.906001849153,-0.423273728609));
#1395 = ( GEOMETRIC_REPRESENTATION_CONTEXT(2) 
PARAMETRIC_REPRESENTATION_CONTEXT() REPRESENTATION_CONTEXT('2D SPACE',''
  ) );
#1396 = PCURVE('',#1397,#1402);
#1397 = PLANE('',#1398);
#1398 = AXIS2_PLACEMENT_3D('',#1399,#1400,#1401);
#1399 = CARTESIAN_POINT('',(327.83771244334,4.538294907591,
    148.67815861656));
#1400 = DIRECTION('',(-0.29377051308,0.809194378737,-0.50882545442));
#1401 = DIRECTION('',(-0.404597189368,-0.58754102616,-0.700782888585));
#1402 = DEFINITIONAL_REPRESENTATION('',(#1403),#1407);
#1403 = LINE('',#1404,#1405);
#1404 = CARTESIAN_POINT('',(-0.,0.));
#1405 = VECTOR('',#1406,1.);
#1406 = DIRECTION('',(1.,-9.992007221626E-16));
#1407 = ( GEOMETRIC_REPRESENTATION_CONTEXT(2) 
PARAMETRIC_REPRESENTATION_CONTEXT() REPRESENTATION_CONTEXT('2D SPACE',''
  ) );
#1408 = ORIENTED_EDGE('',*,*,#1409,.F.);
#1409 = EDGE_CURVE('',#715,#1382,#1410,.T.);
#1410 = SURFACE_CURVE('',#1411,(#1416,#1423),.PCURVE_S1.);
#1411 = CIRCLE('',#1412,4.47);
#1412 = AXIS2_PLACEMENT_3D('',#1413,#1414,#1415);
#1413 = CARTESIAN_POINT('',(324.71251559346,0.,143.26515888889));
#1414 = DIRECTION('',(-0.29377051308,0.809194378737,-0.50882545442));
#1415 = DIRECTION('',(0.866025403784,-2.775557561563E-17,-0.5));
#1416 = PCURVE('',#753,#1417);
#1417 = DEFINITIONAL_REPRESENTATION('',(#1418),#1422);
#1418 = CIRCLE('',#1419,4.47);
#1419 = AXIS2_PLACEMENT_2D('',#1420,#1421);
#1420 = CARTESIAN_POINT('',(-5.055473689855,1.835901714882));
#1421 = DIRECTION('',(-0.423273728609,0.906001849153));
#1422 = ( GEOMETRIC_REPRESENTATION_CONTEXT(2) 
PARAMETRIC_REPRESENTATION_CONTEXT() REPRESENTATION_CONTEXT('2D SPACE',''
  ) );
#1423 = PCURVE('',#1264,#1424);
#1424 = DEFINITIONAL_REPRESENTATION('',(#1425),#1429);
#1425 = LINE('',#1426,#1427);
#1426 = CARTESIAN_POINT('',(0.,-211.593734675));
#1427 = VECTOR('',#1428,1.);
#1428 = DIRECTION('',(1.,0.));
#1429 = ( GEOMETRIC_REPRESENTATION_CONTEXT(2) 
PARAMETRIC_REPRESENTATION_CONTEXT() REPRESENTATION_CONTEXT('2D SPACE',''
  ) );
#1430 = ORIENTED_EDGE('',*,*,#737,.F.);
#1431 = ADVANCED_FACE('',(#1432),#779,.T.);
#1432 = FACE_BOUND('',#1433,.T.);
#1433 = EDGE_LOOP('',(#1434,#1435,#1457,#1478));
#1434 = ORIENTED_EDGE('',*,*,#765,.F.);
#1435 = ORIENTED_EDGE('',*,*,#1436,.F.);
#1436 = EDGE_CURVE('',#1437,#738,#1439,.T.);
#1437 = VERTEX_POINT('',#1438);
#1438 = CARTESIAN_POINT('',(255.86314667308,171.22046067492,
    39.462989637304));
#1439 = SURFACE_CURVE('',#1440,(#1444,#1451),.PCURVE_S1.);
#1440 = LINE('',#1441,#1442);
#1441 = CARTESIAN_POINT('',(255.86314667308,171.22046067492,
    39.462989637304));
#1442 = VECTOR('',#1443,1.);
#1443 = DIRECTION('',(0.29377051308,-0.809194378737,0.50882545442));
#1444 = PCURVE('',#779,#1445);
#1445 = DEFINITIONAL_REPRESENTATION('',(#1446),#1450);
#1446 = LINE('',#1447,#1448);
#1447 = CARTESIAN_POINT('',(171.22046067492,-43.68));
#1448 = VECTOR('',#1449,1.);
#1449 = DIRECTION('',(-0.809194378737,-0.58754102616));
#1450 = ( GEOMETRIC_REPRESENTATION_CONTEXT(2) 
PARAMETRIC_REPRESENTATION_CONTEXT() REPRESENTATION_CONTEXT('2D SPACE',''
  ) );
#1451 = PCURVE('',#1369,#1452);
#1452 = DEFINITIONAL_REPRESENTATION('',(#1453),#1456);
#1453 = B_SPLINE_CURVE_WITH_KNOTS('',1,(#1454,#1455),.UNSPECIFIED.,.F.,
  .F.,(2,2),(0.,211.59373467504),.PIECEWISE_BEZIER_KNOTS.);
#1454 = CARTESIAN_POINT('',(3.14159265359,0.));
#1455 = CARTESIAN_POINT('',(3.14159265359,-211.593734675));
#1456 = ( GEOMETRIC_REPRESENTATION_CONTEXT(2) 
PARAMETRIC_REPRESENTATION_CONTEXT() REPRESENTATION_CONTEXT('2D SPACE',''
  ) );
#1457 = ORIENTED_EDGE('',*,*,#1458,.F.);
#1458 = EDGE_CURVE('',#797,#1437,#1459,.T.);
#1459 = SURFACE_CURVE('',#1460,(#1464,#1471),.PCURVE_S1.);
#1460 = LINE('',#1461,#1462);
#1461 = CARTESIAN_POINT('',(234.02314667308,171.22046067492,1.635));
#1462 = VECTOR('',#1463,1.);
#1463 = DIRECTION('',(0.5,0.,0.866025403784));
#1464 = PCURVE('',#779,#1465);
#1465 = DEFINITIONAL_REPRESENTATION('',(#1466),#1470);
#1466 = LINE('',#1467,#1468);
#1467 = CARTESIAN_POINT('',(171.22046067492,0.));
#1468 = VECTOR('',#1469,1.);
#1469 = DIRECTION('',(0.,-1.));
#1470 = ( GEOMETRIC_REPRESENTATION_CONTEXT(2) 
PARAMETRIC_REPRESENTATION_CONTEXT() REPRESENTATION_CONTEXT('2D SPACE',''
  ) );
#1471 = PCURVE('',#1289,#1472);
#1472 = DEFINITIONAL_REPRESENTATION('',(#1473),#1477);
#1473 = LINE('',#1474,#1475);
#1474 = CARTESIAN_POINT('',(3.254217893773,0.));
#1475 = VECTOR('',#1476,1.);
#1476 = DIRECTION('',(1.110223024625E-15,-1.));
#1477 = ( GEOMETRIC_REPRESENTATION_CONTEXT(2) 
PARAMETRIC_REPRESENTATION_CONTEXT() REPRESENTATION_CONTEXT('2D SPACE',''
  ) );
#1478 = ORIENTED_EDGE('',*,*,#820,.F.);
#1479 = ADVANCED_FACE('',(#1480),#891,.F.);
#1480 = FACE_BOUND('',#1481,.F.);
#1481 = EDGE_LOOP('',(#1482,#1510,#1538,#1564));
#1482 = ORIENTED_EDGE('',*,*,#1483,.T.);
#1483 = EDGE_CURVE('',#876,#1484,#1486,.T.);
#1484 = VERTEX_POINT('',#1485);
#1485 = CARTESIAN_POINT('',(0.,233.84481971809,-59.86394960896));
#1486 = SURFACE_CURVE('',#1487,(#1491,#1498),.PCURVE_S1.);
#1487 = LINE('',#1488,#1489);
#1488 = CARTESIAN_POINT('',(0.,175.93277433891,-1.951904229781));
#1489 = VECTOR('',#1490,1.);
#1490 = DIRECTION('',(-0.,0.707106781187,-0.707106781187));
#1491 = PCURVE('',#891,#1492);
#1492 = DEFINITIONAL_REPRESENTATION('',(#1493),#1497);
#1493 = LINE('',#1494,#1495);
#1494 = CARTESIAN_POINT('',(0.,0.));
#1495 = VECTOR('',#1496,1.);
#1496 = DIRECTION('',(0.,-1.));
#1497 = ( GEOMETRIC_REPRESENTATION_CONTEXT(2) 
PARAMETRIC_REPRESENTATION_CONTEXT() REPRESENTATION_CONTEXT('2D SPACE',''
  ) );
#1498 = PCURVE('',#1499,#1504);
#1499 = PLANE('',#1500);
#1500 = AXIS2_PLACEMENT_3D('',#1501,#1502,#1503);
#1501 = CARTESIAN_POINT('',(0.,175.93277433891,-1.951904229781));
#1502 = DIRECTION('',(-1.,-0.,0.));
#1503 = DIRECTION('',(0.,-0.707106781187,-0.707106781187));
#1504 = DEFINITIONAL_REPRESENTATION('',(#1505),#1509);
#1505 = LINE('',#1506,#1507);
#1506 = CARTESIAN_POINT('',(0.,0.));
#1507 = VECTOR('',#1508,1.);
#1508 = DIRECTION('',(2.386979502944E-15,-1.));
#1509 = ( GEOMETRIC_REPRESENTATION_CONTEXT(2) 
PARAMETRIC_REPRESENTATION_CONTEXT() REPRESENTATION_CONTEXT('2D SPACE',''
  ) );
#1510 = ORIENTED_EDGE('',*,*,#1511,.T.);
#1511 = EDGE_CURVE('',#1484,#1512,#1514,.T.);
#1512 = VERTEX_POINT('',#1513);
#1513 = CARTESIAN_POINT('',(231.19124360271,250.1789863635,
    -76.19811625436));
#1514 = SURFACE_CURVE('',#1515,(#1519,#1526),.PCURVE_S1.);
#1515 = LINE('',#1516,#1517);
#1516 = CARTESIAN_POINT('',(0.,233.84481971809,-59.86394960896));
#1517 = VECTOR('',#1518,1.);
#1518 = DIRECTION('',(0.995045336486,7.0302127765E-02,-7.0302127765E-02)
  );
#1519 = PCURVE('',#891,#1520);
#1520 = DEFINITIONAL_REPRESENTATION('',(#1521),#1525);
#1521 = LINE('',#1522,#1523);
#1522 = CARTESIAN_POINT('',(0.,-81.9));
#1523 = VECTOR('',#1524,1.);
#1524 = DIRECTION('',(0.995045336486,-9.942222254895E-02));
#1525 = ( GEOMETRIC_REPRESENTATION_CONTEXT(2) 
PARAMETRIC_REPRESENTATION_CONTEXT() REPRESENTATION_CONTEXT('2D SPACE',''
  ) );
#1526 = PCURVE('',#1527,#1532);
#1527 = PLANE('',#1528);
#1528 = AXIS2_PLACEMENT_3D('',#1529,#1530,#1531);
#1529 = CARTESIAN_POINT('',(0.,231.54374017795,-62.1650291491));
#1530 = DIRECTION('',(-9.942222254895E-02,0.703603305018,-0.703603305018
    ));
#1531 = DIRECTION('',(0.995045336486,7.0302127765E-02,-7.0302127765E-02)
  );
#1532 = DEFINITIONAL_REPRESENTATION('',(#1533),#1537);
#1533 = LINE('',#1534,#1535);
#1534 = CARTESIAN_POINT('',(-5.551115123126E-16,-3.254217893773));
#1535 = VECTOR('',#1536,1.);
#1536 = DIRECTION('',(1.,6.938893903907E-18));
#1537 = ( GEOMETRIC_REPRESENTATION_CONTEXT(2) 
PARAMETRIC_REPRESENTATION_CONTEXT() REPRESENTATION_CONTEXT('2D SPACE',''
  ) );
#1538 = ORIENTED_EDGE('',*,*,#1539,.F.);
#1539 = EDGE_CURVE('',#847,#1512,#1540,.T.);
#1540 = SURFACE_CURVE('',#1541,(#1545,#1552),.PCURVE_S1.);
#1541 = LINE('',#1542,#1543);
#1542 = CARTESIAN_POINT('',(231.19124360271,175.93277433891,
    -1.951904229781));
#1543 = VECTOR('',#1544,1.);
#1544 = DIRECTION('',(0.,0.707106781187,-0.707106781187));
#1545 = PCURVE('',#891,#1546);
#1546 = DEFINITIONAL_REPRESENTATION('',(#1547),#1551);
#1547 = LINE('',#1548,#1549);
#1548 = CARTESIAN_POINT('',(231.19124360271,0.));
#1549 = VECTOR('',#1550,1.);
#1550 = DIRECTION('',(0.,-1.));
#1551 = ( GEOMETRIC_REPRESENTATION_CONTEXT(2) 
PARAMETRIC_REPRESENTATION_CONTEXT() REPRESENTATION_CONTEXT('2D SPACE',''
  ) );
#1552 = PCURVE('',#1553,#1558);
#1553 = PLANE('',#1554);
#1554 = AXIS2_PLACEMENT_3D('',#1555,#1556,#1557);
#1555 = CARTESIAN_POINT('',(231.19124360271,175.93277433891,
    -1.951904229781));
#1556 = DIRECTION('',(-1.,-0.,0.));
#1557 = DIRECTION('',(0.,-0.707106781187,-0.707106781187));
#1558 = DEFINITIONAL_REPRESENTATION('',(#1559),#1563);
#1559 = LINE('',#1560,#1561);
#1560 = CARTESIAN_POINT('',(0.,0.));
#1561 = VECTOR('',#1562,1.);
#1562 = DIRECTION('',(2.386979502944E-15,-1.));
#1563 = ( GEOMETRIC_REPRESENTATION_CONTEXT(2) 
PARAMETRIC_REPRESENTATION_CONTEXT() REPRESENTATION_CONTEXT('2D SPACE',''
  ) );
#1564 = ORIENTED_EDGE('',*,*,#875,.F.);
#1565 = ADVANCED_FACE('',(#1566),#918,.T.);
#1566 = FACE_BOUND('',#1567,.T.);
#1567 = EDGE_LOOP('',(#1568,#1569,#1590,#1591));
#1568 = ORIENTED_EDGE('',*,*,#903,.T.);
#1569 = ORIENTED_EDGE('',*,*,#1570,.T.);
#1570 = EDGE_CURVE('',#876,#959,#1571,.T.);
#1571 = SURFACE_CURVE('',#1572,(#1576,#1583),.PCURVE_S1.);
#1572 = LINE('',#1573,#1574);
#1573 = CARTESIAN_POINT('',(0.,175.93277433891,-1.951904229781));
#1574 = VECTOR('',#1575,1.);
#1575 = DIRECTION('',(0.,-0.707106781187,-0.707106781187));
#1576 = PCURVE('',#918,#1577);
#1577 = DEFINITIONAL_REPRESENTATION('',(#1578),#1582);
#1578 = LINE('',#1579,#1580);
#1579 = CARTESIAN_POINT('',(-4.019188294189E-02,-2.777057457222));
#1580 = VECTOR('',#1581,1.);
#1581 = DIRECTION('',(0.707106781187,0.707106781187));
#1582 = ( GEOMETRIC_REPRESENTATION_CONTEXT(2) 
PARAMETRIC_REPRESENTATION_CONTEXT() REPRESENTATION_CONTEXT('2D SPACE',''
  ) );
#1583 = PCURVE('',#1499,#1584);
#1584 = DEFINITIONAL_REPRESENTATION('',(#1585),#1589);
#1585 = LINE('',#1586,#1587);
#1586 = CARTESIAN_POINT('',(0.,0.));
#1587 = VECTOR('',#1588,1.);
#1588 = DIRECTION('',(1.,0.));
#1589 = ( GEOMETRIC_REPRESENTATION_CONTEXT(2) 
PARAMETRIC_REPRESENTATION_CONTEXT() REPRESENTATION_CONTEXT('2D SPACE',''
  ) );
#1590 = ORIENTED_EDGE('',*,*,#986,.F.);
#1591 = ORIENTED_EDGE('',*,*,#1092,.F.);
#1592 = ADVANCED_FACE('',(#1593),#863,.F.);
#1593 = FACE_BOUND('',#1594,.F.);
#1594 = EDGE_LOOP('',(#1595,#1596,#1617,#1618));
#1595 = ORIENTED_EDGE('',*,*,#846,.T.);
#1596 = ORIENTED_EDGE('',*,*,#1597,.T.);
#1597 = EDGE_CURVE('',#847,#935,#1598,.T.);
#1598 = SURFACE_CURVE('',#1599,(#1603,#1610),.PCURVE_S1.);
#1599 = LINE('',#1600,#1601);
#1600 = CARTESIAN_POINT('',(231.19124360271,175.93277433891,
    -1.951904229781));
#1601 = VECTOR('',#1602,1.);
#1602 = DIRECTION('',(0.,-0.707106781187,-0.707106781187));
#1603 = PCURVE('',#863,#1604);
#1604 = DEFINITIONAL_REPRESENTATION('',(#1605),#1609);
#1605 = LINE('',#1606,#1607);
#1606 = CARTESIAN_POINT('',(-4.019188294189E-02,-2.777057457222));
#1607 = VECTOR('',#1608,1.);
#1608 = DIRECTION('',(0.707106781187,0.707106781187));
#1609 = ( GEOMETRIC_REPRESENTATION_CONTEXT(2) 
PARAMETRIC_REPRESENTATION_CONTEXT() REPRESENTATION_CONTEXT('2D SPACE',''
  ) );
#1610 = PCURVE('',#1553,#1611);
#1611 = DEFINITIONAL_REPRESENTATION('',(#1612),#1616);
#1612 = LINE('',#1613,#1614);
#1613 = CARTESIAN_POINT('',(0.,0.));
#1614 = VECTOR('',#1615,1.);
#1615 = DIRECTION('',(1.,0.));
#1616 = ( GEOMETRIC_REPRESENTATION_CONTEXT(2) 
PARAMETRIC_REPRESENTATION_CONTEXT() REPRESENTATION_CONTEXT('2D SPACE',''
  ) );
#1617 = ORIENTED_EDGE('',*,*,#934,.F.);
#1618 = ORIENTED_EDGE('',*,*,#1328,.F.);
#1619 = ADVANCED_FACE('',(#1620),#974,.T.);
#1620 = FACE_BOUND('',#1621,.T.);
#1621 = EDGE_LOOP('',(#1622,#1645,#1668,#1689));
#1622 = ORIENTED_EDGE('',*,*,#1623,.T.);
#1623 = EDGE_CURVE('',#959,#1624,#1626,.T.);
#1624 = VERTEX_POINT('',#1625);
#1625 = CARTESIAN_POINT('',(0.,231.54374017795,-62.1650291491));
#1626 = SURFACE_CURVE('',#1627,(#1631,#1638),.PCURVE_S1.);
#1627 = LINE('',#1628,#1629);
#1628 = CARTESIAN_POINT('',(0.,173.63169479877,-4.252983769927));
#1629 = VECTOR('',#1630,1.);
#1630 = DIRECTION('',(-0.,0.707106781187,-0.707106781187));
#1631 = PCURVE('',#974,#1632);
#1632 = DEFINITIONAL_REPRESENTATION('',(#1633),#1637);
#1633 = LINE('',#1634,#1635);
#1634 = CARTESIAN_POINT('',(0.,0.));
#1635 = VECTOR('',#1636,1.);
#1636 = DIRECTION('',(0.,-1.));
#1637 = ( GEOMETRIC_REPRESENTATION_CONTEXT(2) 
PARAMETRIC_REPRESENTATION_CONTEXT() REPRESENTATION_CONTEXT('2D SPACE',''
  ) );
#1638 = PCURVE('',#1499,#1639);
#1639 = DEFINITIONAL_REPRESENTATION('',(#1640),#1644);
#1640 = LINE('',#1641,#1642);
#1641 = CARTESIAN_POINT('',(3.254217893773,0.));
#1642 = VECTOR('',#1643,1.);
#1643 = DIRECTION('',(2.386979502944E-15,-1.));
#1644 = ( GEOMETRIC_REPRESENTATION_CONTEXT(2) 
PARAMETRIC_REPRESENTATION_CONTEXT() REPRESENTATION_CONTEXT('2D SPACE',''
  ) );
#1645 = ORIENTED_EDGE('',*,*,#1646,.T.);
#1646 = EDGE_CURVE('',#1624,#1647,#1649,.T.);
#1647 = VERTEX_POINT('',#1648);
#1648 = CARTESIAN_POINT('',(231.19124360271,247.87790682336,
    -78.49919579451));
#1649 = SURFACE_CURVE('',#1650,(#1654,#1661),.PCURVE_S1.);
#1650 = LINE('',#1651,#1652);
#1651 = CARTESIAN_POINT('',(0.,231.54374017795,-62.1650291491));
#1652 = VECTOR('',#1653,1.);
#1653 = DIRECTION('',(0.995045336486,7.0302127765E-02,-7.0302127765E-02)
  );
#1654 = PCURVE('',#974,#1655);
#1655 = DEFINITIONAL_REPRESENTATION('',(#1656),#1660);
#1656 = LINE('',#1657,#1658);
#1657 = CARTESIAN_POINT('',(0.,-81.9));
#1658 = VECTOR('',#1659,1.);
#1659 = DIRECTION('',(0.995045336486,-9.942222254895E-02));
#1660 = ( GEOMETRIC_REPRESENTATION_CONTEXT(2) 
PARAMETRIC_REPRESENTATION_CONTEXT() REPRESENTATION_CONTEXT('2D SPACE',''
  ) );
#1661 = PCURVE('',#1527,#1662);
#1662 = DEFINITIONAL_REPRESENTATION('',(#1663),#1667);
#1663 = LINE('',#1664,#1665);
#1664 = CARTESIAN_POINT('',(0.,-0.));
#1665 = VECTOR('',#1666,1.);
#1666 = DIRECTION('',(1.,6.938893903907E-18));
#1667 = ( GEOMETRIC_REPRESENTATION_CONTEXT(2) 
PARAMETRIC_REPRESENTATION_CONTEXT() REPRESENTATION_CONTEXT('2D SPACE',''
  ) );
#1668 = ORIENTED_EDGE('',*,*,#1669,.T.);
#1669 = EDGE_CURVE('',#1647,#935,#1670,.T.);
#1670 = SURFACE_CURVE('',#1671,(#1675,#1682),.PCURVE_S1.);
#1671 = LINE('',#1672,#1673);
#1672 = CARTESIAN_POINT('',(231.19124360271,247.87790682336,
    -78.49919579451));
#1673 = VECTOR('',#1674,1.);
#1674 = DIRECTION('',(0.,-0.707106781187,0.707106781187));
#1675 = PCURVE('',#974,#1676);
#1676 = DEFINITIONAL_REPRESENTATION('',(#1677),#1681);
#1677 = LINE('',#1678,#1679);
#1678 = CARTESIAN_POINT('',(231.19124360271,-105.));
#1679 = VECTOR('',#1680,1.);
#1680 = DIRECTION('',(0.,1.));
#1681 = ( GEOMETRIC_REPRESENTATION_CONTEXT(2) 
PARAMETRIC_REPRESENTATION_CONTEXT() REPRESENTATION_CONTEXT('2D SPACE',''
  ) );
#1682 = PCURVE('',#1553,#1683);
#1683 = DEFINITIONAL_REPRESENTATION('',(#1684),#1688);
#1684 = LINE('',#1685,#1686);
#1685 = CARTESIAN_POINT('',(3.254217893773,-105.));
#1686 = VECTOR('',#1687,1.);
#1687 = DIRECTION('',(-2.386979502944E-15,1.));
#1688 = ( GEOMETRIC_REPRESENTATION_CONTEXT(2) 
PARAMETRIC_REPRESENTATION_CONTEXT() REPRESENTATION_CONTEXT('2D SPACE',''
  ) );
#1689 = ORIENTED_EDGE('',*,*,#958,.F.);
#1690 = ADVANCED_FACE('',(#1691),#1053,.F.);
#1691 = FACE_BOUND('',#1692,.F.);
#1692 = EDGE_LOOP('',(#1693,#1694,#1720,#1721));
#1693 = ORIENTED_EDGE('',*,*,#1039,.T.);
#1694 = ORIENTED_EDGE('',*,*,#1695,.T.);
#1695 = EDGE_CURVE('',#1013,#1118,#1696,.T.);
#1696 = SURFACE_CURVE('',#1697,(#1701,#1708),.PCURVE_S1.);
#1697 = LINE('',#1698,#1699);
#1698 = CARTESIAN_POINT('',(-7.614217893773,171.22046067492,
    -124.6142178937));
#1699 = VECTOR('',#1700,1.);
#1700 = DIRECTION('',(1.,0.,2.729314534837E-16));
#1701 = PCURVE('',#1053,#1702);
#1702 = DEFINITIONAL_REPRESENTATION('',(#1703),#1707);
#1703 = LINE('',#1704,#1705);
#1704 = CARTESIAN_POINT('',(-3.193298005759E-14,-117.));
#1705 = VECTOR('',#1706,1.);
#1706 = DIRECTION('',(1.,0.));
#1707 = ( GEOMETRIC_REPRESENTATION_CONTEXT(2) 
PARAMETRIC_REPRESENTATION_CONTEXT() REPRESENTATION_CONTEXT('2D SPACE',''
  ) );
#1708 = PCURVE('',#1709,#1714);
#1709 = PLANE('',#1710);
#1710 = AXIS2_PLACEMENT_3D('',#1711,#1712,#1713);
#1711 = CARTESIAN_POINT('',(-6.070509835096,171.22046067492,
    -125.9924703141));
#1712 = DIRECTION('',(0.,1.,0.));
#1713 = DIRECTION('',(0.,-0.,1.));
#1714 = DEFINITIONAL_REPRESENTATION('',(#1715),#1719);
#1715 = LINE('',#1716,#1717);
#1716 = CARTESIAN_POINT('',(1.378252420424,-1.543708058677));
#1717 = VECTOR('',#1718,1.);
#1718 = DIRECTION('',(2.729314534837E-16,1.));
#1719 = ( GEOMETRIC_REPRESENTATION_CONTEXT(2) 
PARAMETRIC_REPRESENTATION_CONTEXT() REPRESENTATION_CONTEXT('2D SPACE',''
  ) );
#1720 = ORIENTED_EDGE('',*,*,#1144,.F.);
#1721 = ORIENTED_EDGE('',*,*,#1070,.F.);
#1722 = ADVANCED_FACE('',(#1723),#1028,.F.);
#1723 = FACE_BOUND('',#1724,.T.);
#1724 = EDGE_LOOP('',(#1725,#1726,#1750,#1776));
#1725 = ORIENTED_EDGE('',*,*,#1012,.T.);
#1726 = ORIENTED_EDGE('',*,*,#1727,.T.);
#1727 = EDGE_CURVE('',#1013,#1728,#1730,.T.);
#1728 = VERTEX_POINT('',#1729);
#1729 = CARTESIAN_POINT('',(-8.096526440149,171.22046067492,
    -126.4142178937));
#1730 = SURFACE_CURVE('',#1731,(#1736,#1743),.PCURVE_S1.);
#1731 = CIRCLE('',#1732,3.6);
#1732 = AXIS2_PLACEMENT_3D('',#1733,#1734,#1735);
#1733 = CARTESIAN_POINT('',(-11.21421789377,171.22046067492,
    -124.6142178937));
#1734 = DIRECTION('',(0.,1.,0.));
#1735 = DIRECTION('',(-1.,0.,-0.));
#1736 = PCURVE('',#1028,#1737);
#1737 = DEFINITIONAL_REPRESENTATION('',(#1738),#1742);
#1738 = LINE('',#1739,#1740);
#1739 = CARTESIAN_POINT('',(-0.,-171.2204606749));
#1740 = VECTOR('',#1741,1.);
#1741 = DIRECTION('',(-1.,0.));
#1742 = ( GEOMETRIC_REPRESENTATION_CONTEXT(2) 
PARAMETRIC_REPRESENTATION_CONTEXT() REPRESENTATION_CONTEXT('2D SPACE',''
  ) );
#1743 = PCURVE('',#1709,#1744);
#1744 = DEFINITIONAL_REPRESENTATION('',(#1745),#1749);
#1745 = CIRCLE('',#1746,3.6);
#1746 = AXIS2_PLACEMENT_2D('',#1747,#1748);
#1747 = CARTESIAN_POINT('',(1.378252420424,-5.143708058677));
#1748 = DIRECTION('',(0.,-1.));
#1749 = ( GEOMETRIC_REPRESENTATION_CONTEXT(2) 
PARAMETRIC_REPRESENTATION_CONTEXT() REPRESENTATION_CONTEXT('2D SPACE',''
  ) );
#1750 = ORIENTED_EDGE('',*,*,#1751,.F.);
#1751 = EDGE_CURVE('',#1194,#1728,#1752,.T.);
#1752 = SURFACE_CURVE('',#1753,(#1757,#1764),.PCURVE_S1.);
#1753 = LINE('',#1754,#1755);
#1754 = CARTESIAN_POINT('',(-8.096526440149,0.,-126.4142178937));
#1755 = VECTOR('',#1756,1.);
#1756 = DIRECTION('',(0.,1.,0.));
#1757 = PCURVE('',#1028,#1758);
#1758 = DEFINITIONAL_REPRESENTATION('',(#1759),#1763);
#1759 = LINE('',#1760,#1761);
#1760 = CARTESIAN_POINT('',(-3.665191429188,0.));
#1761 = VECTOR('',#1762,1.);
#1762 = DIRECTION('',(-0.,-1.));
#1763 = ( GEOMETRIC_REPRESENTATION_CONTEXT(2) 
PARAMETRIC_REPRESENTATION_CONTEXT() REPRESENTATION_CONTEXT('2D SPACE',''
  ) );
#1764 = PCURVE('',#1765,#1770);
#1765 = PLANE('',#1766);
#1766 = AXIS2_PLACEMENT_3D('',#1767,#1768,#1769);
#1767 = CARTESIAN_POINT('',(-8.096526440149,0.,-126.4142178937));
#1768 = DIRECTION('',(0.866025403784,0.,-0.5));
#1769 = DIRECTION('',(0.,1.,0.));
#1770 = DEFINITIONAL_REPRESENTATION('',(#1771),#1775);
#1771 = LINE('',#1772,#1773);
#1772 = CARTESIAN_POINT('',(0.,0.));
#1773 = VECTOR('',#1774,1.);
#1774 = DIRECTION('',(1.,0.));
#1775 = ( GEOMETRIC_REPRESENTATION_CONTEXT(2) 
PARAMETRIC_REPRESENTATION_CONTEXT() REPRESENTATION_CONTEXT('2D SPACE',''
  ) );
#1776 = ORIENTED_EDGE('',*,*,#1221,.F.);
#1777 = ADVANCED_FACE('',(#1778),#1133,.T.);
#1778 = FACE_BOUND('',#1779,.F.);
#1779 = EDGE_LOOP('',(#1780,#1781,#1805,#1831));
#1780 = ORIENTED_EDGE('',*,*,#1117,.T.);
#1781 = ORIENTED_EDGE('',*,*,#1782,.T.);
#1782 = EDGE_CURVE('',#1118,#1783,#1785,.T.);
#1783 = VERTEX_POINT('',#1784);
#1784 = CARTESIAN_POINT('',(-5.278291074692,171.22046067492,
    -128.0413268406));
#1785 = SURFACE_CURVE('',#1786,(#1791,#1798),.PCURVE_S1.);
#1786 = CIRCLE('',#1787,6.854217893773);
#1787 = AXIS2_PLACEMENT_3D('',#1788,#1789,#1790);
#1788 = CARTESIAN_POINT('',(-11.21421789377,171.22046067492,
    -124.6142178937));
#1789 = DIRECTION('',(0.,1.,0.));
#1790 = DIRECTION('',(-1.,0.,-0.));
#1791 = PCURVE('',#1133,#1792);
#1792 = DEFINITIONAL_REPRESENTATION('',(#1793),#1797);
#1793 = LINE('',#1794,#1795);
#1794 = CARTESIAN_POINT('',(-0.,-171.2204606749));
#1795 = VECTOR('',#1796,1.);
#1796 = DIRECTION('',(-1.,0.));
#1797 = ( GEOMETRIC_REPRESENTATION_CONTEXT(2) 
PARAMETRIC_REPRESENTATION_CONTEXT() REPRESENTATION_CONTEXT('2D SPACE',''
  ) );
#1798 = PCURVE('',#1709,#1799);
#1799 = DEFINITIONAL_REPRESENTATION('',(#1800),#1804);
#1800 = CIRCLE('',#1801,6.854217893773);
#1801 = AXIS2_PLACEMENT_2D('',#1802,#1803);
#1802 = CARTESIAN_POINT('',(1.378252420424,-5.143708058677));
#1803 = DIRECTION('',(0.,-1.));
#1804 = ( GEOMETRIC_REPRESENTATION_CONTEXT(2) 
PARAMETRIC_REPRESENTATION_CONTEXT() REPRESENTATION_CONTEXT('2D SPACE',''
  ) );
#1805 = ORIENTED_EDGE('',*,*,#1806,.F.);
#1806 = EDGE_CURVE('',#1170,#1783,#1807,.T.);
#1807 = SURFACE_CURVE('',#1808,(#1812,#1819),.PCURVE_S1.);
#1808 = LINE('',#1809,#1810);
#1809 = CARTESIAN_POINT('',(-5.278291074692,0.,-128.0413268406));
#1810 = VECTOR('',#1811,1.);
#1811 = DIRECTION('',(0.,1.,0.));
#1812 = PCURVE('',#1133,#1813);
#1813 = DEFINITIONAL_REPRESENTATION('',(#1814),#1818);
#1814 = LINE('',#1815,#1816);
#1815 = CARTESIAN_POINT('',(-3.665191429188,0.));
#1816 = VECTOR('',#1817,1.);
#1817 = DIRECTION('',(-0.,-1.));
#1818 = ( GEOMETRIC_REPRESENTATION_CONTEXT(2) 
PARAMETRIC_REPRESENTATION_CONTEXT() REPRESENTATION_CONTEXT('2D SPACE',''
  ) );
#1819 = PCURVE('',#1820,#1825);
#1820 = PLANE('',#1821);
#1821 = AXIS2_PLACEMENT_3D('',#1822,#1823,#1824);
#1822 = CARTESIAN_POINT('',(-5.278291074692,0.,-128.0413268406));
#1823 = DIRECTION('',(0.866025403784,0.,-0.5));
#1824 = DIRECTION('',(0.,1.,0.));
#1825 = DEFINITIONAL_REPRESENTATION('',(#1826),#1830);
#1826 = LINE('',#1827,#1828);
#1827 = CARTESIAN_POINT('',(0.,0.));
#1828 = VECTOR('',#1829,1.);
#1829 = DIRECTION('',(1.,0.));
#1830 = ( GEOMETRIC_REPRESENTATION_CONTEXT(2) 
PARAMETRIC_REPRESENTATION_CONTEXT() REPRESENTATION_CONTEXT('2D SPACE',''
  ) );
#1831 = ORIENTED_EDGE('',*,*,#1169,.F.);
#1832 = ADVANCED_FACE('',(#1833),#1209,.T.);
#1833 = FACE_BOUND('',#1834,.T.);
#1834 = EDGE_LOOP('',(#1835,#1864,#1892,#1919));
#1835 = ORIENTED_EDGE('',*,*,#1836,.T.);
#1836 = EDGE_CURVE('',#1194,#1837,#1839,.T.);
#1837 = VERTEX_POINT('',#1838);
#1838 = CARTESIAN_POINT('',(-7.268775928338,-3.567108946886,
    -126.8921198745));
#1839 = SURFACE_CURVE('',#1840,(#1845,#1852),.PCURVE_S1.);
#1840 = CIRCLE('',#1841,7.134217893773);
#1841 = AXIS2_PLACEMENT_3D('',#1842,#1843,#1844);
#1842 = CARTESIAN_POINT('',(-1.918112508008,0.,-129.9813268406));
#1843 = DIRECTION('',(0.5,0.,0.866025403784));
#1844 = DIRECTION('',(0.866025403784,0.,-0.5));
#1845 = PCURVE('',#1209,#1846);
#1846 = DEFINITIONAL_REPRESENTATION('',(#1847),#1851);
#1847 = CIRCLE('',#1848,7.134217893773);
#1848 = AXIS2_PLACEMENT_2D('',#1849,#1850);
#1849 = CARTESIAN_POINT('',(5.403578569127,1.447884513836));
#1850 = DIRECTION('',(1.,2.366582715663E-30));
#1851 = ( GEOMETRIC_REPRESENTATION_CONTEXT(2) 
PARAMETRIC_REPRESENTATION_CONTEXT() REPRESENTATION_CONTEXT('2D SPACE',''
  ) );
#1852 = PCURVE('',#1853,#1858);
#1853 = CYLINDRICAL_SURFACE('',#1854,7.134217893773);
#1854 = AXIS2_PLACEMENT_3D('',#1855,#1856,#1857);
#1855 = CARTESIAN_POINT('',(-50.918112508,0.,-214.8518164115));
#1856 = DIRECTION('',(-0.5,-0.,-0.866025403784));
#1857 = DIRECTION('',(0.866025403784,0.,-0.5));
#1858 = DEFINITIONAL_REPRESENTATION('',(#1859),#1863);
#1859 = LINE('',#1860,#1861);
#1860 = CARTESIAN_POINT('',(-0.,-98.));
#1861 = VECTOR('',#1862,1.);
#1862 = DIRECTION('',(-1.,0.));
#1863 = ( GEOMETRIC_REPRESENTATION_CONTEXT(2) 
PARAMETRIC_REPRESENTATION_CONTEXT() REPRESENTATION_CONTEXT('2D SPACE',''
  ) );
#1864 = ORIENTED_EDGE('',*,*,#1865,.T.);
#1865 = EDGE_CURVE('',#1837,#1866,#1868,.T.);
#1866 = VERTEX_POINT('',#1867);
#1867 = CARTESIAN_POINT('',(-4.828112508008,-1.94,-128.3012375573));
#1868 = SURFACE_CURVE('',#1869,(#1873,#1880),.PCURVE_S1.);
#1869 = LINE('',#1870,#1871);
#1870 = CARTESIAN_POINT('',(-7.268775928338,-3.567108946886,
    -126.8921198745));
#1871 = VECTOR('',#1872,1.);
#1872 = DIRECTION('',(0.75,0.5,-0.433012701892));
#1873 = PCURVE('',#1209,#1874);
#1874 = DEFINITIONAL_REPRESENTATION('',(#1875),#1879);
#1875 = LINE('',#1876,#1877);
#1876 = CARTESIAN_POINT('',(-0.774835363014,-2.119224433051));
#1877 = VECTOR('',#1878,1.);
#1878 = DIRECTION('',(0.866025403784,0.5));
#1879 = ( GEOMETRIC_REPRESENTATION_CONTEXT(2) 
PARAMETRIC_REPRESENTATION_CONTEXT() REPRESENTATION_CONTEXT('2D SPACE',''
  ) );
#1880 = PCURVE('',#1881,#1886);
#1881 = PLANE('',#1882);
#1882 = AXIS2_PLACEMENT_3D('',#1883,#1884,#1885);
#1883 = CARTESIAN_POINT('',(-7.268775928338,-3.567108946886,
    -126.8921198745));
#1884 = DIRECTION('',(0.5,2.359223927328E-15,0.866025403784));
#1885 = DIRECTION('',(0.75,0.5,-0.433012701892));
#1886 = DEFINITIONAL_REPRESENTATION('',(#1887),#1891);
#1887 = LINE('',#1888,#1889);
#1888 = CARTESIAN_POINT('',(0.,0.));
#1889 = VECTOR('',#1890,1.);
#1890 = DIRECTION('',(1.,8.326672684689E-17));
#1891 = ( GEOMETRIC_REPRESENTATION_CONTEXT(2) 
PARAMETRIC_REPRESENTATION_CONTEXT() REPRESENTATION_CONTEXT('2D SPACE',''
  ) );
#1892 = ORIENTED_EDGE('',*,*,#1893,.F.);
#1893 = EDGE_CURVE('',#1170,#1866,#1894,.T.);
#1894 = SURFACE_CURVE('',#1895,(#1900,#1907),.PCURVE_S1.);
#1895 = CIRCLE('',#1896,3.88);
#1896 = AXIS2_PLACEMENT_3D('',#1897,#1898,#1899);
#1897 = CARTESIAN_POINT('',(-1.918112508008,0.,-129.9813268406));
#1898 = DIRECTION('',(0.5,0.,0.866025403784));
#1899 = DIRECTION('',(0.866025403784,0.,-0.5));
#1900 = PCURVE('',#1209,#1901);
#1901 = DEFINITIONAL_REPRESENTATION('',(#1902),#1906);
#1902 = CIRCLE('',#1903,3.88);
#1903 = AXIS2_PLACEMENT_2D('',#1904,#1905);
#1904 = CARTESIAN_POINT('',(5.403578569127,1.447884513836));
#1905 = DIRECTION('',(1.,2.366582715663E-30));
#1906 = ( GEOMETRIC_REPRESENTATION_CONTEXT(2) 
PARAMETRIC_REPRESENTATION_CONTEXT() REPRESENTATION_CONTEXT('2D SPACE',''
  ) );
#1907 = PCURVE('',#1908,#1913);
#1908 = CYLINDRICAL_SURFACE('',#1909,3.88);
#1909 = AXIS2_PLACEMENT_3D('',#1910,#1911,#1912);
#1910 = CARTESIAN_POINT('',(-50.918112508,0.,-214.8518164115));
#1911 = DIRECTION('',(-0.5,-0.,-0.866025403784));
#1912 = DIRECTION('',(0.866025403784,0.,-0.5));
#1913 = DEFINITIONAL_REPRESENTATION('',(#1914),#1918);
#1914 = LINE('',#1915,#1916);
#1915 = CARTESIAN_POINT('',(-0.,-98.));
#1916 = VECTOR('',#1917,1.);
#1917 = DIRECTION('',(-1.,0.));
#1918 = ( GEOMETRIC_REPRESENTATION_CONTEXT(2) 
PARAMETRIC_REPRESENTATION_CONTEXT() REPRESENTATION_CONTEXT('2D SPACE',''
  ) );
#1919 = ORIENTED_EDGE('',*,*,#1193,.T.);
#1920 = ADVANCED_FACE('',(#1921),#1264,.F.);
#1921 = FACE_BOUND('',#1922,.F.);
#1922 = EDGE_LOOP('',(#1923,#1924,#1925,#1953));
#1923 = ORIENTED_EDGE('',*,*,#1248,.T.);
#1924 = ORIENTED_EDGE('',*,*,#1409,.T.);
#1925 = ORIENTED_EDGE('',*,*,#1926,.F.);
#1926 = EDGE_CURVE('',#1927,#1382,#1929,.T.);
#1927 = VERTEX_POINT('',#1928);
#1928 = CARTESIAN_POINT('',(264.36106502993,173.84676906186,
    38.733380202395));
#1929 = SURFACE_CURVE('',#1930,(#1934,#1941),.PCURVE_S1.);
#1930 = LINE('',#1931,#1932);
#1931 = CARTESIAN_POINT('',(264.36106502993,173.84676906186,
    38.733380202395));
#1932 = VECTOR('',#1933,1.);
#1933 = DIRECTION('',(0.29377051308,-0.809194378737,0.50882545442));
#1934 = PCURVE('',#1264,#1935);
#1935 = DEFINITIONAL_REPRESENTATION('',(#1936),#1940);
#1936 = LINE('',#1937,#1938);
#1937 = CARTESIAN_POINT('',(4.712388980385,0.));
#1938 = VECTOR('',#1939,1.);
#1939 = DIRECTION('',(0.,-1.));
#1940 = ( GEOMETRIC_REPRESENTATION_CONTEXT(2) 
PARAMETRIC_REPRESENTATION_CONTEXT() REPRESENTATION_CONTEXT('2D SPACE',''
  ) );
#1941 = PCURVE('',#1942,#1947);
#1942 = PLANE('',#1943);
#1943 = AXIS2_PLACEMENT_3D('',#1944,#1945,#1946);
#1944 = CARTESIAN_POINT('',(264.36106502993,173.84676906186,
    38.733380202395));
#1945 = DIRECTION('',(-0.404597189368,-0.58754102616,-0.700782888585));
#1946 = DIRECTION('',(0.29377051308,-0.809194378737,0.50882545442));
#1947 = DEFINITIONAL_REPRESENTATION('',(#1948),#1952);
#1948 = LINE('',#1949,#1950);
#1949 = CARTESIAN_POINT('',(0.,0.));
#1950 = VECTOR('',#1951,1.);
#1951 = DIRECTION('',(1.,0.));
#1952 = ( GEOMETRIC_REPRESENTATION_CONTEXT(2) 
PARAMETRIC_REPRESENTATION_CONTEXT() REPRESENTATION_CONTEXT('2D SPACE',''
  ) );
#1953 = ORIENTED_EDGE('',*,*,#1954,.F.);
#1954 = EDGE_CURVE('',#1249,#1927,#1955,.T.);
#1955 = SURFACE_CURVE('',#1956,(#1961,#1968),.PCURVE_S1.);
#1956 = CIRCLE('',#1957,4.47);
#1957 = AXIS2_PLACEMENT_3D('',#1958,#1959,#1960);
#1958 = CARTESIAN_POINT('',(262.55251559346,171.22046067492,
    35.600880690418));
#1959 = DIRECTION('',(-0.29377051308,0.809194378737,-0.50882545442));
#1960 = DIRECTION('',(0.866025403784,-2.775557561563E-17,-0.5));
#1961 = PCURVE('',#1264,#1962);
#1962 = DEFINITIONAL_REPRESENTATION('',(#1963),#1967);
#1963 = LINE('',#1964,#1965);
#1964 = CARTESIAN_POINT('',(0.,0.));
#1965 = VECTOR('',#1966,1.);
#1966 = DIRECTION('',(1.,0.));
#1967 = ( GEOMETRIC_REPRESENTATION_CONTEXT(2) 
PARAMETRIC_REPRESENTATION_CONTEXT() REPRESENTATION_CONTEXT('2D SPACE',''
  ) );
#1968 = PCURVE('',#1969,#1974);
#1969 = PLANE('',#1970);
#1970 = AXIS2_PLACEMENT_3D('',#1971,#1972,#1973);
#1971 = CARTESIAN_POINT('',(260.79762124592,173.45498468872,
    40.167673612838));
#1972 = DIRECTION('',(-0.29377051308,0.809194378737,-0.50882545442));
#1973 = DIRECTION('',(0.,0.532313256154,0.846547457218));
#1974 = DEFINITIONAL_REPRESENTATION('',(#1975),#1979);
#1975 = CIRCLE('',#1976,4.47);
#1976 = AXIS2_PLACEMENT_2D('',#1977,#1978);
#1977 = CARTESIAN_POINT('',(-5.055473689855,1.835901714882));
#1978 = DIRECTION('',(-0.423273728609,0.906001849153));
#1979 = ( GEOMETRIC_REPRESENTATION_CONTEXT(2) 
PARAMETRIC_REPRESENTATION_CONTEXT() REPRESENTATION_CONTEXT('2D SPACE',''
  ) );
#1980 = ADVANCED_FACE('',(#1981),#1289,.F.);
#1981 = FACE_BOUND('',#1982,.F.);
#1982 = EDGE_LOOP('',(#1983,#1984,#2005,#2006));
#1983 = ORIENTED_EDGE('',*,*,#1275,.T.);
#1984 = ORIENTED_EDGE('',*,*,#1985,.T.);
#1985 = EDGE_CURVE('',#1249,#1437,#1986,.T.);
#1986 = SURFACE_CURVE('',#1987,(#1991,#1998),.PCURVE_S1.);
#1987 = LINE('',#1988,#1989);
#1988 = CARTESIAN_POINT('',(258.68138203854,171.22046067492,
    37.835880690418));
#1989 = VECTOR('',#1990,1.);
#1990 = DIRECTION('',(-0.866025403784,0.,0.5));
#1991 = PCURVE('',#1289,#1992);
#1992 = DEFINITIONAL_REPRESENTATION('',(#1993),#1997);
#1993 = LINE('',#1994,#1995);
#1994 = CARTESIAN_POINT('',(6.394884621841E-14,-43.68));
#1995 = VECTOR('',#1996,1.);
#1996 = DIRECTION('',(1.,0.));
#1997 = ( GEOMETRIC_REPRESENTATION_CONTEXT(2) 
PARAMETRIC_REPRESENTATION_CONTEXT() REPRESENTATION_CONTEXT('2D SPACE',''
  ) );
#1998 = PCURVE('',#1969,#1999);
#1999 = DEFINITIONAL_REPRESENTATION('',(#2000),#2004);
#2000 = LINE('',#2001,#2002);
#2001 = CARTESIAN_POINT('',(-3.163440122972,-2.213926550834));
#2002 = VECTOR('',#2003,1.);
#2003 = DIRECTION('',(0.423273728609,-0.906001849153));
#2004 = ( GEOMETRIC_REPRESENTATION_CONTEXT(2) 
PARAMETRIC_REPRESENTATION_CONTEXT() REPRESENTATION_CONTEXT('2D SPACE',''
  ) );
#2005 = ORIENTED_EDGE('',*,*,#1458,.F.);
#2006 = ORIENTED_EDGE('',*,*,#1306,.F.);
#2007 = ADVANCED_FACE('',(#2008),#1369,.T.);
#2008 = FACE_BOUND('',#2009,.T.);
#2009 = EDGE_LOOP('',(#2010,#2011,#2012,#2040));
#2010 = ORIENTED_EDGE('',*,*,#1436,.T.);
#2011 = ORIENTED_EDGE('',*,*,#1352,.T.);
#2012 = ORIENTED_EDGE('',*,*,#2013,.F.);
#2013 = EDGE_CURVE('',#2014,#1353,#2016,.T.);
#2014 = VERTEX_POINT('',#2015);
#2015 = CARTESIAN_POINT('',(265.67771244334,175.75875558251,
    41.013880418079));
#2016 = SURFACE_CURVE('',#2017,(#2021,#2028),.PCURVE_S1.);
#2017 = LINE('',#2018,#2019);
#2018 = CARTESIAN_POINT('',(265.67771244334,175.75875558251,
    41.013880418079));
#2019 = VECTOR('',#2020,1.);
#2020 = DIRECTION('',(0.29377051308,-0.809194378737,0.50882545442));
#2021 = PCURVE('',#1369,#2022);
#2022 = DEFINITIONAL_REPRESENTATION('',(#2023),#2027);
#2023 = LINE('',#2024,#2025);
#2024 = CARTESIAN_POINT('',(4.712388980385,0.));
#2025 = VECTOR('',#2026,1.);
#2026 = DIRECTION('',(0.,-1.));
#2027 = ( GEOMETRIC_REPRESENTATION_CONTEXT(2) 
PARAMETRIC_REPRESENTATION_CONTEXT() REPRESENTATION_CONTEXT('2D SPACE',''
  ) );
#2028 = PCURVE('',#2029,#2034);
#2029 = PLANE('',#2030);
#2030 = AXIS2_PLACEMENT_3D('',#2031,#2032,#2033);
#2031 = CARTESIAN_POINT('',(265.67771244334,175.75875558251,
    41.013880418079));
#2032 = DIRECTION('',(-0.404597189368,-0.58754102616,-0.700782888585));
#2033 = DIRECTION('',(0.29377051308,-0.809194378737,0.50882545442));
#2034 = DEFINITIONAL_REPRESENTATION('',(#2035),#2039);
#2035 = LINE('',#2036,#2037);
#2036 = CARTESIAN_POINT('',(3.61542230408E-15,3.5527136788E-15));
#2037 = VECTOR('',#2038,1.);
#2038 = DIRECTION('',(1.,0.));
#2039 = ( GEOMETRIC_REPRESENTATION_CONTEXT(2) 
PARAMETRIC_REPRESENTATION_CONTEXT() REPRESENTATION_CONTEXT('2D SPACE',''
  ) );
#2040 = ORIENTED_EDGE('',*,*,#2041,.F.);
#2041 = EDGE_CURVE('',#1437,#2014,#2042,.T.);
#2042 = SURFACE_CURVE('',#2043,(#2048,#2055),.PCURVE_S1.);
#2043 = CIRCLE('',#2044,7.724217893773);
#2044 = AXIS2_PLACEMENT_3D('',#2045,#2046,#2047);
#2045 = CARTESIAN_POINT('',(262.55251559346,171.22046067492,
    35.600880690418));
#2046 = DIRECTION('',(-0.29377051308,0.809194378737,-0.50882545442));
#2047 = DIRECTION('',(0.866025403784,-2.775557561563E-17,-0.5));
#2048 = PCURVE('',#1369,#2049);
#2049 = DEFINITIONAL_REPRESENTATION('',(#2050),#2054);
#2050 = LINE('',#2051,#2052);
#2051 = CARTESIAN_POINT('',(0.,0.));
#2052 = VECTOR('',#2053,1.);
#2053 = DIRECTION('',(1.,0.));
#2054 = ( GEOMETRIC_REPRESENTATION_CONTEXT(2) 
PARAMETRIC_REPRESENTATION_CONTEXT() REPRESENTATION_CONTEXT('2D SPACE',''
  ) );
#2055 = PCURVE('',#1969,#2056);
#2056 = DEFINITIONAL_REPRESENTATION('',(#2057),#2061);
#2057 = CIRCLE('',#2058,7.724217893773);
#2058 = AXIS2_PLACEMENT_2D('',#2059,#2060);
#2059 = CARTESIAN_POINT('',(-5.055473689855,1.835901714882));
#2060 = DIRECTION('',(-0.423273728609,0.906001849153));
#2061 = ( GEOMETRIC_REPRESENTATION_CONTEXT(2) 
PARAMETRIC_REPRESENTATION_CONTEXT() REPRESENTATION_CONTEXT('2D SPACE',''
  ) );
#2062 = ADVANCED_FACE('',(#2063),#1397,.F.);
#2063 = FACE_BOUND('',#2064,.F.);
#2064 = EDGE_LOOP('',(#2065,#2088,#2116,#2137));
#2065 = ORIENTED_EDGE('',*,*,#2066,.T.);
#2066 = EDGE_CURVE('',#1353,#2067,#2069,.T.);
#2067 = VERTEX_POINT('',#2068);
#2068 = CARTESIAN_POINT('',(410.11012580287,4.538294907591,
    101.17815861656));
#2069 = SURFACE_CURVE('',#2070,(#2074,#2081),.PCURVE_S1.);
#2070 = LINE('',#2071,#2072);
#2071 = CARTESIAN_POINT('',(327.83771244334,4.538294907591,
    148.67815861656));
#2072 = VECTOR('',#2073,1.);
#2073 = DIRECTION('',(0.866025403784,-2.732092454335E-16,-0.5));
#2074 = PCURVE('',#1397,#2075);
#2075 = DEFINITIONAL_REPRESENTATION('',(#2076),#2080);
#2076 = LINE('',#2077,#2078);
#2077 = CARTESIAN_POINT('',(-0.,0.));
#2078 = VECTOR('',#2079,1.);
#2079 = DIRECTION('',(1.609823385706E-15,-1.));
#2080 = ( GEOMETRIC_REPRESENTATION_CONTEXT(2) 
PARAMETRIC_REPRESENTATION_CONTEXT() REPRESENTATION_CONTEXT('2D SPACE',''
  ) );
#2081 = PCURVE('',#2029,#2082);
#2082 = DEFINITIONAL_REPRESENTATION('',(#2083),#2087);
#2083 = LINE('',#2084,#2085);
#2084 = CARTESIAN_POINT('',(211.59373467504,0.));
#2085 = VECTOR('',#2086,1.);
#2086 = DIRECTION('',(5.551115123126E-17,-1.));
#2087 = ( GEOMETRIC_REPRESENTATION_CONTEXT(2) 
PARAMETRIC_REPRESENTATION_CONTEXT() REPRESENTATION_CONTEXT('2D SPACE',''
  ) );
#2088 = ORIENTED_EDGE('',*,*,#2089,.T.);
#2089 = EDGE_CURVE('',#2067,#2090,#2092,.T.);
#2090 = VERTEX_POINT('',#2091);
#2091 = CARTESIAN_POINT('',(408.79347838945,2.626308386935,
    98.897658400876));
#2092 = SURFACE_CURVE('',#2093,(#2097,#2104),.PCURVE_S1.);
#2093 = LINE('',#2094,#2095);
#2094 = CARTESIAN_POINT('',(410.11012580287,4.538294907591,
    101.17815861656));
#2095 = VECTOR('',#2096,1.);
#2096 = DIRECTION('',(-0.404597189368,-0.58754102616,-0.700782888585));
#2097 = PCURVE('',#1397,#2098);
#2098 = DEFINITIONAL_REPRESENTATION('',(#2099),#2103);
#2099 = LINE('',#2100,#2101);
#2100 = CARTESIAN_POINT('',(1.350031197944E-13,-95.));
#2101 = VECTOR('',#2102,1.);
#2102 = DIRECTION('',(1.,1.110223024625E-16));
#2103 = ( GEOMETRIC_REPRESENTATION_CONTEXT(2) 
PARAMETRIC_REPRESENTATION_CONTEXT() REPRESENTATION_CONTEXT('2D SPACE',''
  ) );
#2104 = PCURVE('',#2105,#2110);
#2105 = PLANE('',#2106);
#2106 = AXIS2_PLACEMENT_3D('',#2107,#2108,#2109);
#2107 = CARTESIAN_POINT('',(378.37180209616,89.192531984727,
    46.205769409478));
#2108 = DIRECTION('',(-0.866025403784,-4.256183016952E-14,0.5));
#2109 = DIRECTION('',(-0.5,0.,-0.866025403784));
#2110 = DEFINITIONAL_REPRESENTATION('',(#2111),#2115);
#2111 = LINE('',#2112,#2113);
#2112 = CARTESIAN_POINT('',(-63.47664741341,84.654237077136));
#2113 = VECTOR('',#2114,1.);
#2114 = DIRECTION('',(0.809194378737,0.58754102616));
#2115 = ( GEOMETRIC_REPRESENTATION_CONTEXT(2) 
PARAMETRIC_REPRESENTATION_CONTEXT() REPRESENTATION_CONTEXT('2D SPACE',''
  ) );
#2116 = ORIENTED_EDGE('',*,*,#2117,.F.);
#2117 = EDGE_CURVE('',#1382,#2090,#2118,.T.);
#2118 = SURFACE_CURVE('',#2119,(#2123,#2130),.PCURVE_S1.);
#2119 = LINE('',#2120,#2121);
#2120 = CARTESIAN_POINT('',(326.52106502993,2.626308386935,
    146.39765840087));
#2121 = VECTOR('',#2122,1.);
#2122 = DIRECTION('',(0.866025403784,-2.732092454335E-16,-0.5));
#2123 = PCURVE('',#1397,#2124);
#2124 = DEFINITIONAL_REPRESENTATION('',(#2125),#2129);
#2125 = LINE('',#2126,#2127);
#2126 = CARTESIAN_POINT('',(3.254217893773,2.22044604925E-16));
#2127 = VECTOR('',#2128,1.);
#2128 = DIRECTION('',(1.609823385706E-15,-1.));
#2129 = ( GEOMETRIC_REPRESENTATION_CONTEXT(2) 
PARAMETRIC_REPRESENTATION_CONTEXT() REPRESENTATION_CONTEXT('2D SPACE',''
  ) );
#2130 = PCURVE('',#1942,#2131);
#2131 = DEFINITIONAL_REPRESENTATION('',(#2132),#2136);
#2132 = LINE('',#2133,#2134);
#2133 = CARTESIAN_POINT('',(211.59373467504,0.));
#2134 = VECTOR('',#2135,1.);
#2135 = DIRECTION('',(5.551115123126E-17,-1.));
#2136 = ( GEOMETRIC_REPRESENTATION_CONTEXT(2) 
PARAMETRIC_REPRESENTATION_CONTEXT() REPRESENTATION_CONTEXT('2D SPACE',''
  ) );
#2137 = ORIENTED_EDGE('',*,*,#1381,.F.);
#2138 = ADVANCED_FACE('',(#2139),#1499,.T.);
#2139 = FACE_BOUND('',#2140,.T.);
#2140 = EDGE_LOOP('',(#2141,#2142,#2163,#2164));
#2141 = ORIENTED_EDGE('',*,*,#1483,.T.);
#2142 = ORIENTED_EDGE('',*,*,#2143,.T.);
#2143 = EDGE_CURVE('',#1484,#1624,#2144,.T.);
#2144 = SURFACE_CURVE('',#2145,(#2149,#2156),.PCURVE_S1.);
#2145 = LINE('',#2146,#2147);
#2146 = CARTESIAN_POINT('',(0.,233.84481971809,-59.86394960896));
#2147 = VECTOR('',#2148,1.);
#2148 = DIRECTION('',(0.,-0.707106781187,-0.707106781187));
#2149 = PCURVE('',#1499,#2150);
#2150 = DEFINITIONAL_REPRESENTATION('',(#2151),#2155);
#2151 = LINE('',#2152,#2153);
#2152 = CARTESIAN_POINT('',(1.989519660128E-13,-81.9));
#2153 = VECTOR('',#2154,1.);
#2154 = DIRECTION('',(1.,0.));
#2155 = ( GEOMETRIC_REPRESENTATION_CONTEXT(2) 
PARAMETRIC_REPRESENTATION_CONTEXT() REPRESENTATION_CONTEXT('2D SPACE',''
  ) );
#2156 = PCURVE('',#1527,#2157);
#2157 = DEFINITIONAL_REPRESENTATION('',(#2158),#2162);
#2158 = LINE('',#2159,#2160);
#2159 = CARTESIAN_POINT('',(-5.551115123126E-16,-3.254217893773));
#2160 = VECTOR('',#2161,1.);
#2161 = DIRECTION('',(2.567390744446E-16,1.));
#2162 = ( GEOMETRIC_REPRESENTATION_CONTEXT(2) 
PARAMETRIC_REPRESENTATION_CONTEXT() REPRESENTATION_CONTEXT('2D SPACE',''
  ) );
#2163 = ORIENTED_EDGE('',*,*,#1623,.F.);
#2164 = ORIENTED_EDGE('',*,*,#1570,.F.);
#2165 = ADVANCED_FACE('',(#2166),#1527,.T.);
#2166 = FACE_BOUND('',#2167,.T.);
#2167 = EDGE_LOOP('',(#2168,#2169,#2170,#2191));
#2168 = ORIENTED_EDGE('',*,*,#2143,.F.);
#2169 = ORIENTED_EDGE('',*,*,#1511,.T.);
#2170 = ORIENTED_EDGE('',*,*,#2171,.F.);
#2171 = EDGE_CURVE('',#1647,#1512,#2172,.T.);
#2172 = SURFACE_CURVE('',#2173,(#2177,#2184),.PCURVE_S1.);
#2173 = LINE('',#2174,#2175);
#2174 = CARTESIAN_POINT('',(231.19124360271,247.87790682336,
    -78.49919579451));
#2175 = VECTOR('',#2176,1.);
#2176 = DIRECTION('',(0.,0.707106781187,0.707106781187));
#2177 = PCURVE('',#1527,#2178);
#2178 = DEFINITIONAL_REPRESENTATION('',(#2179),#2183);
#2179 = LINE('',#2180,#2181);
#2180 = CARTESIAN_POINT('',(232.34242212426,1.7763568394E-15));
#2181 = VECTOR('',#2182,1.);
#2182 = DIRECTION('',(-2.567390744446E-16,-1.));
#2183 = ( GEOMETRIC_REPRESENTATION_CONTEXT(2) 
PARAMETRIC_REPRESENTATION_CONTEXT() REPRESENTATION_CONTEXT('2D SPACE',''
  ) );
#2184 = PCURVE('',#1553,#2185);
#2185 = DEFINITIONAL_REPRESENTATION('',(#2186),#2190);
#2186 = LINE('',#2187,#2188);
#2187 = CARTESIAN_POINT('',(3.254217893773,-105.));
#2188 = VECTOR('',#2189,1.);
#2189 = DIRECTION('',(-1.,0.));
#2190 = ( GEOMETRIC_REPRESENTATION_CONTEXT(2) 
PARAMETRIC_REPRESENTATION_CONTEXT() REPRESENTATION_CONTEXT('2D SPACE',''
  ) );
#2191 = ORIENTED_EDGE('',*,*,#1646,.F.);
#2192 = ADVANCED_FACE('',(#2193),#1553,.F.);
#2193 = FACE_BOUND('',#2194,.F.);
#2194 = EDGE_LOOP('',(#2195,#2196,#2197,#2198));
#2195 = ORIENTED_EDGE('',*,*,#1539,.T.);
#2196 = ORIENTED_EDGE('',*,*,#2171,.F.);
#2197 = ORIENTED_EDGE('',*,*,#1669,.T.);
#2198 = ORIENTED_EDGE('',*,*,#1597,.F.);
#2199 = ADVANCED_FACE('',(#2200),#1709,.T.);
#2200 = FACE_BOUND('',#2201,.T.);
#2201 = EDGE_LOOP('',(#2202,#2203,#2229,#2230));
#2202 = ORIENTED_EDGE('',*,*,#1782,.T.);
#2203 = ORIENTED_EDGE('',*,*,#2204,.T.);
#2204 = EDGE_CURVE('',#1783,#1728,#2205,.T.);
#2205 = SURFACE_CURVE('',#2206,(#2210,#2217),.PCURVE_S1.);
#2206 = LINE('',#2207,#2208);
#2207 = CARTESIAN_POINT('',(-5.278291074692,171.22046067492,
    -128.0413268406));
#2208 = VECTOR('',#2209,1.);
#2209 = DIRECTION('',(-0.866025403784,0.,0.5));
#2210 = PCURVE('',#1709,#2211);
#2211 = DEFINITIONAL_REPRESENTATION('',(#2212),#2216);
#2212 = LINE('',#2213,#2214);
#2213 = CARTESIAN_POINT('',(-2.048856526462,0.792218760404));
#2214 = VECTOR('',#2215,1.);
#2215 = DIRECTION('',(0.5,-0.866025403784));
#2216 = ( GEOMETRIC_REPRESENTATION_CONTEXT(2) 
PARAMETRIC_REPRESENTATION_CONTEXT() REPRESENTATION_CONTEXT('2D SPACE',''
  ) );
#2217 = PCURVE('',#2218,#2223);
#2218 = PLANE('',#2219);
#2219 = AXIS2_PLACEMENT_3D('',#2220,#2221,#2222);
#2220 = CARTESIAN_POINT('',(-6.597748820217,172.66834518876,
    -127.279537556));
#2221 = DIRECTION('',(-0.5,2.23300121477E-15,-0.866025403784));
#2222 = DIRECTION('',(-0.866025403784,0.,0.5));
#2223 = DEFINITIONAL_REPRESENTATION('',(#2224),#2228);
#2224 = LINE('',#2225,#2226);
#2225 = CARTESIAN_POINT('',(-1.523578569127,-1.447884513836));
#2226 = VECTOR('',#2227,1.);
#2227 = DIRECTION('',(1.,6.310887241768E-30));
#2228 = ( GEOMETRIC_REPRESENTATION_CONTEXT(2) 
PARAMETRIC_REPRESENTATION_CONTEXT() REPRESENTATION_CONTEXT('2D SPACE',''
  ) );
#2229 = ORIENTED_EDGE('',*,*,#1727,.F.);
#2230 = ORIENTED_EDGE('',*,*,#1695,.T.);
#2231 = ADVANCED_FACE('',(#2232),#1765,.F.);
#2232 = FACE_BOUND('',#2233,.F.);
#2233 = EDGE_LOOP('',(#2234,#2256,#2284,#2309));
#2234 = ORIENTED_EDGE('',*,*,#2235,.T.);
#2235 = EDGE_CURVE('',#1194,#2236,#2238,.T.);
#2236 = VERTEX_POINT('',#2237);
#2237 = CARTESIAN_POINT('',(-57.09652644014,2.189819403141E-16,
    -211.2847074646));
#2238 = SURFACE_CURVE('',#2239,(#2243,#2250),.PCURVE_S1.);
#2239 = LINE('',#2240,#2241);
#2240 = CARTESIAN_POINT('',(-8.096526440149,0.,-126.4142178937));
#2241 = VECTOR('',#2242,1.);
#2242 = DIRECTION('',(-0.5,0.,-0.866025403784));
#2243 = PCURVE('',#1765,#2244);
#2244 = DEFINITIONAL_REPRESENTATION('',(#2245),#2249);
#2245 = LINE('',#2246,#2247);
#2246 = CARTESIAN_POINT('',(0.,0.));
#2247 = VECTOR('',#2248,1.);
#2248 = DIRECTION('',(0.,-1.));
#2249 = ( GEOMETRIC_REPRESENTATION_CONTEXT(2) 
PARAMETRIC_REPRESENTATION_CONTEXT() REPRESENTATION_CONTEXT('2D SPACE',''
  ) );
#2250 = PCURVE('',#1853,#2251);
#2251 = DEFINITIONAL_REPRESENTATION('',(#2252),#2255);
#2252 = B_SPLINE_CURVE_WITH_KNOTS('',1,(#2253,#2254),.UNSPECIFIED.,.F.,
  .F.,(2,2),(0.,98.),.PIECEWISE_BEZIER_KNOTS.);
#2253 = CARTESIAN_POINT('',(-3.14159265359,-98.));
#2254 = CARTESIAN_POINT('',(-3.14159265359,0.));
#2255 = ( GEOMETRIC_REPRESENTATION_CONTEXT(2) 
PARAMETRIC_REPRESENTATION_CONTEXT() REPRESENTATION_CONTEXT('2D SPACE',''
  ) );
#2256 = ORIENTED_EDGE('',*,*,#2257,.F.);
#2257 = EDGE_CURVE('',#2258,#2236,#2260,.T.);
#2258 = VERTEX_POINT('',#2259);
#2259 = CARTESIAN_POINT('',(-46.80652644014,171.22046067492,
    -193.4619046547));
#2260 = SURFACE_CURVE('',#2261,(#2265,#2272),.PCURVE_S1.);
#2261 = LINE('',#2262,#2263);
#2262 = CARTESIAN_POINT('',(-46.80652644014,171.22046067492,
    -193.4619046547));
#2263 = VECTOR('',#2264,1.);
#2264 = DIRECTION('',(-5.966848622712E-02,-0.992853809483,
    -0.103348849756));
#2265 = PCURVE('',#1765,#2266);
#2266 = DEFINITIONAL_REPRESENTATION('',(#2267),#2271);
#2267 = LINE('',#2268,#2269);
#2268 = CARTESIAN_POINT('',(171.22046067492,-77.42));
#2269 = VECTOR('',#2270,1.);
#2270 = DIRECTION('',(-0.992853809483,-0.119336972454));
#2271 = ( GEOMETRIC_REPRESENTATION_CONTEXT(2) 
PARAMETRIC_REPRESENTATION_CONTEXT() REPRESENTATION_CONTEXT('2D SPACE',''
  ) );
#2272 = PCURVE('',#2273,#2278);
#2273 = PLANE('',#2274);
#2274 = AXIS2_PLACEMENT_3D('',#2275,#2276,#2277);
#2275 = CARTESIAN_POINT('',(-46.80652644014,171.22046067492,
    -193.4619046547));
#2276 = DIRECTION('',(-0.496426904742,0.119336972454,-0.859836621257));
#2277 = DIRECTION('',(-5.966848622712E-02,-0.992853809483,
    -0.103348849756));
#2278 = DEFINITIONAL_REPRESENTATION('',(#2279),#2283);
#2279 = LINE('',#2280,#2281);
#2280 = CARTESIAN_POINT('',(-0.,0.));
#2281 = VECTOR('',#2282,1.);
#2282 = DIRECTION('',(1.,6.938893903907E-18));
#2283 = ( GEOMETRIC_REPRESENTATION_CONTEXT(2) 
PARAMETRIC_REPRESENTATION_CONTEXT() REPRESENTATION_CONTEXT('2D SPACE',''
  ) );
#2284 = ORIENTED_EDGE('',*,*,#2285,.F.);
#2285 = EDGE_CURVE('',#1728,#2258,#2286,.T.);
#2286 = SURFACE_CURVE('',#2287,(#2291,#2298),.PCURVE_S1.);
#2287 = LINE('',#2288,#2289);
#2288 = CARTESIAN_POINT('',(-8.096526440149,171.22046067492,
    -126.4142178937));
#2289 = VECTOR('',#2290,1.);
#2290 = DIRECTION('',(-0.5,0.,-0.866025403784));
#2291 = PCURVE('',#1765,#2292);
#2292 = DEFINITIONAL_REPRESENTATION('',(#2293),#2297);
#2293 = LINE('',#2294,#2295);
#2294 = CARTESIAN_POINT('',(171.22046067492,0.));
#2295 = VECTOR('',#2296,1.);
#2296 = DIRECTION('',(0.,-1.));
#2297 = ( GEOMETRIC_REPRESENTATION_CONTEXT(2) 
PARAMETRIC_REPRESENTATION_CONTEXT() REPRESENTATION_CONTEXT('2D SPACE',''
  ) );
#2298 = PCURVE('',#2299,#2304);
#2299 = CYLINDRICAL_SURFACE('',#2300,7.134217893773);
#2300 = AXIS2_PLACEMENT_3D('',#2301,#2302,#2303);
#2301 = CARTESIAN_POINT('',(-1.918112508008,171.22046067492,
    -129.9813268406));
#2302 = DIRECTION('',(0.5,-0.,0.866025403784));
#2303 = DIRECTION('',(0.866025403784,0.,-0.5));
#2304 = DEFINITIONAL_REPRESENTATION('',(#2305),#2308);
#2305 = B_SPLINE_CURVE_WITH_KNOTS('',1,(#2306,#2307),.UNSPECIFIED.,.F.,
  .F.,(2,2),(0.,77.42),.PIECEWISE_BEZIER_KNOTS.);
#2306 = CARTESIAN_POINT('',(-3.14159265359,0.));
#2307 = CARTESIAN_POINT('',(-3.14159265359,-77.42));
#2308 = ( GEOMETRIC_REPRESENTATION_CONTEXT(2) 
PARAMETRIC_REPRESENTATION_CONTEXT() REPRESENTATION_CONTEXT('2D SPACE',''
  ) );
#2309 = ORIENTED_EDGE('',*,*,#1751,.F.);
#2310 = ADVANCED_FACE('',(#2311),#1820,.T.);
#2311 = FACE_BOUND('',#2312,.T.);
#2312 = EDGE_LOOP('',(#2313,#2335,#2358,#2383));
#2313 = ORIENTED_EDGE('',*,*,#2314,.F.);
#2314 = EDGE_CURVE('',#2315,#1170,#2317,.T.);
#2315 = VERTEX_POINT('',#2316);
#2316 = CARTESIAN_POINT('',(-54.27829107469,1.583876525725E-16,
    -212.9118164115));
#2317 = SURFACE_CURVE('',#2318,(#2322,#2329),.PCURVE_S1.);
#2318 = LINE('',#2319,#2320);
#2319 = CARTESIAN_POINT('',(-54.27829107469,0.,-212.9118164115));
#2320 = VECTOR('',#2321,1.);
#2321 = DIRECTION('',(0.5,0.,0.866025403784));
#2322 = PCURVE('',#1820,#2323);
#2323 = DEFINITIONAL_REPRESENTATION('',(#2324),#2328);
#2324 = LINE('',#2325,#2326);
#2325 = CARTESIAN_POINT('',(0.,-98.));
#2326 = VECTOR('',#2327,1.);
#2327 = DIRECTION('',(0.,1.));
#2328 = ( GEOMETRIC_REPRESENTATION_CONTEXT(2) 
PARAMETRIC_REPRESENTATION_CONTEXT() REPRESENTATION_CONTEXT('2D SPACE',''
  ) );
#2329 = PCURVE('',#1908,#2330);
#2330 = DEFINITIONAL_REPRESENTATION('',(#2331),#2334);
#2331 = B_SPLINE_CURVE_WITH_KNOTS('',1,(#2332,#2333),.UNSPECIFIED.,.F.,
  .F.,(2,2),(0.,98.),.PIECEWISE_BEZIER_KNOTS.);
#2332 = CARTESIAN_POINT('',(-3.14159265359,0.));
#2333 = CARTESIAN_POINT('',(-3.14159265359,-98.));
#2334 = ( GEOMETRIC_REPRESENTATION_CONTEXT(2) 
PARAMETRIC_REPRESENTATION_CONTEXT() REPRESENTATION_CONTEXT('2D SPACE',''
  ) );
#2335 = ORIENTED_EDGE('',*,*,#2336,.F.);
#2336 = EDGE_CURVE('',#2337,#2315,#2339,.T.);
#2337 = VERTEX_POINT('',#2338);
#2338 = CARTESIAN_POINT('',(-43.98829107469,171.22046067492,
    -195.0890136016));
#2339 = SURFACE_CURVE('',#2340,(#2344,#2351),.PCURVE_S1.);
#2340 = LINE('',#2341,#2342);
#2341 = CARTESIAN_POINT('',(-43.98829107469,171.22046067492,
    -195.0890136016));
#2342 = VECTOR('',#2343,1.);
#2343 = DIRECTION('',(-5.966848622712E-02,-0.992853809483,
    -0.103348849756));
#2344 = PCURVE('',#1820,#2345);
#2345 = DEFINITIONAL_REPRESENTATION('',(#2346),#2350);
#2346 = LINE('',#2347,#2348);
#2347 = CARTESIAN_POINT('',(171.22046067492,-77.42));
#2348 = VECTOR('',#2349,1.);
#2349 = DIRECTION('',(-0.992853809483,-0.119336972454));
#2350 = ( GEOMETRIC_REPRESENTATION_CONTEXT(2) 
PARAMETRIC_REPRESENTATION_CONTEXT() REPRESENTATION_CONTEXT('2D SPACE',''
  ) );
#2351 = PCURVE('',#2273,#2352);
#2352 = DEFINITIONAL_REPRESENTATION('',(#2353),#2357);
#2353 = LINE('',#2354,#2355);
#2354 = CARTESIAN_POINT('',(1.554312234475E-15,-3.254217893773));
#2355 = VECTOR('',#2356,1.);
#2356 = DIRECTION('',(1.,6.938893903907E-18));
#2357 = ( GEOMETRIC_REPRESENTATION_CONTEXT(2) 
PARAMETRIC_REPRESENTATION_CONTEXT() REPRESENTATION_CONTEXT('2D SPACE',''
  ) );
#2358 = ORIENTED_EDGE('',*,*,#2359,.F.);
#2359 = EDGE_CURVE('',#1783,#2337,#2360,.T.);
#2360 = SURFACE_CURVE('',#2361,(#2365,#2372),.PCURVE_S1.);
#2361 = LINE('',#2362,#2363);
#2362 = CARTESIAN_POINT('',(-5.278291074692,171.22046067492,
    -128.0413268406));
#2363 = VECTOR('',#2364,1.);
#2364 = DIRECTION('',(-0.5,0.,-0.866025403784));
#2365 = PCURVE('',#1820,#2366);
#2366 = DEFINITIONAL_REPRESENTATION('',(#2367),#2371);
#2367 = LINE('',#2368,#2369);
#2368 = CARTESIAN_POINT('',(171.22046067492,0.));
#2369 = VECTOR('',#2370,1.);
#2370 = DIRECTION('',(0.,-1.));
#2371 = ( GEOMETRIC_REPRESENTATION_CONTEXT(2) 
PARAMETRIC_REPRESENTATION_CONTEXT() REPRESENTATION_CONTEXT('2D SPACE',''
  ) );
#2372 = PCURVE('',#2373,#2378);
#2373 = CYLINDRICAL_SURFACE('',#2374,3.88);
#2374 = AXIS2_PLACEMENT_3D('',#2375,#2376,#2377);
#2375 = CARTESIAN_POINT('',(-1.918112508008,171.22046067492,
    -129.9813268406));
#2376 = DIRECTION('',(0.5,-0.,0.866025403784));
#2377 = DIRECTION('',(0.866025403784,0.,-0.5));
#2378 = DEFINITIONAL_REPRESENTATION('',(#2379),#2382);
#2379 = B_SPLINE_CURVE_WITH_KNOTS('',1,(#2380,#2381),.UNSPECIFIED.,.F.,
  .F.,(2,2),(0.,77.42),.PIECEWISE_BEZIER_KNOTS.);
#2380 = CARTESIAN_POINT('',(-3.14159265359,0.));
#2381 = CARTESIAN_POINT('',(-3.14159265359,-77.42));
#2382 = ( GEOMETRIC_REPRESENTATION_CONTEXT(2) 
PARAMETRIC_REPRESENTATION_CONTEXT() REPRESENTATION_CONTEXT('2D SPACE',''
  ) );
#2383 = ORIENTED_EDGE('',*,*,#1806,.F.);
#2384 = ADVANCED_FACE('',(#2385),#1853,.T.);
#2385 = FACE_BOUND('',#2386,.F.);
#2386 = EDGE_LOOP('',(#2387,#2388,#2389,#2417));
#2387 = ORIENTED_EDGE('',*,*,#2235,.F.);
#2388 = ORIENTED_EDGE('',*,*,#1836,.T.);
#2389 = ORIENTED_EDGE('',*,*,#2390,.F.);
#2390 = EDGE_CURVE('',#2391,#1837,#2393,.T.);
#2391 = VERTEX_POINT('',#2392);
#2392 = CARTESIAN_POINT('',(-56.26877592833,-3.567108946886,
    -211.7626094454));
#2393 = SURFACE_CURVE('',#2394,(#2398,#2405),.PCURVE_S1.);
#2394 = LINE('',#2395,#2396);
#2395 = CARTESIAN_POINT('',(-56.26877592833,-3.567108946886,
    -211.7626094454));
#2396 = VECTOR('',#2397,1.);
#2397 = DIRECTION('',(0.5,0.,0.866025403784));
#2398 = PCURVE('',#1853,#2399);
#2399 = DEFINITIONAL_REPRESENTATION('',(#2400),#2404);
#2400 = LINE('',#2401,#2402);
#2401 = CARTESIAN_POINT('',(-3.665191429188,0.));
#2402 = VECTOR('',#2403,1.);
#2403 = DIRECTION('',(-0.,-1.));
#2404 = ( GEOMETRIC_REPRESENTATION_CONTEXT(2) 
PARAMETRIC_REPRESENTATION_CONTEXT() REPRESENTATION_CONTEXT('2D SPACE',''
  ) );
#2405 = PCURVE('',#2406,#2411);
#2406 = PLANE('',#2407);
#2407 = AXIS2_PLACEMENT_3D('',#2408,#2409,#2410);
#2408 = CARTESIAN_POINT('',(-56.26877592833,-3.567108946886,
    -211.7626094454));
#2409 = DIRECTION('',(-0.75,-0.5,0.433012701892));
#2410 = DIRECTION('',(0.5,-2.775557561563E-17,0.866025403784));
#2411 = DEFINITIONAL_REPRESENTATION('',(#2412),#2416);
#2412 = LINE('',#2413,#2414);
#2413 = CARTESIAN_POINT('',(-1.232595164408E-32,3.845925372767E-16));
#2414 = VECTOR('',#2415,1.);
#2415 = DIRECTION('',(1.,5.551115123126E-17));
#2416 = ( GEOMETRIC_REPRESENTATION_CONTEXT(2) 
PARAMETRIC_REPRESENTATION_CONTEXT() REPRESENTATION_CONTEXT('2D SPACE',''
  ) );
#2417 = ORIENTED_EDGE('',*,*,#2418,.F.);
#2418 = EDGE_CURVE('',#2236,#2391,#2419,.T.);
#2419 = SURFACE_CURVE('',#2420,(#2425,#2432),.PCURVE_S1.);
#2420 = CIRCLE('',#2421,7.134217893773);
#2421 = AXIS2_PLACEMENT_3D('',#2422,#2423,#2424);
#2422 = CARTESIAN_POINT('',(-50.918112508,0.,-214.8518164115));
#2423 = DIRECTION('',(0.5,0.,0.866025403784));
#2424 = DIRECTION('',(0.866025403784,0.,-0.5));
#2425 = PCURVE('',#1853,#2426);
#2426 = DEFINITIONAL_REPRESENTATION('',(#2427),#2431);
#2427 = LINE('',#2428,#2429);
#2428 = CARTESIAN_POINT('',(-0.,0.));
#2429 = VECTOR('',#2430,1.);
#2430 = DIRECTION('',(-1.,0.));
#2431 = ( GEOMETRIC_REPRESENTATION_CONTEXT(2) 
PARAMETRIC_REPRESENTATION_CONTEXT() REPRESENTATION_CONTEXT('2D SPACE',''
  ) );
#2432 = PCURVE('',#2433,#2438);
#2433 = PLANE('',#2434);
#2434 = AXIS2_PLACEMENT_3D('',#2435,#2436,#2437);
#2435 = CARTESIAN_POINT('',(-55.59774882021,-1.447884513836,
    -212.1500271269));
#2436 = DIRECTION('',(0.5,3.058582146872E-15,0.866025403784));
#2437 = DIRECTION('',(0.866025403784,0.,-0.5));
#2438 = DEFINITIONAL_REPRESENTATION('',(#2439),#2443);
#2439 = CIRCLE('',#2440,7.134217893773);
#2440 = AXIS2_PLACEMENT_2D('',#2441,#2442);
#2441 = CARTESIAN_POINT('',(5.403578569127,1.447884513836));
#2442 = DIRECTION('',(1.,2.366582715663E-30));
#2443 = ( GEOMETRIC_REPRESENTATION_CONTEXT(2) 
PARAMETRIC_REPRESENTATION_CONTEXT() REPRESENTATION_CONTEXT('2D SPACE',''
  ) );
#2444 = ADVANCED_FACE('',(#2445),#1881,.T.);
#2445 = FACE_BOUND('',#2446,.T.);
#2446 = EDGE_LOOP('',(#2447,#2470,#2498,#2524));
#2447 = ORIENTED_EDGE('',*,*,#2448,.F.);
#2448 = EDGE_CURVE('',#2449,#1837,#2451,.T.);
#2449 = VERTEX_POINT('',#2450);
#2450 = CARTESIAN_POINT('',(25.207176713579,-68.51901423071,
    -145.6421198745));
#2451 = SURFACE_CURVE('',#2452,(#2456,#2463),.PCURVE_S1.);
#2452 = LINE('',#2453,#2454);
#2453 = CARTESIAN_POINT('',(25.207176713579,-68.51901423071,
    -145.6421198745));
#2454 = VECTOR('',#2455,1.);
#2455 = DIRECTION('',(-0.433012701892,0.866025403784,0.25));
#2456 = PCURVE('',#1881,#2457);
#2457 = DEFINITIONAL_REPRESENTATION('',(#2458),#2462);
#2458 = LINE('',#2459,#2460);
#2459 = CARTESIAN_POINT('',(8.348877145181E-14,-75.));
#2460 = VECTOR('',#2461,1.);
#2461 = DIRECTION('',(-1.054711873394E-15,1.));
#2462 = ( GEOMETRIC_REPRESENTATION_CONTEXT(2) 
PARAMETRIC_REPRESENTATION_CONTEXT() REPRESENTATION_CONTEXT('2D SPACE',''
  ) );
#2463 = PCURVE('',#2406,#2464);
#2464 = DEFINITIONAL_REPRESENTATION('',(#2465),#2469);
#2465 = LINE('',#2466,#2467);
#2466 = CARTESIAN_POINT('',(98.,-75.));
#2467 = VECTOR('',#2468,1.);
#2468 = DIRECTION('',(1.110223024625E-16,1.));
#2469 = ( GEOMETRIC_REPRESENTATION_CONTEXT(2) 
PARAMETRIC_REPRESENTATION_CONTEXT() REPRESENTATION_CONTEXT('2D SPACE',''
  ) );
#2470 = ORIENTED_EDGE('',*,*,#2471,.F.);
#2471 = EDGE_CURVE('',#2472,#2449,#2474,.T.);
#2472 = VERTEX_POINT('',#2473);
#2473 = CARTESIAN_POINT('',(27.647840133908,-66.89190528383,
    -147.0512375573));
#2474 = SURFACE_CURVE('',#2475,(#2479,#2486),.PCURVE_S1.);
#2475 = LINE('',#2476,#2477);
#2476 = CARTESIAN_POINT('',(27.647840133908,-66.89190528383,
    -147.0512375573));
#2477 = VECTOR('',#2478,1.);
#2478 = DIRECTION('',(-0.75,-0.5,0.433012701892));
#2479 = PCURVE('',#1881,#2480);
#2480 = DEFINITIONAL_REPRESENTATION('',(#2481),#2485);
#2481 = LINE('',#2482,#2483);
#2482 = CARTESIAN_POINT('',(3.254217893773,-75.));
#2483 = VECTOR('',#2484,1.);
#2484 = DIRECTION('',(-1.,-8.326672684689E-17));
#2485 = ( GEOMETRIC_REPRESENTATION_CONTEXT(2) 
PARAMETRIC_REPRESENTATION_CONTEXT() REPRESENTATION_CONTEXT('2D SPACE',''
  ) );
#2486 = PCURVE('',#2487,#2492);
#2487 = PLANE('',#2488);
#2488 = AXIS2_PLACEMENT_3D('',#2489,#2490,#2491);
#2489 = CARTESIAN_POINT('',(-36.61585760779,-36.36450980043,
    -223.1092271281));
#2490 = DIRECTION('',(-0.238223712054,0.814911873875,0.52836360665));
#2491 = DIRECTION('',(0.617048995636,-0.293118811777,0.730295761433));
#2492 = DEFINITIONAL_REPRESENTATION('',(#2493),#2497);
#2493 = LINE('',#2494,#2495);
#2494 = CARTESIAN_POINT('',(104.14683144484,2.13162820728E-14));
#2495 = VECTOR('',#2496,1.);
#2496 = DIRECTION('',(3.996802888651E-15,-1.));
#2497 = ( GEOMETRIC_REPRESENTATION_CONTEXT(2) 
PARAMETRIC_REPRESENTATION_CONTEXT() REPRESENTATION_CONTEXT('2D SPACE',''
  ) );
#2498 = ORIENTED_EDGE('',*,*,#2499,.F.);
#2499 = EDGE_CURVE('',#1866,#2472,#2500,.T.);
#2500 = SURFACE_CURVE('',#2501,(#2505,#2512),.PCURVE_S1.);
#2501 = LINE('',#2502,#2503);
#2502 = CARTESIAN_POINT('',(-4.828112508008,-1.94,-128.3012375573));
#2503 = VECTOR('',#2504,1.);
#2504 = DIRECTION('',(0.433012701892,-0.866025403784,-0.25));
#2505 = PCURVE('',#1881,#2506);
#2506 = DEFINITIONAL_REPRESENTATION('',(#2507),#2511);
#2507 = LINE('',#2508,#2509);
#2508 = CARTESIAN_POINT('',(3.254217893773,2.775557561563E-16));
#2509 = VECTOR('',#2510,1.);
#2510 = DIRECTION('',(1.054711873394E-15,-1.));
#2511 = ( GEOMETRIC_REPRESENTATION_CONTEXT(2) 
PARAMETRIC_REPRESENTATION_CONTEXT() REPRESENTATION_CONTEXT('2D SPACE',''
  ) );
#2512 = PCURVE('',#2513,#2518);
#2513 = PLANE('',#2514);
#2514 = AXIS2_PLACEMENT_3D('',#2515,#2516,#2517);
#2515 = CARTESIAN_POINT('',(-53.828112508,-1.94,-213.1717271281));
#2516 = DIRECTION('',(-0.75,-0.5,0.433012701892));
#2517 = DIRECTION('',(0.5,-2.775557561563E-17,0.866025403784));
#2518 = DEFINITIONAL_REPRESENTATION('',(#2519),#2523);
#2519 = LINE('',#2520,#2521);
#2520 = CARTESIAN_POINT('',(98.,3.552713678801E-15));
#2521 = VECTOR('',#2522,1.);
#2522 = DIRECTION('',(-1.110223024625E-16,-1.));
#2523 = ( GEOMETRIC_REPRESENTATION_CONTEXT(2) 
PARAMETRIC_REPRESENTATION_CONTEXT() REPRESENTATION_CONTEXT('2D SPACE',''
  ) );
#2524 = ORIENTED_EDGE('',*,*,#1865,.F.);
#2525 = ADVANCED_FACE('',(#2526),#1908,.F.);
#2526 = FACE_BOUND('',#2527,.T.);
#2527 = EDGE_LOOP('',(#2528,#2529,#2530,#2553));
#2528 = ORIENTED_EDGE('',*,*,#2314,.T.);
#2529 = ORIENTED_EDGE('',*,*,#1893,.T.);
#2530 = ORIENTED_EDGE('',*,*,#2531,.F.);
#2531 = EDGE_CURVE('',#2532,#1866,#2534,.T.);
#2532 = VERTEX_POINT('',#2533);
#2533 = CARTESIAN_POINT('',(-53.828112508,-1.94,-213.1717271281));
#2534 = SURFACE_CURVE('',#2535,(#2539,#2546),.PCURVE_S1.);
#2535 = LINE('',#2536,#2537);
#2536 = CARTESIAN_POINT('',(-53.828112508,-1.94,-213.1717271281));
#2537 = VECTOR('',#2538,1.);
#2538 = DIRECTION('',(0.5,0.,0.866025403784));
#2539 = PCURVE('',#1908,#2540);
#2540 = DEFINITIONAL_REPRESENTATION('',(#2541),#2545);
#2541 = LINE('',#2542,#2543);
#2542 = CARTESIAN_POINT('',(-3.665191429188,0.));
#2543 = VECTOR('',#2544,1.);
#2544 = DIRECTION('',(-0.,-1.));
#2545 = ( GEOMETRIC_REPRESENTATION_CONTEXT(2) 
PARAMETRIC_REPRESENTATION_CONTEXT() REPRESENTATION_CONTEXT('2D SPACE',''
  ) );
#2546 = PCURVE('',#2513,#2547);
#2547 = DEFINITIONAL_REPRESENTATION('',(#2548),#2552);
#2548 = LINE('',#2549,#2550);
#2549 = CARTESIAN_POINT('',(-6.162975822039E-33,1.922962686384E-16));
#2550 = VECTOR('',#2551,1.);
#2551 = DIRECTION('',(1.,5.551115123126E-17));
#2552 = ( GEOMETRIC_REPRESENTATION_CONTEXT(2) 
PARAMETRIC_REPRESENTATION_CONTEXT() REPRESENTATION_CONTEXT('2D SPACE',''
  ) );
#2553 = ORIENTED_EDGE('',*,*,#2554,.F.);
#2554 = EDGE_CURVE('',#2315,#2532,#2555,.T.);
#2555 = SURFACE_CURVE('',#2556,(#2561,#2568),.PCURVE_S1.);
#2556 = CIRCLE('',#2557,3.88);
#2557 = AXIS2_PLACEMENT_3D('',#2558,#2559,#2560);
#2558 = CARTESIAN_POINT('',(-50.918112508,0.,-214.8518164115));
#2559 = DIRECTION('',(0.5,0.,0.866025403784));
#2560 = DIRECTION('',(0.866025403784,0.,-0.5));
#2561 = PCURVE('',#1908,#2562);
#2562 = DEFINITIONAL_REPRESENTATION('',(#2563),#2567);
#2563 = LINE('',#2564,#2565);
#2564 = CARTESIAN_POINT('',(-0.,0.));
#2565 = VECTOR('',#2566,1.);
#2566 = DIRECTION('',(-1.,0.));
#2567 = ( GEOMETRIC_REPRESENTATION_CONTEXT(2) 
PARAMETRIC_REPRESENTATION_CONTEXT() REPRESENTATION_CONTEXT('2D SPACE',''
  ) );
#2568 = PCURVE('',#2433,#2569);
#2569 = DEFINITIONAL_REPRESENTATION('',(#2570),#2574);
#2570 = CIRCLE('',#2571,3.88);
#2571 = AXIS2_PLACEMENT_2D('',#2572,#2573);
#2572 = CARTESIAN_POINT('',(5.403578569127,1.447884513836));
#2573 = DIRECTION('',(1.,2.366582715663E-30));
#2574 = ( GEOMETRIC_REPRESENTATION_CONTEXT(2) 
PARAMETRIC_REPRESENTATION_CONTEXT() REPRESENTATION_CONTEXT('2D SPACE',''
  ) );
#2575 = ADVANCED_FACE('',(#2576),#1942,.T.);
#2576 = FACE_BOUND('',#2577,.T.);
#2577 = EDGE_LOOP('',(#2578,#2606,#2627,#2628));
#2578 = ORIENTED_EDGE('',*,*,#2579,.T.);
#2579 = EDGE_CURVE('',#1927,#2580,#2582,.T.);
#2580 = VERTEX_POINT('',#2581);
#2581 = CARTESIAN_POINT('',(346.63347838945,173.84676906186,
    -8.766619797605));
#2582 = SURFACE_CURVE('',#2583,(#2587,#2594),.PCURVE_S1.);
#2583 = LINE('',#2584,#2585);
#2584 = CARTESIAN_POINT('',(264.36106502993,173.84676906186,
    38.733380202395));
#2585 = VECTOR('',#2586,1.);
#2586 = DIRECTION('',(0.866025403784,-2.732092454335E-16,-0.5));
#2587 = PCURVE('',#1942,#2588);
#2588 = DEFINITIONAL_REPRESENTATION('',(#2589),#2593);
#2589 = LINE('',#2590,#2591);
#2590 = CARTESIAN_POINT('',(0.,0.));
#2591 = VECTOR('',#2592,1.);
#2592 = DIRECTION('',(5.551115123126E-17,-1.));
#2593 = ( GEOMETRIC_REPRESENTATION_CONTEXT(2) 
PARAMETRIC_REPRESENTATION_CONTEXT() REPRESENTATION_CONTEXT('2D SPACE',''
  ) );
#2594 = PCURVE('',#2595,#2600);
#2595 = PLANE('',#2596);
#2596 = AXIS2_PLACEMENT_3D('',#2597,#2598,#2599);
#2597 = CARTESIAN_POINT('',(265.67771244334,175.75875558251,
    41.013880418079));
#2598 = DIRECTION('',(-0.29377051308,0.809194378737,-0.50882545442));
#2599 = DIRECTION('',(-0.404597189368,-0.58754102616,-0.700782888585));
#2600 = DEFINITIONAL_REPRESENTATION('',(#2601),#2605);
#2601 = LINE('',#2602,#2603);
#2602 = CARTESIAN_POINT('',(3.254217893773,0.));
#2603 = VECTOR('',#2604,1.);
#2604 = DIRECTION('',(2.553512956638E-15,-1.));
#2605 = ( GEOMETRIC_REPRESENTATION_CONTEXT(2) 
PARAMETRIC_REPRESENTATION_CONTEXT() REPRESENTATION_CONTEXT('2D SPACE',''
  ) );
#2606 = ORIENTED_EDGE('',*,*,#2607,.T.);
#2607 = EDGE_CURVE('',#2580,#2090,#2608,.T.);
#2608 = SURFACE_CURVE('',#2609,(#2613,#2620),.PCURVE_S1.);
#2609 = LINE('',#2610,#2611);
#2610 = CARTESIAN_POINT('',(346.63347838945,173.84676906186,
    -8.766619797605));
#2611 = VECTOR('',#2612,1.);
#2612 = DIRECTION('',(0.29377051308,-0.809194378737,0.50882545442));
#2613 = PCURVE('',#1942,#2614);
#2614 = DEFINITIONAL_REPRESENTATION('',(#2615),#2619);
#2615 = LINE('',#2616,#2617);
#2616 = CARTESIAN_POINT('',(3.552713678801E-15,-95.));
#2617 = VECTOR('',#2618,1.);
#2618 = DIRECTION('',(1.,0.));
#2619 = ( GEOMETRIC_REPRESENTATION_CONTEXT(2) 
PARAMETRIC_REPRESENTATION_CONTEXT() REPRESENTATION_CONTEXT('2D SPACE',''
  ) );
#2620 = PCURVE('',#2105,#2621);
#2621 = DEFINITIONAL_REPRESENTATION('',(#2622),#2626);
#2622 = LINE('',#2623,#2624);
#2623 = CARTESIAN_POINT('',(63.476647413412,-84.65423707713));
#2624 = VECTOR('',#2625,1.);
#2625 = DIRECTION('',(-0.58754102616,0.809194378737));
#2626 = ( GEOMETRIC_REPRESENTATION_CONTEXT(2) 
PARAMETRIC_REPRESENTATION_CONTEXT() REPRESENTATION_CONTEXT('2D SPACE',''
  ) );
#2627 = ORIENTED_EDGE('',*,*,#2117,.F.);
#2628 = ORIENTED_EDGE('',*,*,#1926,.F.);
#2629 = ADVANCED_FACE('',(#2630),#1969,.T.);
#2630 = FACE_BOUND('',#2631,.T.);
#2631 = EDGE_LOOP('',(#2632,#2633,#2654,#2655));
#2632 = ORIENTED_EDGE('',*,*,#2041,.T.);
#2633 = ORIENTED_EDGE('',*,*,#2634,.T.);
#2634 = EDGE_CURVE('',#2014,#1927,#2635,.T.);
#2635 = SURFACE_CURVE('',#2636,(#2640,#2647),.PCURVE_S1.);
#2636 = LINE('',#2637,#2638);
#2637 = CARTESIAN_POINT('',(265.67771244334,175.75875558251,
    41.013880418079));
#2638 = VECTOR('',#2639,1.);
#2639 = DIRECTION('',(-0.404597189368,-0.58754102616,-0.700782888585));
#2640 = PCURVE('',#1969,#2641);
#2641 = DEFINITIONAL_REPRESENTATION('',(#2642),#2646);
#2642 = LINE('',#2643,#2644);
#2643 = CARTESIAN_POINT('',(1.942682005168,5.105360223368));
#2644 = VECTOR('',#2645,1.);
#2645 = DIRECTION('',(-0.906001849153,-0.423273728609));
#2646 = ( GEOMETRIC_REPRESENTATION_CONTEXT(2) 
PARAMETRIC_REPRESENTATION_CONTEXT() REPRESENTATION_CONTEXT('2D SPACE',''
  ) );
#2647 = PCURVE('',#2595,#2648);
#2648 = DEFINITIONAL_REPRESENTATION('',(#2649),#2653);
#2649 = LINE('',#2650,#2651);
#2650 = CARTESIAN_POINT('',(-0.,0.));
#2651 = VECTOR('',#2652,1.);
#2652 = DIRECTION('',(1.,0.));
#2653 = ( GEOMETRIC_REPRESENTATION_CONTEXT(2) 
PARAMETRIC_REPRESENTATION_CONTEXT() REPRESENTATION_CONTEXT('2D SPACE',''
  ) );
#2654 = ORIENTED_EDGE('',*,*,#1954,.F.);
#2655 = ORIENTED_EDGE('',*,*,#1985,.T.);
#2656 = ADVANCED_FACE('',(#2657),#2029,.F.);
#2657 = FACE_BOUND('',#2658,.F.);
#2658 = EDGE_LOOP('',(#2659,#2682,#2703,#2704));
#2659 = ORIENTED_EDGE('',*,*,#2660,.T.);
#2660 = EDGE_CURVE('',#2014,#2661,#2663,.T.);
#2661 = VERTEX_POINT('',#2662);
#2662 = CARTESIAN_POINT('',(347.95012580287,175.75875558251,
    -6.486119581921));
#2663 = SURFACE_CURVE('',#2664,(#2668,#2675),.PCURVE_S1.);
#2664 = LINE('',#2665,#2666);
#2665 = CARTESIAN_POINT('',(265.67771244334,175.75875558251,
    41.013880418079));
#2666 = VECTOR('',#2667,1.);
#2667 = DIRECTION('',(0.866025403784,-2.732092454335E-16,-0.5));
#2668 = PCURVE('',#2029,#2669);
#2669 = DEFINITIONAL_REPRESENTATION('',(#2670),#2674);
#2670 = LINE('',#2671,#2672);
#2671 = CARTESIAN_POINT('',(0.,0.));
#2672 = VECTOR('',#2673,1.);
#2673 = DIRECTION('',(5.551115123126E-17,-1.));
#2674 = ( GEOMETRIC_REPRESENTATION_CONTEXT(2) 
PARAMETRIC_REPRESENTATION_CONTEXT() REPRESENTATION_CONTEXT('2D SPACE',''
  ) );
#2675 = PCURVE('',#2595,#2676);
#2676 = DEFINITIONAL_REPRESENTATION('',(#2677),#2681);
#2677 = LINE('',#2678,#2679);
#2678 = CARTESIAN_POINT('',(-0.,0.));
#2679 = VECTOR('',#2680,1.);
#2680 = DIRECTION('',(2.553512956638E-15,-1.));
#2681 = ( GEOMETRIC_REPRESENTATION_CONTEXT(2) 
PARAMETRIC_REPRESENTATION_CONTEXT() REPRESENTATION_CONTEXT('2D SPACE',''
  ) );
#2682 = ORIENTED_EDGE('',*,*,#2683,.T.);
#2683 = EDGE_CURVE('',#2661,#2067,#2684,.T.);
#2684 = SURFACE_CURVE('',#2685,(#2689,#2696),.PCURVE_S1.);
#2685 = LINE('',#2686,#2687);
#2686 = CARTESIAN_POINT('',(347.95012580287,175.75875558251,
    -6.486119581921));
#2687 = VECTOR('',#2688,1.);
#2688 = DIRECTION('',(0.29377051308,-0.809194378737,0.50882545442));
#2689 = PCURVE('',#2029,#2690);
#2690 = DEFINITIONAL_REPRESENTATION('',(#2691),#2695);
#2691 = LINE('',#2692,#2693);
#2692 = CARTESIAN_POINT('',(3.552713678801E-15,-95.));
#2693 = VECTOR('',#2694,1.);
#2694 = DIRECTION('',(1.,0.));
#2695 = ( GEOMETRIC_REPRESENTATION_CONTEXT(2) 
PARAMETRIC_REPRESENTATION_CONTEXT() REPRESENTATION_CONTEXT('2D SPACE',''
  ) );
#2696 = PCURVE('',#2105,#2697);
#2697 = DEFINITIONAL_REPRESENTATION('',(#2698),#2702);
#2698 = LINE('',#2699,#2700);
#2699 = CARTESIAN_POINT('',(60.843352586588,-86.56622359779));
#2700 = VECTOR('',#2701,1.);
#2701 = DIRECTION('',(-0.58754102616,0.809194378737));
#2702 = ( GEOMETRIC_REPRESENTATION_CONTEXT(2) 
PARAMETRIC_REPRESENTATION_CONTEXT() REPRESENTATION_CONTEXT('2D SPACE',''
  ) );
#2703 = ORIENTED_EDGE('',*,*,#2066,.F.);
#2704 = ORIENTED_EDGE('',*,*,#2013,.F.);
#2705 = ADVANCED_FACE('',(#2706),#2105,.F.);
#2706 = FACE_BOUND('',#2707,.F.);
#2707 = EDGE_LOOP('',(#2708,#2729,#2730,#2731));
#2708 = ORIENTED_EDGE('',*,*,#2709,.T.);
#2709 = EDGE_CURVE('',#2661,#2580,#2710,.T.);
#2710 = SURFACE_CURVE('',#2711,(#2715,#2722),.PCURVE_S1.);
#2711 = LINE('',#2712,#2713);
#2712 = CARTESIAN_POINT('',(347.95012580287,175.75875558251,
    -6.486119581921));
#2713 = VECTOR('',#2714,1.);
#2714 = DIRECTION('',(-0.404597189368,-0.58754102616,-0.700782888585));
#2715 = PCURVE('',#2105,#2716);
#2716 = DEFINITIONAL_REPRESENTATION('',(#2717),#2721);
#2717 = LINE('',#2718,#2719);
#2718 = CARTESIAN_POINT('',(60.843352586588,-86.56622359779));
#2719 = VECTOR('',#2720,1.);
#2720 = DIRECTION('',(0.809194378737,0.58754102616));
#2721 = ( GEOMETRIC_REPRESENTATION_CONTEXT(2) 
PARAMETRIC_REPRESENTATION_CONTEXT() REPRESENTATION_CONTEXT('2D SPACE',''
  ) );
#2722 = PCURVE('',#2595,#2723);
#2723 = DEFINITIONAL_REPRESENTATION('',(#2724),#2728);
#2724 = LINE('',#2725,#2726);
#2725 = CARTESIAN_POINT('',(2.415845301584E-13,-95.));
#2726 = VECTOR('',#2727,1.);
#2727 = DIRECTION('',(1.,0.));
#2728 = ( GEOMETRIC_REPRESENTATION_CONTEXT(2) 
PARAMETRIC_REPRESENTATION_CONTEXT() REPRESENTATION_CONTEXT('2D SPACE',''
  ) );
#2729 = ORIENTED_EDGE('',*,*,#2607,.T.);
#2730 = ORIENTED_EDGE('',*,*,#2089,.F.);
#2731 = ORIENTED_EDGE('',*,*,#2683,.F.);
#2732 = ADVANCED_FACE('',(#2733),#2218,.F.);
#2733 = FACE_BOUND('',#2734,.F.);
#2734 = EDGE_LOOP('',(#2735,#2759,#2787,#2809));
#2735 = ORIENTED_EDGE('',*,*,#2736,.T.);
#2736 = EDGE_CURVE('',#1728,#2737,#2739,.T.);
#2737 = VERTEX_POINT('',#2738);
#2738 = CARTESIAN_POINT('',(-7.268775928338,174.78756962181,
    -126.8921198745));
#2739 = SURFACE_CURVE('',#2740,(#2745,#2752),.PCURVE_S1.);
#2740 = CIRCLE('',#2741,7.134217893773);
#2741 = AXIS2_PLACEMENT_3D('',#2742,#2743,#2744);
#2742 = CARTESIAN_POINT('',(-1.918112508008,171.22046067492,
    -129.9813268406));
#2743 = DIRECTION('',(-0.5,0.,-0.866025403784));
#2744 = DIRECTION('',(0.866025403784,0.,-0.5));
#2745 = PCURVE('',#2218,#2746);
#2746 = DEFINITIONAL_REPRESENTATION('',(#2747),#2751);
#2747 = CIRCLE('',#2748,7.134217893773);
#2748 = AXIS2_PLACEMENT_2D('',#2749,#2750);
#2749 = CARTESIAN_POINT('',(-5.403578569127,-1.447884513836));
#2750 = DIRECTION('',(-1.,2.563797941968E-30));
#2751 = ( GEOMETRIC_REPRESENTATION_CONTEXT(2) 
PARAMETRIC_REPRESENTATION_CONTEXT() REPRESENTATION_CONTEXT('2D SPACE',''
  ) );
#2752 = PCURVE('',#2299,#2753);
#2753 = DEFINITIONAL_REPRESENTATION('',(#2754),#2758);
#2754 = LINE('',#2755,#2756);
#2755 = CARTESIAN_POINT('',(-0.,0.));
#2756 = VECTOR('',#2757,1.);
#2757 = DIRECTION('',(-1.,0.));
#2758 = ( GEOMETRIC_REPRESENTATION_CONTEXT(2) 
PARAMETRIC_REPRESENTATION_CONTEXT() REPRESENTATION_CONTEXT('2D SPACE',''
  ) );
#2759 = ORIENTED_EDGE('',*,*,#2760,.T.);
#2760 = EDGE_CURVE('',#2737,#2761,#2763,.T.);
#2761 = VERTEX_POINT('',#2762);
#2762 = CARTESIAN_POINT('',(-4.828112508008,173.16046067492,
    -128.3012375573));
#2763 = SURFACE_CURVE('',#2764,(#2768,#2775),.PCURVE_S1.);
#2764 = LINE('',#2765,#2766);
#2765 = CARTESIAN_POINT('',(-7.268775928338,174.78756962181,
    -126.8921198745));
#2766 = VECTOR('',#2767,1.);
#2767 = DIRECTION('',(0.75,-0.5,-0.433012701892));
#2768 = PCURVE('',#2218,#2769);
#2769 = DEFINITIONAL_REPRESENTATION('',(#2770),#2774);
#2770 = LINE('',#2771,#2772);
#2771 = CARTESIAN_POINT('',(0.774835363014,2.119224433051));
#2772 = VECTOR('',#2773,1.);
#2773 = DIRECTION('',(-0.866025403784,-0.5));
#2774 = ( GEOMETRIC_REPRESENTATION_CONTEXT(2) 
PARAMETRIC_REPRESENTATION_CONTEXT() REPRESENTATION_CONTEXT('2D SPACE',''
  ) );
#2775 = PCURVE('',#2776,#2781);
#2776 = PLANE('',#2777);
#2777 = AXIS2_PLACEMENT_3D('',#2778,#2779,#2780);
#2778 = CARTESIAN_POINT('',(-7.268775928338,174.78756962181,
    -126.8921198745));
#2779 = DIRECTION('',(-0.5,1.915134717478E-15,-0.866025403784));
#2780 = DIRECTION('',(0.75,-0.5,-0.433012701892));
#2781 = DEFINITIONAL_REPRESENTATION('',(#2782),#2786);
#2782 = LINE('',#2783,#2784);
#2783 = CARTESIAN_POINT('',(0.,0.));
#2784 = VECTOR('',#2785,1.);
#2785 = DIRECTION('',(1.,6.938893903907E-17));
#2786 = ( GEOMETRIC_REPRESENTATION_CONTEXT(2) 
PARAMETRIC_REPRESENTATION_CONTEXT() REPRESENTATION_CONTEXT('2D SPACE',''
  ) );
#2787 = ORIENTED_EDGE('',*,*,#2788,.F.);
#2788 = EDGE_CURVE('',#1783,#2761,#2789,.T.);
#2789 = SURFACE_CURVE('',#2790,(#2795,#2802),.PCURVE_S1.);
#2790 = CIRCLE('',#2791,3.88);
#2791 = AXIS2_PLACEMENT_3D('',#2792,#2793,#2794);
#2792 = CARTESIAN_POINT('',(-1.918112508008,171.22046067492,
    -129.9813268406));
#2793 = DIRECTION('',(-0.5,0.,-0.866025403784));
#2794 = DIRECTION('',(0.866025403784,0.,-0.5));
#2795 = PCURVE('',#2218,#2796);
#2796 = DEFINITIONAL_REPRESENTATION('',(#2797),#2801);
#2797 = CIRCLE('',#2798,3.88);
#2798 = AXIS2_PLACEMENT_2D('',#2799,#2800);
#2799 = CARTESIAN_POINT('',(-5.403578569127,-1.447884513836));
#2800 = DIRECTION('',(-1.,2.563797941968E-30));
#2801 = ( GEOMETRIC_REPRESENTATION_CONTEXT(2) 
PARAMETRIC_REPRESENTATION_CONTEXT() REPRESENTATION_CONTEXT('2D SPACE',''
  ) );
#2802 = PCURVE('',#2373,#2803);
#2803 = DEFINITIONAL_REPRESENTATION('',(#2804),#2808);
#2804 = LINE('',#2805,#2806);
#2805 = CARTESIAN_POINT('',(-0.,0.));
#2806 = VECTOR('',#2807,1.);
#2807 = DIRECTION('',(-1.,0.));
#2808 = ( GEOMETRIC_REPRESENTATION_CONTEXT(2) 
PARAMETRIC_REPRESENTATION_CONTEXT() REPRESENTATION_CONTEXT('2D SPACE',''
  ) );
#2809 = ORIENTED_EDGE('',*,*,#2204,.T.);
#2810 = ADVANCED_FACE('',(#2811),#2273,.T.);
#2811 = FACE_BOUND('',#2812,.T.);
#2812 = EDGE_LOOP('',(#2813,#2839,#2840,#2861));
#2813 = ORIENTED_EDGE('',*,*,#2814,.F.);
#2814 = EDGE_CURVE('',#2337,#2258,#2815,.T.);
#2815 = SURFACE_CURVE('',#2816,(#2820,#2827),.PCURVE_S1.);
#2816 = LINE('',#2817,#2818);
#2817 = CARTESIAN_POINT('',(-43.98829107469,171.22046067492,
    -195.0890136016));
#2818 = VECTOR('',#2819,1.);
#2819 = DIRECTION('',(-0.866025403784,0.,0.5));
#2820 = PCURVE('',#2273,#2821);
#2821 = DEFINITIONAL_REPRESENTATION('',(#2822),#2826);
#2822 = LINE('',#2823,#2824);
#2823 = CARTESIAN_POINT('',(1.554312234475E-15,-3.254217893773));
#2824 = VECTOR('',#2825,1.);
#2825 = DIRECTION('',(-4.302114220422E-16,1.));
#2826 = ( GEOMETRIC_REPRESENTATION_CONTEXT(2) 
PARAMETRIC_REPRESENTATION_CONTEXT() REPRESENTATION_CONTEXT('2D SPACE',''
  ) );
#2827 = PCURVE('',#2828,#2833);
#2828 = PLANE('',#2829);
#2829 = AXIS2_PLACEMENT_3D('',#2830,#2831,#2832);
#2830 = CARTESIAN_POINT('',(-45.30774882021,172.66834518876,
    -194.327224317));
#2831 = DIRECTION('',(-0.5,2.23300121477E-15,-0.866025403784));
#2832 = DIRECTION('',(-0.866025403784,0.,0.5));
#2833 = DEFINITIONAL_REPRESENTATION('',(#2834),#2838);
#2834 = LINE('',#2835,#2836);
#2835 = CARTESIAN_POINT('',(-1.523578569127,-1.447884513836));
#2836 = VECTOR('',#2837,1.);
#2837 = DIRECTION('',(1.,6.310887241768E-30));
#2838 = ( GEOMETRIC_REPRESENTATION_CONTEXT(2) 
PARAMETRIC_REPRESENTATION_CONTEXT() REPRESENTATION_CONTEXT('2D SPACE',''
  ) );
#2839 = ORIENTED_EDGE('',*,*,#2336,.T.);
#2840 = ORIENTED_EDGE('',*,*,#2841,.F.);
#2841 = EDGE_CURVE('',#2236,#2315,#2842,.T.);
#2842 = SURFACE_CURVE('',#2843,(#2847,#2854),.PCURVE_S1.);
#2843 = LINE('',#2844,#2845);
#2844 = CARTESIAN_POINT('',(-57.09652644014,0.,-211.2847074646));
#2845 = VECTOR('',#2846,1.);
#2846 = DIRECTION('',(0.866025403784,0.,-0.5));
#2847 = PCURVE('',#2273,#2848);
#2848 = DEFINITIONAL_REPRESENTATION('',(#2849),#2853);
#2849 = LINE('',#2850,#2851);
#2850 = CARTESIAN_POINT('',(172.45284153569,0.));
#2851 = VECTOR('',#2852,1.);
#2852 = DIRECTION('',(4.302114220422E-16,-1.));
#2853 = ( GEOMETRIC_REPRESENTATION_CONTEXT(2) 
PARAMETRIC_REPRESENTATION_CONTEXT() REPRESENTATION_CONTEXT('2D SPACE',''
  ) );
#2854 = PCURVE('',#2433,#2855);
#2855 = DEFINITIONAL_REPRESENTATION('',(#2856),#2860);
#2856 = LINE('',#2857,#2858);
#2857 = CARTESIAN_POINT('',(-1.730639324646,1.447884513836));
#2858 = VECTOR('',#2859,1.);
#2859 = DIRECTION('',(1.,1.439671152028E-29));
#2860 = ( GEOMETRIC_REPRESENTATION_CONTEXT(2) 
PARAMETRIC_REPRESENTATION_CONTEXT() REPRESENTATION_CONTEXT('2D SPACE',''
  ) );
#2861 = ORIENTED_EDGE('',*,*,#2257,.F.);
#2862 = ADVANCED_FACE('',(#2863),#2299,.T.);
#2863 = FACE_BOUND('',#2864,.F.);
#2864 = EDGE_LOOP('',(#2865,#2866,#2890,#2916));
#2865 = ORIENTED_EDGE('',*,*,#2285,.T.);
#2866 = ORIENTED_EDGE('',*,*,#2867,.T.);
#2867 = EDGE_CURVE('',#2258,#2868,#2870,.T.);
#2868 = VERTEX_POINT('',#2869);
#2869 = CARTESIAN_POINT('',(-45.97877592833,174.78756962181,
    -193.9398066355));
#2870 = SURFACE_CURVE('',#2871,(#2876,#2883),.PCURVE_S1.);
#2871 = CIRCLE('',#2872,7.134217893773);
#2872 = AXIS2_PLACEMENT_3D('',#2873,#2874,#2875);
#2873 = CARTESIAN_POINT('',(-40.628112508,171.22046067492,
    -197.0290136016));
#2874 = DIRECTION('',(-0.5,0.,-0.866025403784));
#2875 = DIRECTION('',(0.866025403784,0.,-0.5));
#2876 = PCURVE('',#2299,#2877);
#2877 = DEFINITIONAL_REPRESENTATION('',(#2878),#2882);
#2878 = LINE('',#2879,#2880);
#2879 = CARTESIAN_POINT('',(-0.,-77.42));
#2880 = VECTOR('',#2881,1.);
#2881 = DIRECTION('',(-1.,0.));
#2882 = ( GEOMETRIC_REPRESENTATION_CONTEXT(2) 
PARAMETRIC_REPRESENTATION_CONTEXT() REPRESENTATION_CONTEXT('2D SPACE',''
  ) );
#2883 = PCURVE('',#2828,#2884);
#2884 = DEFINITIONAL_REPRESENTATION('',(#2885),#2889);
#2885 = CIRCLE('',#2886,7.134217893773);
#2886 = AXIS2_PLACEMENT_2D('',#2887,#2888);
#2887 = CARTESIAN_POINT('',(-5.403578569127,-1.447884513836));
#2888 = DIRECTION('',(-1.,2.563797941968E-30));
#2889 = ( GEOMETRIC_REPRESENTATION_CONTEXT(2) 
PARAMETRIC_REPRESENTATION_CONTEXT() REPRESENTATION_CONTEXT('2D SPACE',''
  ) );
#2890 = ORIENTED_EDGE('',*,*,#2891,.F.);
#2891 = EDGE_CURVE('',#2737,#2868,#2892,.T.);
#2892 = SURFACE_CURVE('',#2893,(#2897,#2904),.PCURVE_S1.);
#2893 = LINE('',#2894,#2895);
#2894 = CARTESIAN_POINT('',(-7.268775928338,174.78756962181,
    -126.8921198745));
#2895 = VECTOR('',#2896,1.);
#2896 = DIRECTION('',(-0.5,0.,-0.866025403784));
#2897 = PCURVE('',#2299,#2898);
#2898 = DEFINITIONAL_REPRESENTATION('',(#2899),#2903);
#2899 = LINE('',#2900,#2901);
#2900 = CARTESIAN_POINT('',(-3.665191429188,0.));
#2901 = VECTOR('',#2902,1.);
#2902 = DIRECTION('',(-0.,-1.));
#2903 = ( GEOMETRIC_REPRESENTATION_CONTEXT(2) 
PARAMETRIC_REPRESENTATION_CONTEXT() REPRESENTATION_CONTEXT('2D SPACE',''
  ) );
#2904 = PCURVE('',#2905,#2910);
#2905 = PLANE('',#2906);
#2906 = AXIS2_PLACEMENT_3D('',#2907,#2908,#2909);
#2907 = CARTESIAN_POINT('',(-7.268775928338,174.78756962181,
    -126.8921198745));
#2908 = DIRECTION('',(-0.75,0.5,0.433012701892));
#2909 = DIRECTION('',(-0.5,0.,-0.866025403784));
#2910 = DEFINITIONAL_REPRESENTATION('',(#2911),#2915);
#2911 = LINE('',#2912,#2913);
#2912 = CARTESIAN_POINT('',(0.,0.));
#2913 = VECTOR('',#2914,1.);
#2914 = DIRECTION('',(1.,2.775557561563E-17));
#2915 = ( GEOMETRIC_REPRESENTATION_CONTEXT(2) 
PARAMETRIC_REPRESENTATION_CONTEXT() REPRESENTATION_CONTEXT('2D SPACE',''
  ) );
#2916 = ORIENTED_EDGE('',*,*,#2736,.F.);
#2917 = ADVANCED_FACE('',(#2918),#2373,.F.);
#2918 = FACE_BOUND('',#2919,.T.);
#2919 = EDGE_LOOP('',(#2920,#2921,#2945,#2971));
#2920 = ORIENTED_EDGE('',*,*,#2359,.T.);
#2921 = ORIENTED_EDGE('',*,*,#2922,.T.);
#2922 = EDGE_CURVE('',#2337,#2923,#2925,.T.);
#2923 = VERTEX_POINT('',#2924);
#2924 = CARTESIAN_POINT('',(-43.538112508,173.16046067492,
    -195.3489243183));
#2925 = SURFACE_CURVE('',#2926,(#2931,#2938),.PCURVE_S1.);
#2926 = CIRCLE('',#2927,3.88);
#2927 = AXIS2_PLACEMENT_3D('',#2928,#2929,#2930);
#2928 = CARTESIAN_POINT('',(-40.628112508,171.22046067492,
    -197.0290136016));
#2929 = DIRECTION('',(-0.5,0.,-0.866025403784));
#2930 = DIRECTION('',(0.866025403784,0.,-0.5));
#2931 = PCURVE('',#2373,#2932);
#2932 = DEFINITIONAL_REPRESENTATION('',(#2933),#2937);
#2933 = LINE('',#2934,#2935);
#2934 = CARTESIAN_POINT('',(-0.,-77.42));
#2935 = VECTOR('',#2936,1.);
#2936 = DIRECTION('',(-1.,0.));
#2937 = ( GEOMETRIC_REPRESENTATION_CONTEXT(2) 
PARAMETRIC_REPRESENTATION_CONTEXT() REPRESENTATION_CONTEXT('2D SPACE',''
  ) );
#2938 = PCURVE('',#2828,#2939);
#2939 = DEFINITIONAL_REPRESENTATION('',(#2940),#2944);
#2940 = CIRCLE('',#2941,3.88);
#2941 = AXIS2_PLACEMENT_2D('',#2942,#2943);
#2942 = CARTESIAN_POINT('',(-5.403578569127,-1.447884513836));
#2943 = DIRECTION('',(-1.,2.563797941968E-30));
#2944 = ( GEOMETRIC_REPRESENTATION_CONTEXT(2) 
PARAMETRIC_REPRESENTATION_CONTEXT() REPRESENTATION_CONTEXT('2D SPACE',''
  ) );
#2945 = ORIENTED_EDGE('',*,*,#2946,.F.);
#2946 = EDGE_CURVE('',#2761,#2923,#2947,.T.);
#2947 = SURFACE_CURVE('',#2948,(#2952,#2959),.PCURVE_S1.);
#2948 = LINE('',#2949,#2950);
#2949 = CARTESIAN_POINT('',(-4.828112508008,173.16046067492,
    -128.3012375573));
#2950 = VECTOR('',#2951,1.);
#2951 = DIRECTION('',(-0.5,0.,-0.866025403784));
#2952 = PCURVE('',#2373,#2953);
#2953 = DEFINITIONAL_REPRESENTATION('',(#2954),#2958);
#2954 = LINE('',#2955,#2956);
#2955 = CARTESIAN_POINT('',(-3.665191429188,0.));
#2956 = VECTOR('',#2957,1.);
#2957 = DIRECTION('',(-0.,-1.));
#2958 = ( GEOMETRIC_REPRESENTATION_CONTEXT(2) 
PARAMETRIC_REPRESENTATION_CONTEXT() REPRESENTATION_CONTEXT('2D SPACE',''
  ) );
#2959 = PCURVE('',#2960,#2965);
#2960 = PLANE('',#2961);
#2961 = AXIS2_PLACEMENT_3D('',#2962,#2963,#2964);
#2962 = CARTESIAN_POINT('',(-4.828112508008,173.16046067492,
    -128.3012375573));
#2963 = DIRECTION('',(-0.75,0.5,0.433012701892));
#2964 = DIRECTION('',(-0.5,0.,-0.866025403784));
#2965 = DEFINITIONAL_REPRESENTATION('',(#2966),#2970);
#2966 = LINE('',#2967,#2968);
#2967 = CARTESIAN_POINT('',(0.,0.));
#2968 = VECTOR('',#2969,1.);
#2969 = DIRECTION('',(1.,2.775557561563E-17));
#2970 = ( GEOMETRIC_REPRESENTATION_CONTEXT(2) 
PARAMETRIC_REPRESENTATION_CONTEXT() REPRESENTATION_CONTEXT('2D SPACE',''
  ) );
#2971 = ORIENTED_EDGE('',*,*,#2788,.F.);
#2972 = ADVANCED_FACE('',(#2973),#2406,.T.);
#2973 = FACE_BOUND('',#2974,.T.);
#2974 = EDGE_LOOP('',(#2975,#3003,#3024,#3025));
#2975 = ORIENTED_EDGE('',*,*,#2976,.T.);
#2976 = EDGE_CURVE('',#2391,#2977,#2979,.T.);
#2977 = VERTEX_POINT('',#2978);
#2978 = CARTESIAN_POINT('',(-39.05652102812,-37.99161874731,
    -221.7001094454));
#2979 = SURFACE_CURVE('',#2980,(#2984,#2991),.PCURVE_S1.);
#2980 = LINE('',#2981,#2982);
#2981 = CARTESIAN_POINT('',(-56.26877592833,-3.567108946886,
    -211.7626094454));
#2982 = VECTOR('',#2983,1.);
#2983 = DIRECTION('',(0.433012701892,-0.866025403784,-0.25));
#2984 = PCURVE('',#2406,#2985);
#2985 = DEFINITIONAL_REPRESENTATION('',(#2986),#2990);
#2986 = LINE('',#2987,#2988);
#2987 = CARTESIAN_POINT('',(0.,0.));
#2988 = VECTOR('',#2989,1.);
#2989 = DIRECTION('',(1.387778780781E-16,-1.));
#2990 = ( GEOMETRIC_REPRESENTATION_CONTEXT(2) 
PARAMETRIC_REPRESENTATION_CONTEXT() REPRESENTATION_CONTEXT('2D SPACE',''
  ) );
#2991 = PCURVE('',#2992,#2997);
#2992 = PLANE('',#2993);
#2993 = AXIS2_PLACEMENT_3D('',#2994,#2995,#2996);
#2994 = CARTESIAN_POINT('',(-56.26877592833,-3.567108946886,
    -211.7626094454));
#2995 = DIRECTION('',(0.5,2.359223927328E-15,0.866025403784));
#2996 = DIRECTION('',(0.75,0.5,-0.433012701892));
#2997 = DEFINITIONAL_REPRESENTATION('',(#2998),#3002);
#2998 = LINE('',#2999,#3000);
#2999 = CARTESIAN_POINT('',(0.,0.));
#3000 = VECTOR('',#3001,1.);
#3001 = DIRECTION('',(1.054711873394E-15,-1.));
#3002 = ( GEOMETRIC_REPRESENTATION_CONTEXT(2) 
PARAMETRIC_REPRESENTATION_CONTEXT() REPRESENTATION_CONTEXT('2D SPACE',''
  ) );
#3003 = ORIENTED_EDGE('',*,*,#3004,.T.);
#3004 = EDGE_CURVE('',#2977,#2449,#3005,.T.);
#3005 = SURFACE_CURVE('',#3006,(#3010,#3017),.PCURVE_S1.);
#3006 = LINE('',#3007,#3008);
#3007 = CARTESIAN_POINT('',(-39.05652102812,-37.99161874731,
    -221.7001094454));
#3008 = VECTOR('',#3009,1.);
#3009 = DIRECTION('',(0.617048995636,-0.293118811777,0.730295761433));
#3010 = PCURVE('',#2406,#3011);
#3011 = DEFINITIONAL_REPRESENTATION('',(#3012),#3016);
#3012 = LINE('',#3013,#3014);
#3013 = CARTESIAN_POINT('',(-1.7763568394E-15,-39.75));
#3014 = VECTOR('',#3015,1.);
#3015 = DIRECTION('',(0.940979179495,-0.338464449767));
#3016 = ( GEOMETRIC_REPRESENTATION_CONTEXT(2) 
PARAMETRIC_REPRESENTATION_CONTEXT() REPRESENTATION_CONTEXT('2D SPACE',''
  ) );
#3017 = PCURVE('',#2487,#3018);
#3018 = DEFINITIONAL_REPRESENTATION('',(#3019),#3023);
#3019 = LINE('',#3020,#3021);
#3020 = CARTESIAN_POINT('',(1.265654248073E-14,-3.254217893773));
#3021 = VECTOR('',#3022,1.);
#3022 = DIRECTION('',(1.,1.665334536938E-16));
#3023 = ( GEOMETRIC_REPRESENTATION_CONTEXT(2) 
PARAMETRIC_REPRESENTATION_CONTEXT() REPRESENTATION_CONTEXT('2D SPACE',''
  ) );
#3024 = ORIENTED_EDGE('',*,*,#2448,.T.);
#3025 = ORIENTED_EDGE('',*,*,#2390,.F.);
#3026 = ADVANCED_FACE('',(#3027),#2433,.F.);
#3027 = FACE_BOUND('',#3028,.F.);
#3028 = EDGE_LOOP('',(#3029,#3030,#3051,#3052));
#3029 = ORIENTED_EDGE('',*,*,#2418,.T.);
#3030 = ORIENTED_EDGE('',*,*,#3031,.T.);
#3031 = EDGE_CURVE('',#2391,#2532,#3032,.T.);
#3032 = SURFACE_CURVE('',#3033,(#3037,#3044),.PCURVE_S1.);
#3033 = LINE('',#3034,#3035);
#3034 = CARTESIAN_POINT('',(-56.26877592833,-3.567108946886,
    -211.7626094454));
#3035 = VECTOR('',#3036,1.);
#3036 = DIRECTION('',(0.75,0.5,-0.433012701892));
#3037 = PCURVE('',#2433,#3038);
#3038 = DEFINITIONAL_REPRESENTATION('',(#3039),#3043);
#3039 = LINE('',#3040,#3041);
#3040 = CARTESIAN_POINT('',(-0.774835363014,-2.119224433051));
#3041 = VECTOR('',#3042,1.);
#3042 = DIRECTION('',(0.866025403784,0.5));
#3043 = ( GEOMETRIC_REPRESENTATION_CONTEXT(2) 
PARAMETRIC_REPRESENTATION_CONTEXT() REPRESENTATION_CONTEXT('2D SPACE',''
  ) );
#3044 = PCURVE('',#2992,#3045);
#3045 = DEFINITIONAL_REPRESENTATION('',(#3046),#3050);
#3046 = LINE('',#3047,#3048);
#3047 = CARTESIAN_POINT('',(0.,0.));
#3048 = VECTOR('',#3049,1.);
#3049 = DIRECTION('',(1.,8.326672684689E-17));
#3050 = ( GEOMETRIC_REPRESENTATION_CONTEXT(2) 
PARAMETRIC_REPRESENTATION_CONTEXT() REPRESENTATION_CONTEXT('2D SPACE',''
  ) );
#3051 = ORIENTED_EDGE('',*,*,#2554,.F.);
#3052 = ORIENTED_EDGE('',*,*,#2841,.F.);
#3053 = ADVANCED_FACE('',(#3054),#2487,.F.);
#3054 = FACE_BOUND('',#3055,.F.);
#3055 = EDGE_LOOP('',(#3056,#3079,#3080,#3081));
#3056 = ORIENTED_EDGE('',*,*,#3057,.F.);
#3057 = EDGE_CURVE('',#2977,#3058,#3060,.T.);
#3058 = VERTEX_POINT('',#3059);
#3059 = CARTESIAN_POINT('',(-36.61585760779,-36.36450980043,
    -223.1092271281));
#3060 = SURFACE_CURVE('',#3061,(#3065,#3072),.PCURVE_S1.);
#3061 = LINE('',#3062,#3063);
#3062 = CARTESIAN_POINT('',(-39.05652102812,-37.99161874731,
    -221.7001094454));
#3063 = VECTOR('',#3064,1.);
#3064 = DIRECTION('',(0.75,0.5,-0.433012701892));
#3065 = PCURVE('',#2487,#3066);
#3066 = DEFINITIONAL_REPRESENTATION('',(#3067),#3071);
#3067 = LINE('',#3068,#3069);
#3068 = CARTESIAN_POINT('',(1.709743457923E-14,-3.254217893773));
#3069 = VECTOR('',#3070,1.);
#3070 = DIRECTION('',(-3.996802888651E-15,1.));
#3071 = ( GEOMETRIC_REPRESENTATION_CONTEXT(2) 
PARAMETRIC_REPRESENTATION_CONTEXT() REPRESENTATION_CONTEXT('2D SPACE',''
  ) );
#3072 = PCURVE('',#2992,#3073);
#3073 = DEFINITIONAL_REPRESENTATION('',(#3074),#3078);
#3074 = LINE('',#3075,#3076);
#3075 = CARTESIAN_POINT('',(4.796163466381E-14,-39.75));
#3076 = VECTOR('',#3077,1.);
#3077 = DIRECTION('',(1.,8.326672684689E-17));
#3078 = ( GEOMETRIC_REPRESENTATION_CONTEXT(2) 
PARAMETRIC_REPRESENTATION_CONTEXT() REPRESENTATION_CONTEXT('2D SPACE',''
  ) );
#3079 = ORIENTED_EDGE('',*,*,#3004,.T.);
#3080 = ORIENTED_EDGE('',*,*,#2471,.F.);
#3081 = ORIENTED_EDGE('',*,*,#3082,.F.);
#3082 = EDGE_CURVE('',#3058,#2472,#3083,.T.);
#3083 = SURFACE_CURVE('',#3084,(#3088,#3095),.PCURVE_S1.);
#3084 = LINE('',#3085,#3086);
#3085 = CARTESIAN_POINT('',(-36.61585760779,-36.36450980043,
    -223.1092271281));
#3086 = VECTOR('',#3087,1.);
#3087 = DIRECTION('',(0.617048995636,-0.293118811777,0.730295761433));
#3088 = PCURVE('',#2487,#3089);
#3089 = DEFINITIONAL_REPRESENTATION('',(#3090),#3094);
#3090 = LINE('',#3091,#3092);
#3091 = CARTESIAN_POINT('',(0.,0.));
#3092 = VECTOR('',#3093,1.);
#3093 = DIRECTION('',(1.,1.665334536938E-16));
#3094 = ( GEOMETRIC_REPRESENTATION_CONTEXT(2) 
PARAMETRIC_REPRESENTATION_CONTEXT() REPRESENTATION_CONTEXT('2D SPACE',''
  ) );
#3095 = PCURVE('',#2513,#3096);
#3096 = DEFINITIONAL_REPRESENTATION('',(#3097),#3101);
#3097 = LINE('',#3098,#3099);
#3098 = CARTESIAN_POINT('',(-1.7763568394E-15,-39.75));
#3099 = VECTOR('',#3100,1.);
#3100 = DIRECTION('',(0.940979179495,-0.338464449767));
#3101 = ( GEOMETRIC_REPRESENTATION_CONTEXT(2) 
PARAMETRIC_REPRESENTATION_CONTEXT() REPRESENTATION_CONTEXT('2D SPACE',''
  ) );
#3102 = ADVANCED_FACE('',(#3103),#2513,.F.);
#3103 = FACE_BOUND('',#3104,.F.);
#3104 = EDGE_LOOP('',(#3105,#3126,#3127,#3128));
#3105 = ORIENTED_EDGE('',*,*,#3106,.T.);
#3106 = EDGE_CURVE('',#2532,#3058,#3107,.T.);
#3107 = SURFACE_CURVE('',#3108,(#3112,#3119),.PCURVE_S1.);
#3108 = LINE('',#3109,#3110);
#3109 = CARTESIAN_POINT('',(-53.828112508,-1.94,-213.1717271281));
#3110 = VECTOR('',#3111,1.);
#3111 = DIRECTION('',(0.433012701892,-0.866025403784,-0.25));
#3112 = PCURVE('',#2513,#3113);
#3113 = DEFINITIONAL_REPRESENTATION('',(#3114),#3118);
#3114 = LINE('',#3115,#3116);
#3115 = CARTESIAN_POINT('',(0.,0.));
#3116 = VECTOR('',#3117,1.);
#3117 = DIRECTION('',(1.387778780781E-16,-1.));
#3118 = ( GEOMETRIC_REPRESENTATION_CONTEXT(2) 
PARAMETRIC_REPRESENTATION_CONTEXT() REPRESENTATION_CONTEXT('2D SPACE',''
  ) );
#3119 = PCURVE('',#2992,#3120);
#3120 = DEFINITIONAL_REPRESENTATION('',(#3121),#3125);
#3121 = LINE('',#3122,#3123);
#3122 = CARTESIAN_POINT('',(3.254217893773,2.775557561563E-16));
#3123 = VECTOR('',#3124,1.);
#3124 = DIRECTION('',(1.054711873394E-15,-1.));
#3125 = ( GEOMETRIC_REPRESENTATION_CONTEXT(2) 
PARAMETRIC_REPRESENTATION_CONTEXT() REPRESENTATION_CONTEXT('2D SPACE',''
  ) );
#3126 = ORIENTED_EDGE('',*,*,#3082,.T.);
#3127 = ORIENTED_EDGE('',*,*,#2499,.F.);
#3128 = ORIENTED_EDGE('',*,*,#2531,.F.);
#3129 = ADVANCED_FACE('',(#3130),#2595,.T.);
#3130 = FACE_BOUND('',#3131,.T.);
#3131 = EDGE_LOOP('',(#3132,#3133,#3134,#3135));
#3132 = ORIENTED_EDGE('',*,*,#2660,.T.);
#3133 = ORIENTED_EDGE('',*,*,#2709,.T.);
#3134 = ORIENTED_EDGE('',*,*,#2579,.F.);
#3135 = ORIENTED_EDGE('',*,*,#2634,.F.);
#3136 = ADVANCED_FACE('',(#3137),#2776,.F.);
#3137 = FACE_BOUND('',#3138,.F.);
#3138 = EDGE_LOOP('',(#3139,#3162,#3190,#3211));
#3139 = ORIENTED_EDGE('',*,*,#3140,.T.);
#3140 = EDGE_CURVE('',#2737,#3141,#3143,.T.);
#3141 = VERTEX_POINT('',#3142);
#3142 = CARTESIAN_POINT('',(9.943478971878,209.21207942224,
    -136.8296198745));
#3143 = SURFACE_CURVE('',#3144,(#3148,#3155),.PCURVE_S1.);
#3144 = LINE('',#3145,#3146);
#3145 = CARTESIAN_POINT('',(-7.268775928338,174.78756962181,
    -126.8921198745));
#3146 = VECTOR('',#3147,1.);
#3147 = DIRECTION('',(0.433012701892,0.866025403784,-0.25));
#3148 = PCURVE('',#2776,#3149);
#3149 = DEFINITIONAL_REPRESENTATION('',(#3150),#3154);
#3150 = LINE('',#3151,#3152);
#3151 = CARTESIAN_POINT('',(0.,0.));
#3152 = VECTOR('',#3153,1.);
#3153 = DIRECTION('',(-1.845745778439E-15,-1.));
#3154 = ( GEOMETRIC_REPRESENTATION_CONTEXT(2) 
PARAMETRIC_REPRESENTATION_CONTEXT() REPRESENTATION_CONTEXT('2D SPACE',''
  ) );
#3155 = PCURVE('',#2905,#3156);
#3156 = DEFINITIONAL_REPRESENTATION('',(#3157),#3161);
#3157 = LINE('',#3158,#3159);
#3158 = CARTESIAN_POINT('',(0.,0.));
#3159 = VECTOR('',#3160,1.);
#3160 = DIRECTION('',(-2.775557561563E-17,-1.));
#3161 = ( GEOMETRIC_REPRESENTATION_CONTEXT(2) 
PARAMETRIC_REPRESENTATION_CONTEXT() REPRESENTATION_CONTEXT('2D SPACE',''
  ) );
#3162 = ORIENTED_EDGE('',*,*,#3163,.T.);
#3163 = EDGE_CURVE('',#3141,#3164,#3166,.T.);
#3164 = VERTEX_POINT('',#3165);
#3165 = CARTESIAN_POINT('',(12.384142392208,207.58497047535,
    -138.2387375573));
#3166 = SURFACE_CURVE('',#3167,(#3171,#3178),.PCURVE_S1.);
#3167 = LINE('',#3168,#3169);
#3168 = CARTESIAN_POINT('',(9.943478971878,209.21207942224,
    -136.8296198745));
#3169 = VECTOR('',#3170,1.);
#3170 = DIRECTION('',(0.75,-0.5,-0.433012701892));
#3171 = PCURVE('',#2776,#3172);
#3172 = DEFINITIONAL_REPRESENTATION('',(#3173),#3177);
#3173 = LINE('',#3174,#3175);
#3174 = CARTESIAN_POINT('',(-7.105427357601E-14,-39.75));
#3175 = VECTOR('',#3176,1.);
#3176 = DIRECTION('',(1.,6.938893903907E-17));
#3177 = ( GEOMETRIC_REPRESENTATION_CONTEXT(2) 
PARAMETRIC_REPRESENTATION_CONTEXT() REPRESENTATION_CONTEXT('2D SPACE',''
  ) );
#3178 = PCURVE('',#3179,#3184);
#3179 = PLANE('',#3180);
#3180 = AXIS2_PLACEMENT_3D('',#3181,#3182,#3183);
#3181 = CARTESIAN_POINT('',(12.384142392208,207.58497047535,
    -138.2387375573));
#3182 = DIRECTION('',(-0.601276136561,-0.788173718047,-0.131336201337));
#3183 = DIRECTION('',(-0.275621130543,0.358862355479,-0.891768356816));
#3184 = DEFINITIONAL_REPRESENTATION('',(#3185),#3189);
#3185 = LINE('',#3186,#3187);
#3186 = CARTESIAN_POINT('',(-5.329070518201E-15,-3.254217893773));
#3187 = VECTOR('',#3188,1.);
#3188 = DIRECTION('',(2.6645352591E-15,1.));
#3189 = ( GEOMETRIC_REPRESENTATION_CONTEXT(2) 
PARAMETRIC_REPRESENTATION_CONTEXT() REPRESENTATION_CONTEXT('2D SPACE',''
  ) );
#3190 = ORIENTED_EDGE('',*,*,#3191,.F.);
#3191 = EDGE_CURVE('',#2761,#3164,#3192,.T.);
#3192 = SURFACE_CURVE('',#3193,(#3197,#3204),.PCURVE_S1.);
#3193 = LINE('',#3194,#3195);
#3194 = CARTESIAN_POINT('',(-4.828112508008,173.16046067492,
    -128.3012375573));
#3195 = VECTOR('',#3196,1.);
#3196 = DIRECTION('',(0.433012701892,0.866025403784,-0.25));
#3197 = PCURVE('',#2776,#3198);
#3198 = DEFINITIONAL_REPRESENTATION('',(#3199),#3203);
#3199 = LINE('',#3200,#3201);
#3200 = CARTESIAN_POINT('',(3.254217893773,1.665334536938E-16));
#3201 = VECTOR('',#3202,1.);
#3202 = DIRECTION('',(-1.845745778439E-15,-1.));
#3203 = ( GEOMETRIC_REPRESENTATION_CONTEXT(2) 
PARAMETRIC_REPRESENTATION_CONTEXT() REPRESENTATION_CONTEXT('2D SPACE',''
  ) );
#3204 = PCURVE('',#2960,#3205);
#3205 = DEFINITIONAL_REPRESENTATION('',(#3206),#3210);
#3206 = LINE('',#3207,#3208);
#3207 = CARTESIAN_POINT('',(0.,0.));
#3208 = VECTOR('',#3209,1.);
#3209 = DIRECTION('',(-2.775557561563E-17,-1.));
#3210 = ( GEOMETRIC_REPRESENTATION_CONTEXT(2) 
PARAMETRIC_REPRESENTATION_CONTEXT() REPRESENTATION_CONTEXT('2D SPACE',''
  ) );
#3211 = ORIENTED_EDGE('',*,*,#2760,.F.);
#3212 = ADVANCED_FACE('',(#3213),#2828,.T.);
#3213 = FACE_BOUND('',#3214,.T.);
#3214 = EDGE_LOOP('',(#3215,#3216,#3242,#3243));
#3215 = ORIENTED_EDGE('',*,*,#2867,.T.);
#3216 = ORIENTED_EDGE('',*,*,#3217,.T.);
#3217 = EDGE_CURVE('',#2868,#2923,#3218,.T.);
#3218 = SURFACE_CURVE('',#3219,(#3223,#3230),.PCURVE_S1.);
#3219 = LINE('',#3220,#3221);
#3220 = CARTESIAN_POINT('',(-45.97877592833,174.78756962181,
    -193.9398066355));
#3221 = VECTOR('',#3222,1.);
#3222 = DIRECTION('',(0.75,-0.5,-0.433012701892));
#3223 = PCURVE('',#2828,#3224);
#3224 = DEFINITIONAL_REPRESENTATION('',(#3225),#3229);
#3225 = LINE('',#3226,#3227);
#3226 = CARTESIAN_POINT('',(0.774835363014,2.119224433051));
#3227 = VECTOR('',#3228,1.);
#3228 = DIRECTION('',(-0.866025403784,-0.5));
#3229 = ( GEOMETRIC_REPRESENTATION_CONTEXT(2) 
PARAMETRIC_REPRESENTATION_CONTEXT() REPRESENTATION_CONTEXT('2D SPACE',''
  ) );
#3230 = PCURVE('',#3231,#3236);
#3231 = PLANE('',#3232);
#3232 = AXIS2_PLACEMENT_3D('',#3233,#3234,#3235);
#3233 = CARTESIAN_POINT('',(-45.97877592833,174.78756962181,
    -193.9398066355));
#3234 = DIRECTION('',(-0.5,1.7763568394E-15,-0.866025403784));
#3235 = DIRECTION('',(0.75,-0.5,-0.433012701892));
#3236 = DEFINITIONAL_REPRESENTATION('',(#3237),#3241);
#3237 = LINE('',#3238,#3239);
#3238 = CARTESIAN_POINT('',(0.,0.));
#3239 = VECTOR('',#3240,1.);
#3240 = DIRECTION('',(1.,2.359223927328E-16));
#3241 = ( GEOMETRIC_REPRESENTATION_CONTEXT(2) 
PARAMETRIC_REPRESENTATION_CONTEXT() REPRESENTATION_CONTEXT('2D SPACE',''
  ) );
#3242 = ORIENTED_EDGE('',*,*,#2922,.F.);
#3243 = ORIENTED_EDGE('',*,*,#2814,.T.);
#3244 = ADVANCED_FACE('',(#3245),#2905,.T.);
#3245 = FACE_BOUND('',#3246,.T.);
#3246 = EDGE_LOOP('',(#3247,#3248,#3271,#3292));
#3247 = ORIENTED_EDGE('',*,*,#3140,.T.);
#3248 = ORIENTED_EDGE('',*,*,#3249,.T.);
#3249 = EDGE_CURVE('',#3141,#3250,#3252,.T.);
#3250 = VERTEX_POINT('',#3251);
#3251 = CARTESIAN_POINT('',(-13.50282328642,239.73947490564,
    -212.6898066355));
#3252 = SURFACE_CURVE('',#3253,(#3257,#3264),.PCURVE_S1.);
#3253 = LINE('',#3254,#3255);
#3254 = CARTESIAN_POINT('',(9.943478971878,209.21207942224,
    -136.8296198745));
#3255 = VECTOR('',#3256,1.);
#3256 = DIRECTION('',(-0.275621130543,0.358862355479,-0.891768356816));
#3257 = PCURVE('',#2905,#3258);
#3258 = DEFINITIONAL_REPRESENTATION('',(#3259),#3263);
#3259 = LINE('',#3260,#3261);
#3260 = CARTESIAN_POINT('',(1.42108547152E-14,-39.75));
#3261 = VECTOR('',#3262,1.);
#3262 = DIRECTION('',(0.910104616565,-0.414378555075));
#3263 = ( GEOMETRIC_REPRESENTATION_CONTEXT(2) 
PARAMETRIC_REPRESENTATION_CONTEXT() REPRESENTATION_CONTEXT('2D SPACE',''
  ) );
#3264 = PCURVE('',#3179,#3265);
#3265 = DEFINITIONAL_REPRESENTATION('',(#3266),#3270);
#3266 = LINE('',#3267,#3268);
#3267 = CARTESIAN_POINT('',(-8.881784197001E-15,-3.254217893773));
#3268 = VECTOR('',#3269,1.);
#3269 = DIRECTION('',(1.,5.551115123126E-17));
#3270 = ( GEOMETRIC_REPRESENTATION_CONTEXT(2) 
PARAMETRIC_REPRESENTATION_CONTEXT() REPRESENTATION_CONTEXT('2D SPACE',''
  ) );
#3271 = ORIENTED_EDGE('',*,*,#3272,.T.);
#3272 = EDGE_CURVE('',#3250,#2868,#3273,.T.);
#3273 = SURFACE_CURVE('',#3274,(#3278,#3285),.PCURVE_S1.);
#3274 = LINE('',#3275,#3276);
#3275 = CARTESIAN_POINT('',(-13.50282328642,239.73947490564,
    -212.6898066355));
#3276 = VECTOR('',#3277,1.);
#3277 = DIRECTION('',(-0.433012701892,-0.866025403784,0.25));
#3278 = PCURVE('',#2905,#3279);
#3279 = DEFINITIONAL_REPRESENTATION('',(#3280),#3284);
#3280 = LINE('',#3281,#3282);
#3281 = CARTESIAN_POINT('',(77.42,-75.));
#3282 = VECTOR('',#3283,1.);
#3283 = DIRECTION('',(-2.22044604925E-16,1.));
#3284 = ( GEOMETRIC_REPRESENTATION_CONTEXT(2) 
PARAMETRIC_REPRESENTATION_CONTEXT() REPRESENTATION_CONTEXT('2D SPACE',''
  ) );
#3285 = PCURVE('',#3231,#3286);
#3286 = DEFINITIONAL_REPRESENTATION('',(#3287),#3291);
#3287 = LINE('',#3288,#3289);
#3288 = CARTESIAN_POINT('',(-1.030286966852E-13,-75.));
#3289 = VECTOR('',#3290,1.);
#3290 = DIRECTION('',(1.33226762955E-15,1.));
#3291 = ( GEOMETRIC_REPRESENTATION_CONTEXT(2) 
PARAMETRIC_REPRESENTATION_CONTEXT() REPRESENTATION_CONTEXT('2D SPACE',''
  ) );
#3292 = ORIENTED_EDGE('',*,*,#2891,.F.);
#3293 = ADVANCED_FACE('',(#3294),#2960,.F.);
#3294 = FACE_BOUND('',#3295,.F.);
#3295 = EDGE_LOOP('',(#3296,#3297,#3320,#3341));
#3296 = ORIENTED_EDGE('',*,*,#3191,.T.);
#3297 = ORIENTED_EDGE('',*,*,#3298,.T.);
#3298 = EDGE_CURVE('',#3164,#3299,#3301,.T.);
#3299 = VERTEX_POINT('',#3300);
#3300 = CARTESIAN_POINT('',(-11.06215986609,238.11236595876,
    -214.0989243183));
#3301 = SURFACE_CURVE('',#3302,(#3306,#3313),.PCURVE_S1.);
#3302 = LINE('',#3303,#3304);
#3303 = CARTESIAN_POINT('',(12.384142392208,207.58497047535,
    -138.2387375573));
#3304 = VECTOR('',#3305,1.);
#3305 = DIRECTION('',(-0.275621130543,0.358862355479,-0.891768356816));
#3306 = PCURVE('',#2960,#3307);
#3307 = DEFINITIONAL_REPRESENTATION('',(#3308),#3312);
#3308 = LINE('',#3309,#3310);
#3309 = CARTESIAN_POINT('',(1.42108547152E-14,-39.75));
#3310 = VECTOR('',#3311,1.);
#3311 = DIRECTION('',(0.910104616565,-0.414378555075));
#3312 = ( GEOMETRIC_REPRESENTATION_CONTEXT(2) 
PARAMETRIC_REPRESENTATION_CONTEXT() REPRESENTATION_CONTEXT('2D SPACE',''
  ) );
#3313 = PCURVE('',#3179,#3314);
#3314 = DEFINITIONAL_REPRESENTATION('',(#3315),#3319);
#3315 = LINE('',#3316,#3317);
#3316 = CARTESIAN_POINT('',(0.,0.));
#3317 = VECTOR('',#3318,1.);
#3318 = DIRECTION('',(1.,5.551115123126E-17));
#3319 = ( GEOMETRIC_REPRESENTATION_CONTEXT(2) 
PARAMETRIC_REPRESENTATION_CONTEXT() REPRESENTATION_CONTEXT('2D SPACE',''
  ) );
#3320 = ORIENTED_EDGE('',*,*,#3321,.F.);
#3321 = EDGE_CURVE('',#2923,#3299,#3322,.T.);
#3322 = SURFACE_CURVE('',#3323,(#3327,#3334),.PCURVE_S1.);
#3323 = LINE('',#3324,#3325);
#3324 = CARTESIAN_POINT('',(-43.538112508,173.16046067492,
    -195.3489243183));
#3325 = VECTOR('',#3326,1.);
#3326 = DIRECTION('',(0.433012701892,0.866025403784,-0.25));
#3327 = PCURVE('',#2960,#3328);
#3328 = DEFINITIONAL_REPRESENTATION('',(#3329),#3333);
#3329 = LINE('',#3330,#3331);
#3330 = CARTESIAN_POINT('',(77.42,0.));
#3331 = VECTOR('',#3332,1.);
#3332 = DIRECTION('',(2.498001805407E-16,-1.));
#3333 = ( GEOMETRIC_REPRESENTATION_CONTEXT(2) 
PARAMETRIC_REPRESENTATION_CONTEXT() REPRESENTATION_CONTEXT('2D SPACE',''
  ) );
#3334 = PCURVE('',#3231,#3335);
#3335 = DEFINITIONAL_REPRESENTATION('',(#3336),#3340);
#3336 = LINE('',#3337,#3338);
#3337 = CARTESIAN_POINT('',(3.254217893773,-1.110223024625E-16));
#3338 = VECTOR('',#3339,1.);
#3339 = DIRECTION('',(-1.346145417358E-15,-1.));
#3340 = ( GEOMETRIC_REPRESENTATION_CONTEXT(2) 
PARAMETRIC_REPRESENTATION_CONTEXT() REPRESENTATION_CONTEXT('2D SPACE',''
  ) );
#3341 = ORIENTED_EDGE('',*,*,#2946,.F.);
#3342 = ADVANCED_FACE('',(#3343),#2992,.F.);
#3343 = FACE_BOUND('',#3344,.F.);
#3344 = EDGE_LOOP('',(#3345,#3346,#3347,#3348));
#3345 = ORIENTED_EDGE('',*,*,#2976,.T.);
#3346 = ORIENTED_EDGE('',*,*,#3057,.T.);
#3347 = ORIENTED_EDGE('',*,*,#3106,.F.);
#3348 = ORIENTED_EDGE('',*,*,#3031,.F.);
#3349 = ADVANCED_FACE('',(#3350),#3179,.F.);
#3350 = FACE_BOUND('',#3351,.F.);
#3351 = EDGE_LOOP('',(#3352,#3353,#3354,#3375));
#3352 = ORIENTED_EDGE('',*,*,#3163,.F.);
#3353 = ORIENTED_EDGE('',*,*,#3249,.T.);
#3354 = ORIENTED_EDGE('',*,*,#3355,.F.);
#3355 = EDGE_CURVE('',#3299,#3250,#3356,.T.);
#3356 = SURFACE_CURVE('',#3357,(#3361,#3368),.PCURVE_S1.);
#3357 = LINE('',#3358,#3359);
#3358 = CARTESIAN_POINT('',(-11.06215986609,238.11236595876,
    -214.0989243183));
#3359 = VECTOR('',#3360,1.);
#3360 = DIRECTION('',(-0.75,0.5,0.433012701892));
#3361 = PCURVE('',#3179,#3362);
#3362 = DEFINITIONAL_REPRESENTATION('',(#3363),#3367);
#3363 = LINE('',#3364,#3365);
#3364 = CARTESIAN_POINT('',(85.0671434809,7.105427357601E-15));
#3365 = VECTOR('',#3366,1.);
#3366 = DIRECTION('',(-2.6645352591E-15,-1.));
#3367 = ( GEOMETRIC_REPRESENTATION_CONTEXT(2) 
PARAMETRIC_REPRESENTATION_CONTEXT() REPRESENTATION_CONTEXT('2D SPACE',''
  ) );
#3368 = PCURVE('',#3231,#3369);
#3369 = DEFINITIONAL_REPRESENTATION('',(#3370),#3374);
#3370 = LINE('',#3371,#3372);
#3371 = CARTESIAN_POINT('',(3.254217893773,-75.));
#3372 = VECTOR('',#3373,1.);
#3373 = DIRECTION('',(-1.,-2.359223927328E-16));
#3374 = ( GEOMETRIC_REPRESENTATION_CONTEXT(2) 
PARAMETRIC_REPRESENTATION_CONTEXT() REPRESENTATION_CONTEXT('2D SPACE',''
  ) );
#3375 = ORIENTED_EDGE('',*,*,#3298,.F.);
#3376 = ADVANCED_FACE('',(#3377),#3231,.T.);
#3377 = FACE_BOUND('',#3378,.T.);
#3378 = EDGE_LOOP('',(#3379,#3380,#3381,#3382));
#3379 = ORIENTED_EDGE('',*,*,#3272,.F.);
#3380 = ORIENTED_EDGE('',*,*,#3355,.F.);
#3381 = ORIENTED_EDGE('',*,*,#3321,.F.);
#3382 = ORIENTED_EDGE('',*,*,#3217,.F.);
#3383 = ( GEOMETRIC_REPRESENTATION_CONTEXT(3) 
GLOBAL_UNCERTAINTY_ASSIGNED_CONTEXT((#3387)) 
GLOBAL_UNIT_ASSIGNED_CONTEXT((#3384,#3385,#3386)) REPRESENTATION_CONTEXT
('Context #1','3D Context with UNIT and UNCERTAINTY') );
#3384 = ( LENGTH_UNIT() NAMED_UNIT(*) SI_UNIT(.MILLI.,.METRE.) );
#3385 = ( NAMED_UNIT(*) PLANE_ANGLE_UNIT() SI_UNIT($,.RADIAN.) );
#3386 = ( NAMED_UNIT(*) SI_UNIT($,.STERADIAN.) SOLID_ANGLE_UNIT() );
#3387 = UNCERTAINTY_MEASURE_WITH_UNIT(LENGTH_MEASURE(1.E-07),#3384,
  'distance_accuracy_value','confusion accuracy');
#3388 = PRODUCT_RELATED_PRODUCT_CATEGORY('part',$,(#7));
ENDSEC;
END-ISO-10303-21;
