ISO-10303-21;
HEADER;
FILE_DESCRIPTION(('Open CASCADE Model'),'2;1');
FILE_NAME('Open CASCADE Shape Model','2025-08-14T15:59:11',('Author'),(
    'Open CASCADE'),'Open CASCADE STEP processor 7.7','Open CASCADE 7.7'
  ,'Unknown');
FILE_SCHEMA(('AUTOMOTIVE_DESIGN { 1 0 10303 214 1 1 1 1 }'));
ENDSEC;
DATA;
#1 = APPLICATION_PROTOCOL_DEFINITION('international standard',
  'automotive_design',2000,#2);
#2 = APPLICATION_CONTEXT(
  'core data for automotive mechanical design processes');
#3 = SHAPE_DEFINITION_REPRESENTATION(#4,#10);
#4 = PRODUCT_DEFINITION_SHAPE('','',#5);
#5 = PRODUCT_DEFINITION('design','',#6,#9);
#6 = PRODUCT_DEFINITION_FORMATION('','',#7);
#7 = PRODUCT('Open CASCADE STEP translator 7.7 5913',
  'Open CASCADE STEP translator 7.7 5913','',(#8));
#8 = PRODUCT_CONTEXT('',#2,'mechanical');
#9 = PRODUCT_DEFINITION_CONTEXT('part definition',#2,'design');
#10 = ADVANCED_BREP_SHAPE_REPRESENTATION('',(#11,#15),#5623);
#11 = AXIS2_PLACEMENT_3D('',#12,#13,#14);
#12 = CARTESIAN_POINT('',(0.,0.,0.));
#13 = DIRECTION('',(0.,0.,1.));
#14 = DIRECTION('',(1.,0.,-0.));
#15 = MANIFOLD_SOLID_BREP('',#16);
#16 = CLOSED_SHELL('',(#17,#137,#640,#687,#1100,#1178,#1205,#1237,#1320,
    #1367,#1394,#1421,#1453,#1536,#1583,#1610,#1637,#1669,#1752,#1799,
    #1826,#1853,#1885,#1940,#2018,#2096,#2174,#2229,#2305,#2337,#2422,
    #2449,#2481,#2774,#2801,#2833,#2913,#2940,#2972,#3025,#3100,#3348,
    #3423,#3476,#3554,#3632,#3692,#3719,#3746,#3773,#3800,#3827,#3854,
    #3881,#3913,#3996,#4043,#4070,#4097,#4104,#4136,#4168,#4246,#4278,
    #4333,#4388,#4466,#4544,#4599,#4675,#4751,#4805,#4832,#4864,#4945,
    #4972,#5004,#5036,#5112,#5144,#5193,#5242,#5313,#5384,#5433,#5460,
    #5487,#5494,#5521,#5548,#5555,#5582,#5609,#5616));
#17 = ADVANCED_FACE('',(#18),#32,.F.);
#18 = FACE_BOUND('',#19,.F.);
#19 = EDGE_LOOP('',(#20,#55,#83,#111));
#20 = ORIENTED_EDGE('',*,*,#21,.F.);
#21 = EDGE_CURVE('',#22,#24,#26,.T.);
#22 = VERTEX_POINT('',#23);
#23 = CARTESIAN_POINT('',(0.,1.922695395328E-16,0.));
#24 = VERTEX_POINT('',#25);
#25 = CARTESIAN_POINT('',(0.,35.571926137711,0.));
#26 = SURFACE_CURVE('',#27,(#31,#43),.PCURVE_S1.);
#27 = LINE('',#28,#29);
#28 = CARTESIAN_POINT('',(0.,0.,0.));
#29 = VECTOR('',#30,1.);
#30 = DIRECTION('',(0.,1.,0.));
#31 = PCURVE('',#32,#37);
#32 = PLANE('',#33);
#33 = AXIS2_PLACEMENT_3D('',#34,#35,#36);
#34 = CARTESIAN_POINT('',(0.,0.,0.));
#35 = DIRECTION('',(1.,0.,0.));
#36 = DIRECTION('',(-0.,1.,0.));
#37 = DEFINITIONAL_REPRESENTATION('',(#38),#42);
#38 = LINE('',#39,#40);
#39 = CARTESIAN_POINT('',(0.,0.));
#40 = VECTOR('',#41,1.);
#41 = DIRECTION('',(1.,0.));
#42 = ( GEOMETRIC_REPRESENTATION_CONTEXT(2) 
PARAMETRIC_REPRESENTATION_CONTEXT() REPRESENTATION_CONTEXT('2D SPACE',''
  ) );
#43 = PCURVE('',#44,#49);
#44 = PLANE('',#45);
#45 = AXIS2_PLACEMENT_3D('',#46,#47,#48);
#46 = CARTESIAN_POINT('',(112.07701633326,103.18082809615,0.));
#47 = DIRECTION('',(0.,0.,1.));
#48 = DIRECTION('',(1.,0.,-0.));
#49 = DEFINITIONAL_REPRESENTATION('',(#50),#54);
#50 = LINE('',#51,#52);
#51 = CARTESIAN_POINT('',(-112.0770163332,-103.1808280961));
#52 = VECTOR('',#53,1.);
#53 = DIRECTION('',(0.,1.));
#54 = ( GEOMETRIC_REPRESENTATION_CONTEXT(2) 
PARAMETRIC_REPRESENTATION_CONTEXT() REPRESENTATION_CONTEXT('2D SPACE',''
  ) );
#55 = ORIENTED_EDGE('',*,*,#56,.T.);
#56 = EDGE_CURVE('',#22,#57,#59,.T.);
#57 = VERTEX_POINT('',#58);
#58 = CARTESIAN_POINT('',(0.,3.828489554911E-16,-4.668596819791));
#59 = SURFACE_CURVE('',#60,(#64,#71),.PCURVE_S1.);
#60 = LINE('',#61,#62);
#61 = CARTESIAN_POINT('',(0.,0.,0.));
#62 = VECTOR('',#63,1.);
#63 = DIRECTION('',(-0.,-0.,-1.));
#64 = PCURVE('',#32,#65);
#65 = DEFINITIONAL_REPRESENTATION('',(#66),#70);
#66 = LINE('',#67,#68);
#67 = CARTESIAN_POINT('',(0.,0.));
#68 = VECTOR('',#69,1.);
#69 = DIRECTION('',(0.,-1.));
#70 = ( GEOMETRIC_REPRESENTATION_CONTEXT(2) 
PARAMETRIC_REPRESENTATION_CONTEXT() REPRESENTATION_CONTEXT('2D SPACE',''
  ) );
#71 = PCURVE('',#72,#77);
#72 = PLANE('',#73);
#73 = AXIS2_PLACEMENT_3D('',#74,#75,#76);
#74 = CARTESIAN_POINT('',(0.,-1.86437176487,-2.247930150691));
#75 = DIRECTION('',(-1.,-0.,-0.));
#76 = DIRECTION('',(0.,0.,-1.));
#77 = DEFINITIONAL_REPRESENTATION('',(#78),#82);
#78 = LINE('',#79,#80);
#79 = CARTESIAN_POINT('',(-2.247930150691,-1.86437176487));
#80 = VECTOR('',#81,1.);
#81 = DIRECTION('',(1.,0.));
#82 = ( GEOMETRIC_REPRESENTATION_CONTEXT(2) 
PARAMETRIC_REPRESENTATION_CONTEXT() REPRESENTATION_CONTEXT('2D SPACE',''
  ) );
#83 = ORIENTED_EDGE('',*,*,#84,.T.);
#84 = EDGE_CURVE('',#57,#85,#87,.T.);
#85 = VERTEX_POINT('',#86);
#86 = CARTESIAN_POINT('',(0.,35.571926137711,-4.668596819791));
#87 = SURFACE_CURVE('',#88,(#92,#99),.PCURVE_S1.);
#88 = LINE('',#89,#90);
#89 = CARTESIAN_POINT('',(0.,0.,-4.668596819791));
#90 = VECTOR('',#91,1.);
#91 = DIRECTION('',(0.,1.,0.));
#92 = PCURVE('',#32,#93);
#93 = DEFINITIONAL_REPRESENTATION('',(#94),#98);
#94 = LINE('',#95,#96);
#95 = CARTESIAN_POINT('',(0.,-4.668596819791));
#96 = VECTOR('',#97,1.);
#97 = DIRECTION('',(1.,0.));
#98 = ( GEOMETRIC_REPRESENTATION_CONTEXT(2) 
PARAMETRIC_REPRESENTATION_CONTEXT() REPRESENTATION_CONTEXT('2D SPACE',''
  ) );
#99 = PCURVE('',#100,#105);
#100 = PLANE('',#101);
#101 = AXIS2_PLACEMENT_3D('',#102,#103,#104);
#102 = CARTESIAN_POINT('',(112.07701633326,103.18082809615,
    -4.668596819791));
#103 = DIRECTION('',(0.,0.,1.));
#104 = DIRECTION('',(1.,0.,-0.));
#105 = DEFINITIONAL_REPRESENTATION('',(#106),#110);
#106 = LINE('',#107,#108);
#107 = CARTESIAN_POINT('',(-112.0770163332,-103.1808280961));
#108 = VECTOR('',#109,1.);
#109 = DIRECTION('',(0.,1.));
#110 = ( GEOMETRIC_REPRESENTATION_CONTEXT(2) 
PARAMETRIC_REPRESENTATION_CONTEXT() REPRESENTATION_CONTEXT('2D SPACE',''
  ) );
#111 = ORIENTED_EDGE('',*,*,#112,.F.);
#112 = EDGE_CURVE('',#24,#85,#113,.T.);
#113 = SURFACE_CURVE('',#114,(#118,#125),.PCURVE_S1.);
#114 = LINE('',#115,#116);
#115 = CARTESIAN_POINT('',(0.,35.571926137711,2.334298409895));
#116 = VECTOR('',#117,1.);
#117 = DIRECTION('',(0.,0.,-1.));
#118 = PCURVE('',#32,#119);
#119 = DEFINITIONAL_REPRESENTATION('',(#120),#124);
#120 = LINE('',#121,#122);
#121 = CARTESIAN_POINT('',(35.571926137711,2.334298409895));
#122 = VECTOR('',#123,1.);
#123 = DIRECTION('',(0.,-1.));
#124 = ( GEOMETRIC_REPRESENTATION_CONTEXT(2) 
PARAMETRIC_REPRESENTATION_CONTEXT() REPRESENTATION_CONTEXT('2D SPACE',''
  ) );
#125 = PCURVE('',#126,#131);
#126 = PLANE('',#127);
#127 = AXIS2_PLACEMENT_3D('',#128,#129,#130);
#128 = CARTESIAN_POINT('',(0.,35.571926137711,2.334298409895));
#129 = DIRECTION('',(-0.,1.,0.));
#130 = DIRECTION('',(0.,0.,-1.));
#131 = DEFINITIONAL_REPRESENTATION('',(#132),#136);
#132 = LINE('',#133,#134);
#133 = CARTESIAN_POINT('',(0.,0.));
#134 = VECTOR('',#135,1.);
#135 = DIRECTION('',(1.,0.));
#136 = ( GEOMETRIC_REPRESENTATION_CONTEXT(2) 
PARAMETRIC_REPRESENTATION_CONTEXT() REPRESENTATION_CONTEXT('2D SPACE',''
  ) );
#137 = ADVANCED_FACE('',(#138),#44,.T.);
#138 = FACE_BOUND('',#139,.T.);
#139 = EDGE_LOOP('',(#140,#141,#168,#196,#222,#248,#274,#302,#328,#354,
    #380,#408,#435,#463,#489,#515,#541,#569,#595,#621));
#140 = ORIENTED_EDGE('',*,*,#21,.F.);
#141 = ORIENTED_EDGE('',*,*,#142,.T.);
#142 = EDGE_CURVE('',#22,#143,#145,.T.);
#143 = VERTEX_POINT('',#144);
#144 = CARTESIAN_POINT('',(224.15403266652,1.922695395328E-16,0.));
#145 = SURFACE_CURVE('',#146,(#150,#157),.PCURVE_S1.);
#146 = LINE('',#147,#148);
#147 = CARTESIAN_POINT('',(0.,0.,0.));
#148 = VECTOR('',#149,1.);
#149 = DIRECTION('',(1.,0.,0.));
#150 = PCURVE('',#44,#151);
#151 = DEFINITIONAL_REPRESENTATION('',(#152),#156);
#152 = LINE('',#153,#154);
#153 = CARTESIAN_POINT('',(-112.0770163332,-103.1808280961));
#154 = VECTOR('',#155,1.);
#155 = DIRECTION('',(1.,0.));
#156 = ( GEOMETRIC_REPRESENTATION_CONTEXT(2) 
PARAMETRIC_REPRESENTATION_CONTEXT() REPRESENTATION_CONTEXT('2D SPACE',''
  ) );
#157 = PCURVE('',#158,#163);
#158 = CYLINDRICAL_SURFACE('',#159,4.71);
#159 = AXIS2_PLACEMENT_3D('',#160,#161,#162);
#160 = CARTESIAN_POINT('',(0.,0.,4.71));
#161 = DIRECTION('',(-1.,0.,-0.));
#162 = DIRECTION('',(-0.,0.,1.));
#163 = DEFINITIONAL_REPRESENTATION('',(#164),#167);
#164 = B_SPLINE_CURVE_WITH_KNOTS('',1,(#165,#166),.UNSPECIFIED.,.F.,.F.,
  (2,2),(0.,224.15403266652),.PIECEWISE_BEZIER_KNOTS.);
#165 = CARTESIAN_POINT('',(3.14159265359,0.));
#166 = CARTESIAN_POINT('',(3.14159265359,-224.1540326665));
#167 = ( GEOMETRIC_REPRESENTATION_CONTEXT(2) 
PARAMETRIC_REPRESENTATION_CONTEXT() REPRESENTATION_CONTEXT('2D SPACE',''
  ) );
#168 = ORIENTED_EDGE('',*,*,#169,.T.);
#169 = EDGE_CURVE('',#143,#170,#172,.T.);
#170 = VERTEX_POINT('',#171);
#171 = CARTESIAN_POINT('',(224.15403266652,35.571926137711,0.));
#172 = SURFACE_CURVE('',#173,(#177,#184),.PCURVE_S1.);
#173 = LINE('',#174,#175);
#174 = CARTESIAN_POINT('',(224.15403266652,0.,0.));
#175 = VECTOR('',#176,1.);
#176 = DIRECTION('',(0.,1.,0.));
#177 = PCURVE('',#44,#178);
#178 = DEFINITIONAL_REPRESENTATION('',(#179),#183);
#179 = LINE('',#180,#181);
#180 = CARTESIAN_POINT('',(112.07701633326,-103.1808280961));
#181 = VECTOR('',#182,1.);
#182 = DIRECTION('',(0.,1.));
#183 = ( GEOMETRIC_REPRESENTATION_CONTEXT(2) 
PARAMETRIC_REPRESENTATION_CONTEXT() REPRESENTATION_CONTEXT('2D SPACE',''
  ) );
#184 = PCURVE('',#185,#190);
#185 = PLANE('',#186);
#186 = AXIS2_PLACEMENT_3D('',#187,#188,#189);
#187 = CARTESIAN_POINT('',(224.15403266652,0.,0.));
#188 = DIRECTION('',(1.,0.,0.));
#189 = DIRECTION('',(-0.,1.,0.));
#190 = DEFINITIONAL_REPRESENTATION('',(#191),#195);
#191 = LINE('',#192,#193);
#192 = CARTESIAN_POINT('',(0.,0.));
#193 = VECTOR('',#194,1.);
#194 = DIRECTION('',(1.,0.));
#195 = ( GEOMETRIC_REPRESENTATION_CONTEXT(2) 
PARAMETRIC_REPRESENTATION_CONTEXT() REPRESENTATION_CONTEXT('2D SPACE',''
  ) );
#196 = ORIENTED_EDGE('',*,*,#197,.F.);
#197 = EDGE_CURVE('',#198,#170,#200,.T.);
#198 = VERTEX_POINT('',#199);
#199 = CARTESIAN_POINT('',(213.00543584673,35.571926137711,0.));
#200 = SURFACE_CURVE('',#201,(#205,#211),.PCURVE_S1.);
#201 = LINE('',#202,#203);
#202 = CARTESIAN_POINT('',(168.11552449989,35.571926137711,0.));
#203 = VECTOR('',#204,1.);
#204 = DIRECTION('',(1.,0.,-0.));
#205 = PCURVE('',#44,#206);
#206 = DEFINITIONAL_REPRESENTATION('',(#207),#210);
#207 = B_SPLINE_CURVE_WITH_KNOTS('',1,(#208,#209),.UNSPECIFIED.,.F.,.F.,
  (2,2),(44.889911346841,56.038508166632),.PIECEWISE_BEZIER_KNOTS.);
#208 = CARTESIAN_POINT('',(100.92841951347,-67.60890195844));
#209 = CARTESIAN_POINT('',(112.07701633326,-67.60890195844));
#210 = ( GEOMETRIC_REPRESENTATION_CONTEXT(2) 
PARAMETRIC_REPRESENTATION_CONTEXT() REPRESENTATION_CONTEXT('2D SPACE',''
  ) );
#211 = PCURVE('',#212,#217);
#212 = PLANE('',#213);
#213 = AXIS2_PLACEMENT_3D('',#214,#215,#216);
#214 = CARTESIAN_POINT('',(224.15403266652,35.571926137711,
    2.334298409895));
#215 = DIRECTION('',(0.,-1.,0.));
#216 = DIRECTION('',(0.,0.,-1.));
#217 = DEFINITIONAL_REPRESENTATION('',(#218),#221);
#218 = B_SPLINE_CURVE_WITH_KNOTS('',1,(#219,#220),.UNSPECIFIED.,.F.,.F.,
  (2,2),(44.889911346841,56.038508166632),.PIECEWISE_BEZIER_KNOTS.);
#219 = CARTESIAN_POINT('',(2.334298409895,-11.14859681979));
#220 = CARTESIAN_POINT('',(2.334298409895,0.));
#221 = ( GEOMETRIC_REPRESENTATION_CONTEXT(2) 
PARAMETRIC_REPRESENTATION_CONTEXT() REPRESENTATION_CONTEXT('2D SPACE',''
  ) );
#222 = ORIENTED_EDGE('',*,*,#223,.F.);
#223 = EDGE_CURVE('',#224,#198,#226,.T.);
#224 = VERTEX_POINT('',#225);
#225 = CARTESIAN_POINT('',(213.00543584673,40.240522957502,0.));
#226 = SURFACE_CURVE('',#227,(#231,#237),.PCURVE_S1.);
#227 = LINE('',#228,#229);
#228 = CARTESIAN_POINT('',(213.00543584673,70.543526321883,0.));
#229 = VECTOR('',#230,1.);
#230 = DIRECTION('',(0.,-1.,0.));
#231 = PCURVE('',#44,#232);
#232 = DEFINITIONAL_REPRESENTATION('',(#233),#236);
#233 = B_SPLINE_CURVE_WITH_KNOTS('',1,(#234,#235),.UNSPECIFIED.,.F.,.F.,
  (2,2),(30.303003364381,34.971600184172),.PIECEWISE_BEZIER_KNOTS.);
#234 = CARTESIAN_POINT('',(100.92841951347,-62.94030513865));
#235 = CARTESIAN_POINT('',(100.92841951347,-67.60890195844));
#236 = ( GEOMETRIC_REPRESENTATION_CONTEXT(2) 
PARAMETRIC_REPRESENTATION_CONTEXT() REPRESENTATION_CONTEXT('2D SPACE',''
  ) );
#237 = PCURVE('',#238,#243);
#238 = PLANE('',#239);
#239 = AXIS2_PLACEMENT_3D('',#240,#241,#242);
#240 = CARTESIAN_POINT('',(213.00543584673,37.906224547606,
    -2.334298409895));
#241 = DIRECTION('',(-1.,-0.,-0.));
#242 = DIRECTION('',(0.,0.,-1.));
#243 = DEFINITIONAL_REPRESENTATION('',(#244),#247);
#244 = B_SPLINE_CURVE_WITH_KNOTS('',1,(#245,#246),.UNSPECIFIED.,.F.,.F.,
  (2,2),(30.303003364381,34.971600184172),.PIECEWISE_BEZIER_KNOTS.);
#245 = CARTESIAN_POINT('',(-2.334298409895,-2.334298409895));
#246 = CARTESIAN_POINT('',(-2.334298409895,2.334298409895));
#247 = ( GEOMETRIC_REPRESENTATION_CONTEXT(2) 
PARAMETRIC_REPRESENTATION_CONTEXT() REPRESENTATION_CONTEXT('2D SPACE',''
  ) );
#248 = ORIENTED_EDGE('',*,*,#249,.T.);
#249 = EDGE_CURVE('',#224,#250,#252,.T.);
#250 = VERTEX_POINT('',#251);
#251 = CARTESIAN_POINT('',(224.15403266652,40.240522957502,
    8.881784197001E-16));
#252 = SURFACE_CURVE('',#253,(#257,#263),.PCURVE_S1.);
#253 = LINE('',#254,#255);
#254 = CARTESIAN_POINT('',(168.11552449989,40.240522957502,0.));
#255 = VECTOR('',#256,1.);
#256 = DIRECTION('',(1.,0.,-0.));
#257 = PCURVE('',#44,#258);
#258 = DEFINITIONAL_REPRESENTATION('',(#259),#262);
#259 = B_SPLINE_CURVE_WITH_KNOTS('',1,(#260,#261),.UNSPECIFIED.,.F.,.F.,
  (2,2),(44.889911346841,56.038508166632),.PIECEWISE_BEZIER_KNOTS.);
#260 = CARTESIAN_POINT('',(100.92841951347,-62.94030513865));
#261 = CARTESIAN_POINT('',(112.07701633326,-62.94030513865));
#262 = ( GEOMETRIC_REPRESENTATION_CONTEXT(2) 
PARAMETRIC_REPRESENTATION_CONTEXT() REPRESENTATION_CONTEXT('2D SPACE',''
  ) );
#263 = PCURVE('',#264,#269);
#264 = PLANE('',#265);
#265 = AXIS2_PLACEMENT_3D('',#266,#267,#268);
#266 = CARTESIAN_POINT('',(224.15403266652,40.240522957502,
    2.334298409895));
#267 = DIRECTION('',(0.,-1.,0.));
#268 = DIRECTION('',(0.,0.,-1.));
#269 = DEFINITIONAL_REPRESENTATION('',(#270),#273);
#270 = B_SPLINE_CURVE_WITH_KNOTS('',1,(#271,#272),.UNSPECIFIED.,.F.,.F.,
  (2,2),(44.889911346841,56.038508166632),.PIECEWISE_BEZIER_KNOTS.);
#271 = CARTESIAN_POINT('',(2.334298409895,-11.14859681979));
#272 = CARTESIAN_POINT('',(2.334298409895,0.));
#273 = ( GEOMETRIC_REPRESENTATION_CONTEXT(2) 
PARAMETRIC_REPRESENTATION_CONTEXT() REPRESENTATION_CONTEXT('2D SPACE',''
  ) );
#274 = ORIENTED_EDGE('',*,*,#275,.T.);
#275 = EDGE_CURVE('',#250,#276,#278,.T.);
#276 = VERTEX_POINT('',#277);
#277 = CARTESIAN_POINT('',(224.15403266652,166.12113323481,
    8.881784197001E-16));
#278 = SURFACE_CURVE('',#279,(#283,#290),.PCURVE_S1.);
#279 = LINE('',#280,#281);
#280 = CARTESIAN_POINT('',(224.15403266652,40.240522957502,
    8.881784197001E-16));
#281 = VECTOR('',#282,1.);
#282 = DIRECTION('',(0.,1.,0.));
#283 = PCURVE('',#44,#284);
#284 = DEFINITIONAL_REPRESENTATION('',(#285),#289);
#285 = LINE('',#286,#287);
#286 = CARTESIAN_POINT('',(112.07701633326,-62.94030513865));
#287 = VECTOR('',#288,1.);
#288 = DIRECTION('',(0.,1.));
#289 = ( GEOMETRIC_REPRESENTATION_CONTEXT(2) 
PARAMETRIC_REPRESENTATION_CONTEXT() REPRESENTATION_CONTEXT('2D SPACE',''
  ) );
#290 = PCURVE('',#291,#296);
#291 = CYLINDRICAL_SURFACE('',#292,11.148596819791);
#292 = AXIS2_PLACEMENT_3D('',#293,#294,#295);
#293 = CARTESIAN_POINT('',(224.15403266652,40.240522957502,
    -11.14859681979));
#294 = DIRECTION('',(0.,-1.,0.));
#295 = DIRECTION('',(0.,-0.,-1.));
#296 = DEFINITIONAL_REPRESENTATION('',(#297),#301);
#297 = LINE('',#298,#299);
#298 = CARTESIAN_POINT('',(-3.14159265359,0.));
#299 = VECTOR('',#300,1.);
#300 = DIRECTION('',(-0.,-1.));
#301 = ( GEOMETRIC_REPRESENTATION_CONTEXT(2) 
PARAMETRIC_REPRESENTATION_CONTEXT() REPRESENTATION_CONTEXT('2D SPACE',''
  ) );
#302 = ORIENTED_EDGE('',*,*,#303,.F.);
#303 = EDGE_CURVE('',#304,#276,#306,.T.);
#304 = VERTEX_POINT('',#305);
#305 = CARTESIAN_POINT('',(213.00543584673,166.12113323481,0.));
#306 = SURFACE_CURVE('',#307,(#311,#317),.PCURVE_S1.);
#307 = LINE('',#308,#309);
#308 = CARTESIAN_POINT('',(168.11552449989,166.12113323481,0.));
#309 = VECTOR('',#310,1.);
#310 = DIRECTION('',(1.,0.,-0.));
#311 = PCURVE('',#44,#312);
#312 = DEFINITIONAL_REPRESENTATION('',(#313),#316);
#313 = B_SPLINE_CURVE_WITH_KNOTS('',1,(#314,#315),.UNSPECIFIED.,.F.,.F.,
  (2,2),(44.889911346841,56.038508166632),.PIECEWISE_BEZIER_KNOTS.);
#314 = CARTESIAN_POINT('',(100.92841951347,62.940305138657));
#315 = CARTESIAN_POINT('',(112.07701633326,62.940305138657));
#316 = ( GEOMETRIC_REPRESENTATION_CONTEXT(2) 
PARAMETRIC_REPRESENTATION_CONTEXT() REPRESENTATION_CONTEXT('2D SPACE',''
  ) );
#317 = PCURVE('',#318,#323);
#318 = PLANE('',#319);
#319 = AXIS2_PLACEMENT_3D('',#320,#321,#322);
#320 = CARTESIAN_POINT('',(224.15403266652,166.12113323481,
    2.334298409895));
#321 = DIRECTION('',(0.,-1.,0.));
#322 = DIRECTION('',(0.,0.,-1.));
#323 = DEFINITIONAL_REPRESENTATION('',(#324),#327);
#324 = B_SPLINE_CURVE_WITH_KNOTS('',1,(#325,#326),.UNSPECIFIED.,.F.,.F.,
  (2,2),(44.889911346841,56.038508166632),.PIECEWISE_BEZIER_KNOTS.);
#325 = CARTESIAN_POINT('',(2.334298409895,-11.14859681979));
#326 = CARTESIAN_POINT('',(2.334298409895,0.));
#327 = ( GEOMETRIC_REPRESENTATION_CONTEXT(2) 
PARAMETRIC_REPRESENTATION_CONTEXT() REPRESENTATION_CONTEXT('2D SPACE',''
  ) );
#328 = ORIENTED_EDGE('',*,*,#329,.T.);
#329 = EDGE_CURVE('',#304,#330,#332,.T.);
#330 = VERTEX_POINT('',#331);
#331 = CARTESIAN_POINT('',(213.00543584673,170.7897300546,0.));
#332 = SURFACE_CURVE('',#333,(#337,#343),.PCURVE_S1.);
#333 = LINE('',#334,#335);
#334 = CARTESIAN_POINT('',(213.00543584673,135.81812987043,0.));
#335 = VECTOR('',#336,1.);
#336 = DIRECTION('',(0.,1.,0.));
#337 = PCURVE('',#44,#338);
#338 = DEFINITIONAL_REPRESENTATION('',(#339),#342);
#339 = B_SPLINE_CURVE_WITH_KNOTS('',1,(#340,#341),.UNSPECIFIED.,.F.,.F.,
  (2,2),(30.303003364381,34.971600184172),.PIECEWISE_BEZIER_KNOTS.);
#340 = CARTESIAN_POINT('',(100.92841951347,62.940305138657));
#341 = CARTESIAN_POINT('',(100.92841951347,67.608901958448));
#342 = ( GEOMETRIC_REPRESENTATION_CONTEXT(2) 
PARAMETRIC_REPRESENTATION_CONTEXT() REPRESENTATION_CONTEXT('2D SPACE',''
  ) );
#343 = PCURVE('',#344,#349);
#344 = PLANE('',#345);
#345 = AXIS2_PLACEMENT_3D('',#346,#347,#348);
#346 = CARTESIAN_POINT('',(213.00543584673,168.45543164471,
    -2.334298409895));
#347 = DIRECTION('',(1.,0.,0.));
#348 = DIRECTION('',(-0.,0.,1.));
#349 = DEFINITIONAL_REPRESENTATION('',(#350),#353);
#350 = B_SPLINE_CURVE_WITH_KNOTS('',1,(#351,#352),.UNSPECIFIED.,.F.,.F.,
  (2,2),(30.303003364381,34.971600184172),.PIECEWISE_BEZIER_KNOTS.);
#351 = CARTESIAN_POINT('',(2.334298409895,2.334298409895));
#352 = CARTESIAN_POINT('',(2.334298409895,-2.334298409896));
#353 = ( GEOMETRIC_REPRESENTATION_CONTEXT(2) 
PARAMETRIC_REPRESENTATION_CONTEXT() REPRESENTATION_CONTEXT('2D SPACE',''
  ) );
#354 = ORIENTED_EDGE('',*,*,#355,.T.);
#355 = EDGE_CURVE('',#330,#356,#358,.T.);
#356 = VERTEX_POINT('',#357);
#357 = CARTESIAN_POINT('',(224.15403266652,170.7897300546,0.));
#358 = SURFACE_CURVE('',#359,(#363,#369),.PCURVE_S1.);
#359 = LINE('',#360,#361);
#360 = CARTESIAN_POINT('',(168.11552449989,170.7897300546,0.));
#361 = VECTOR('',#362,1.);
#362 = DIRECTION('',(1.,0.,-0.));
#363 = PCURVE('',#44,#364);
#364 = DEFINITIONAL_REPRESENTATION('',(#365),#368);
#365 = B_SPLINE_CURVE_WITH_KNOTS('',1,(#366,#367),.UNSPECIFIED.,.F.,.F.,
  (2,2),(44.889911346841,56.038508166632),.PIECEWISE_BEZIER_KNOTS.);
#366 = CARTESIAN_POINT('',(100.92841951347,67.608901958448));
#367 = CARTESIAN_POINT('',(112.07701633326,67.608901958448));
#368 = ( GEOMETRIC_REPRESENTATION_CONTEXT(2) 
PARAMETRIC_REPRESENTATION_CONTEXT() REPRESENTATION_CONTEXT('2D SPACE',''
  ) );
#369 = PCURVE('',#370,#375);
#370 = PLANE('',#371);
#371 = AXIS2_PLACEMENT_3D('',#372,#373,#374);
#372 = CARTESIAN_POINT('',(224.15403266652,170.7897300546,2.334298409895
    ));
#373 = DIRECTION('',(0.,-1.,0.));
#374 = DIRECTION('',(0.,0.,-1.));
#375 = DEFINITIONAL_REPRESENTATION('',(#376),#379);
#376 = B_SPLINE_CURVE_WITH_KNOTS('',1,(#377,#378),.UNSPECIFIED.,.F.,.F.,
  (2,2),(44.889911346841,56.038508166632),.PIECEWISE_BEZIER_KNOTS.);
#377 = CARTESIAN_POINT('',(2.334298409895,-11.14859681979));
#378 = CARTESIAN_POINT('',(2.334298409895,0.));
#379 = ( GEOMETRIC_REPRESENTATION_CONTEXT(2) 
PARAMETRIC_REPRESENTATION_CONTEXT() REPRESENTATION_CONTEXT('2D SPACE',''
  ) );
#380 = ORIENTED_EDGE('',*,*,#381,.T.);
#381 = EDGE_CURVE('',#356,#382,#384,.T.);
#382 = VERTEX_POINT('',#383);
#383 = CARTESIAN_POINT('',(224.15403266652,206.36165619231,
    5.921189420551E-16));
#384 = SURFACE_CURVE('',#385,(#389,#396),.PCURVE_S1.);
#385 = LINE('',#386,#387);
#386 = CARTESIAN_POINT('',(224.15403266652,0.,0.));
#387 = VECTOR('',#388,1.);
#388 = DIRECTION('',(0.,1.,0.));
#389 = PCURVE('',#44,#390);
#390 = DEFINITIONAL_REPRESENTATION('',(#391),#395);
#391 = LINE('',#392,#393);
#392 = CARTESIAN_POINT('',(112.07701633326,-103.1808280961));
#393 = VECTOR('',#394,1.);
#394 = DIRECTION('',(0.,1.));
#395 = ( GEOMETRIC_REPRESENTATION_CONTEXT(2) 
PARAMETRIC_REPRESENTATION_CONTEXT() REPRESENTATION_CONTEXT('2D SPACE',''
  ) );
#396 = PCURVE('',#397,#402);
#397 = PLANE('',#398);
#398 = AXIS2_PLACEMENT_3D('',#399,#400,#401);
#399 = CARTESIAN_POINT('',(224.15403266652,0.,0.));
#400 = DIRECTION('',(1.,0.,0.));
#401 = DIRECTION('',(-0.,1.,0.));
#402 = DEFINITIONAL_REPRESENTATION('',(#403),#407);
#403 = LINE('',#404,#405);
#404 = CARTESIAN_POINT('',(0.,0.));
#405 = VECTOR('',#406,1.);
#406 = DIRECTION('',(1.,0.));
#407 = ( GEOMETRIC_REPRESENTATION_CONTEXT(2) 
PARAMETRIC_REPRESENTATION_CONTEXT() REPRESENTATION_CONTEXT('2D SPACE',''
  ) );
#408 = ORIENTED_EDGE('',*,*,#409,.F.);
#409 = EDGE_CURVE('',#410,#382,#412,.T.);
#410 = VERTEX_POINT('',#411);
#411 = CARTESIAN_POINT('',(0.,206.36165619231,5.921189420551E-16));
#412 = SURFACE_CURVE('',#413,(#417,#424),.PCURVE_S1.);
#413 = LINE('',#414,#415);
#414 = CARTESIAN_POINT('',(0.,206.36165619231,0.));
#415 = VECTOR('',#416,1.);
#416 = DIRECTION('',(1.,0.,0.));
#417 = PCURVE('',#44,#418);
#418 = DEFINITIONAL_REPRESENTATION('',(#419),#423);
#419 = LINE('',#420,#421);
#420 = CARTESIAN_POINT('',(-112.0770163332,103.18082809615));
#421 = VECTOR('',#422,1.);
#422 = DIRECTION('',(1.,0.));
#423 = ( GEOMETRIC_REPRESENTATION_CONTEXT(2) 
PARAMETRIC_REPRESENTATION_CONTEXT() REPRESENTATION_CONTEXT('2D SPACE',''
  ) );
#424 = PCURVE('',#425,#430);
#425 = CYLINDRICAL_SURFACE('',#426,10.508596819791);
#426 = AXIS2_PLACEMENT_3D('',#427,#428,#429);
#427 = CARTESIAN_POINT('',(0.,206.36165619231,-10.50859681979));
#428 = DIRECTION('',(-1.,-0.,0.));
#429 = DIRECTION('',(0.,-0.,-1.));
#430 = DEFINITIONAL_REPRESENTATION('',(#431),#434);
#431 = B_SPLINE_CURVE_WITH_KNOTS('',1,(#432,#433),.UNSPECIFIED.,.F.,.F.,
  (2,2),(0.,224.15403266652),.PIECEWISE_BEZIER_KNOTS.);
#432 = CARTESIAN_POINT('',(3.14159265359,0.));
#433 = CARTESIAN_POINT('',(3.14159265359,-224.1540326665));
#434 = ( GEOMETRIC_REPRESENTATION_CONTEXT(2) 
PARAMETRIC_REPRESENTATION_CONTEXT() REPRESENTATION_CONTEXT('2D SPACE',''
  ) );
#435 = ORIENTED_EDGE('',*,*,#436,.F.);
#436 = EDGE_CURVE('',#437,#410,#439,.T.);
#437 = VERTEX_POINT('',#438);
#438 = CARTESIAN_POINT('',(0.,170.7897300546,0.));
#439 = SURFACE_CURVE('',#440,(#444,#451),.PCURVE_S1.);
#440 = LINE('',#441,#442);
#441 = CARTESIAN_POINT('',(0.,0.,0.));
#442 = VECTOR('',#443,1.);
#443 = DIRECTION('',(0.,1.,0.));
#444 = PCURVE('',#44,#445);
#445 = DEFINITIONAL_REPRESENTATION('',(#446),#450);
#446 = LINE('',#447,#448);
#447 = CARTESIAN_POINT('',(-112.0770163332,-103.1808280961));
#448 = VECTOR('',#449,1.);
#449 = DIRECTION('',(0.,1.));
#450 = ( GEOMETRIC_REPRESENTATION_CONTEXT(2) 
PARAMETRIC_REPRESENTATION_CONTEXT() REPRESENTATION_CONTEXT('2D SPACE',''
  ) );
#451 = PCURVE('',#452,#457);
#452 = PLANE('',#453);
#453 = AXIS2_PLACEMENT_3D('',#454,#455,#456);
#454 = CARTESIAN_POINT('',(0.,0.,0.));
#455 = DIRECTION('',(1.,0.,0.));
#456 = DIRECTION('',(-0.,1.,0.));
#457 = DEFINITIONAL_REPRESENTATION('',(#458),#462);
#458 = LINE('',#459,#460);
#459 = CARTESIAN_POINT('',(0.,0.));
#460 = VECTOR('',#461,1.);
#461 = DIRECTION('',(1.,0.));
#462 = ( GEOMETRIC_REPRESENTATION_CONTEXT(2) 
PARAMETRIC_REPRESENTATION_CONTEXT() REPRESENTATION_CONTEXT('2D SPACE',''
  ) );
#463 = ORIENTED_EDGE('',*,*,#464,.F.);
#464 = EDGE_CURVE('',#465,#437,#467,.T.);
#465 = VERTEX_POINT('',#466);
#466 = CARTESIAN_POINT('',(11.148596819791,170.7897300546,0.));
#467 = SURFACE_CURVE('',#468,(#472,#478),.PCURVE_S1.);
#468 = LINE('',#469,#470);
#469 = CARTESIAN_POINT('',(56.038508166632,170.7897300546,0.));
#470 = VECTOR('',#471,1.);
#471 = DIRECTION('',(-1.,-0.,0.));
#472 = PCURVE('',#44,#473);
#473 = DEFINITIONAL_REPRESENTATION('',(#474),#477);
#474 = B_SPLINE_CURVE_WITH_KNOTS('',1,(#475,#476),.UNSPECIFIED.,.F.,.F.,
  (2,2),(44.889911346841,56.038508166632),.PIECEWISE_BEZIER_KNOTS.);
#475 = CARTESIAN_POINT('',(-100.9284195134,67.608901958448));
#476 = CARTESIAN_POINT('',(-112.0770163332,67.608901958448));
#477 = ( GEOMETRIC_REPRESENTATION_CONTEXT(2) 
PARAMETRIC_REPRESENTATION_CONTEXT() REPRESENTATION_CONTEXT('2D SPACE',''
  ) );
#478 = PCURVE('',#479,#484);
#479 = PLANE('',#480);
#480 = AXIS2_PLACEMENT_3D('',#481,#482,#483);
#481 = CARTESIAN_POINT('',(0.,170.7897300546,2.334298409895));
#482 = DIRECTION('',(-0.,1.,0.));
#483 = DIRECTION('',(0.,0.,-1.));
#484 = DEFINITIONAL_REPRESENTATION('',(#485),#488);
#485 = B_SPLINE_CURVE_WITH_KNOTS('',1,(#486,#487),.UNSPECIFIED.,.F.,.F.,
  (2,2),(44.889911346841,56.038508166632),.PIECEWISE_BEZIER_KNOTS.);
#486 = CARTESIAN_POINT('',(2.334298409895,-11.14859681979));
#487 = CARTESIAN_POINT('',(2.334298409895,0.));
#488 = ( GEOMETRIC_REPRESENTATION_CONTEXT(2) 
PARAMETRIC_REPRESENTATION_CONTEXT() REPRESENTATION_CONTEXT('2D SPACE',''
  ) );
#489 = ORIENTED_EDGE('',*,*,#490,.F.);
#490 = EDGE_CURVE('',#491,#465,#493,.T.);
#491 = VERTEX_POINT('',#492);
#492 = CARTESIAN_POINT('',(11.148596819791,166.12113323481,0.));
#493 = SURFACE_CURVE('',#494,(#498,#504),.PCURVE_S1.);
#494 = LINE('',#495,#496);
#495 = CARTESIAN_POINT('',(11.148596819791,135.81812987043,0.));
#496 = VECTOR('',#497,1.);
#497 = DIRECTION('',(0.,1.,0.));
#498 = PCURVE('',#44,#499);
#499 = DEFINITIONAL_REPRESENTATION('',(#500),#503);
#500 = B_SPLINE_CURVE_WITH_KNOTS('',1,(#501,#502),.UNSPECIFIED.,.F.,.F.,
  (2,2),(30.303003364381,34.971600184172),.PIECEWISE_BEZIER_KNOTS.);
#501 = CARTESIAN_POINT('',(-100.9284195134,62.940305138657));
#502 = CARTESIAN_POINT('',(-100.9284195134,67.608901958448));
#503 = ( GEOMETRIC_REPRESENTATION_CONTEXT(2) 
PARAMETRIC_REPRESENTATION_CONTEXT() REPRESENTATION_CONTEXT('2D SPACE',''
  ) );
#504 = PCURVE('',#505,#510);
#505 = PLANE('',#506);
#506 = AXIS2_PLACEMENT_3D('',#507,#508,#509);
#507 = CARTESIAN_POINT('',(11.148596819791,168.45543164471,
    -2.334298409895));
#508 = DIRECTION('',(1.,0.,0.));
#509 = DIRECTION('',(-0.,0.,1.));
#510 = DEFINITIONAL_REPRESENTATION('',(#511),#514);
#511 = B_SPLINE_CURVE_WITH_KNOTS('',1,(#512,#513),.UNSPECIFIED.,.F.,.F.,
  (2,2),(30.303003364381,34.971600184172),.PIECEWISE_BEZIER_KNOTS.);
#512 = CARTESIAN_POINT('',(2.334298409895,2.334298409895));
#513 = CARTESIAN_POINT('',(2.334298409895,-2.334298409896));
#514 = ( GEOMETRIC_REPRESENTATION_CONTEXT(2) 
PARAMETRIC_REPRESENTATION_CONTEXT() REPRESENTATION_CONTEXT('2D SPACE',''
  ) );
#515 = ORIENTED_EDGE('',*,*,#516,.T.);
#516 = EDGE_CURVE('',#491,#517,#519,.T.);
#517 = VERTEX_POINT('',#518);
#518 = CARTESIAN_POINT('',(6.826546736501E-16,166.12113323481,
    8.881784237764E-16));
#519 = SURFACE_CURVE('',#520,(#524,#530),.PCURVE_S1.);
#520 = LINE('',#521,#522);
#521 = CARTESIAN_POINT('',(56.038508166632,166.12113323481,0.));
#522 = VECTOR('',#523,1.);
#523 = DIRECTION('',(-1.,-0.,0.));
#524 = PCURVE('',#44,#525);
#525 = DEFINITIONAL_REPRESENTATION('',(#526),#529);
#526 = B_SPLINE_CURVE_WITH_KNOTS('',1,(#527,#528),.UNSPECIFIED.,.F.,.F.,
  (2,2),(44.889911346841,56.038508166632),.PIECEWISE_BEZIER_KNOTS.);
#527 = CARTESIAN_POINT('',(-100.9284195134,62.940305138657));
#528 = CARTESIAN_POINT('',(-112.0770163332,62.940305138657));
#529 = ( GEOMETRIC_REPRESENTATION_CONTEXT(2) 
PARAMETRIC_REPRESENTATION_CONTEXT() REPRESENTATION_CONTEXT('2D SPACE',''
  ) );
#530 = PCURVE('',#531,#536);
#531 = PLANE('',#532);
#532 = AXIS2_PLACEMENT_3D('',#533,#534,#535);
#533 = CARTESIAN_POINT('',(0.,166.12113323481,2.334298409895));
#534 = DIRECTION('',(-0.,1.,0.));
#535 = DIRECTION('',(0.,0.,-1.));
#536 = DEFINITIONAL_REPRESENTATION('',(#537),#540);
#537 = B_SPLINE_CURVE_WITH_KNOTS('',1,(#538,#539),.UNSPECIFIED.,.F.,.F.,
  (2,2),(44.889911346841,56.038508166632),.PIECEWISE_BEZIER_KNOTS.);
#538 = CARTESIAN_POINT('',(2.334298409895,-11.14859681979));
#539 = CARTESIAN_POINT('',(2.334298409895,0.));
#540 = ( GEOMETRIC_REPRESENTATION_CONTEXT(2) 
PARAMETRIC_REPRESENTATION_CONTEXT() REPRESENTATION_CONTEXT('2D SPACE',''
  ) );
#541 = ORIENTED_EDGE('',*,*,#542,.F.);
#542 = EDGE_CURVE('',#543,#517,#545,.T.);
#543 = VERTEX_POINT('',#544);
#544 = CARTESIAN_POINT('',(6.826546736501E-16,40.240522957502,
    8.881784237764E-16));
#545 = SURFACE_CURVE('',#546,(#550,#557),.PCURVE_S1.);
#546 = LINE('',#547,#548);
#547 = CARTESIAN_POINT('',(6.826546736501E-16,40.240522957502,
    8.881784237764E-16));
#548 = VECTOR('',#549,1.);
#549 = DIRECTION('',(0.,1.,0.));
#550 = PCURVE('',#44,#551);
#551 = DEFINITIONAL_REPRESENTATION('',(#552),#556);
#552 = LINE('',#553,#554);
#553 = CARTESIAN_POINT('',(-112.0770163332,-62.94030513865));
#554 = VECTOR('',#555,1.);
#555 = DIRECTION('',(0.,1.));
#556 = ( GEOMETRIC_REPRESENTATION_CONTEXT(2) 
PARAMETRIC_REPRESENTATION_CONTEXT() REPRESENTATION_CONTEXT('2D SPACE',''
  ) );
#557 = PCURVE('',#558,#563);
#558 = CYLINDRICAL_SURFACE('',#559,11.148596819791);
#559 = AXIS2_PLACEMENT_3D('',#560,#561,#562);
#560 = CARTESIAN_POINT('',(0.,40.240522957502,-11.14859681979));
#561 = DIRECTION('',(0.,-1.,-0.));
#562 = DIRECTION('',(0.,0.,-1.));
#563 = DEFINITIONAL_REPRESENTATION('',(#564),#568);
#564 = LINE('',#565,#566);
#565 = CARTESIAN_POINT('',(3.14159265359,0.));
#566 = VECTOR('',#567,1.);
#567 = DIRECTION('',(0.,-1.));
#568 = ( GEOMETRIC_REPRESENTATION_CONTEXT(2) 
PARAMETRIC_REPRESENTATION_CONTEXT() REPRESENTATION_CONTEXT('2D SPACE',''
  ) );
#569 = ORIENTED_EDGE('',*,*,#570,.F.);
#570 = EDGE_CURVE('',#571,#543,#573,.T.);
#571 = VERTEX_POINT('',#572);
#572 = CARTESIAN_POINT('',(11.148596819791,40.240522957502,0.));
#573 = SURFACE_CURVE('',#574,(#578,#584),.PCURVE_S1.);
#574 = LINE('',#575,#576);
#575 = CARTESIAN_POINT('',(56.038508166632,40.240522957502,0.));
#576 = VECTOR('',#577,1.);
#577 = DIRECTION('',(-1.,-0.,0.));
#578 = PCURVE('',#44,#579);
#579 = DEFINITIONAL_REPRESENTATION('',(#580),#583);
#580 = B_SPLINE_CURVE_WITH_KNOTS('',1,(#581,#582),.UNSPECIFIED.,.F.,.F.,
  (2,2),(44.889911346841,56.038508166632),.PIECEWISE_BEZIER_KNOTS.);
#581 = CARTESIAN_POINT('',(-100.9284195134,-62.94030513865));
#582 = CARTESIAN_POINT('',(-112.0770163332,-62.94030513865));
#583 = ( GEOMETRIC_REPRESENTATION_CONTEXT(2) 
PARAMETRIC_REPRESENTATION_CONTEXT() REPRESENTATION_CONTEXT('2D SPACE',''
  ) );
#584 = PCURVE('',#585,#590);
#585 = PLANE('',#586);
#586 = AXIS2_PLACEMENT_3D('',#587,#588,#589);
#587 = CARTESIAN_POINT('',(0.,40.240522957502,2.334298409895));
#588 = DIRECTION('',(-0.,1.,0.));
#589 = DIRECTION('',(0.,0.,-1.));
#590 = DEFINITIONAL_REPRESENTATION('',(#591),#594);
#591 = B_SPLINE_CURVE_WITH_KNOTS('',1,(#592,#593),.UNSPECIFIED.,.F.,.F.,
  (2,2),(44.889911346841,56.038508166632),.PIECEWISE_BEZIER_KNOTS.);
#592 = CARTESIAN_POINT('',(2.334298409895,-11.14859681979));
#593 = CARTESIAN_POINT('',(2.334298409895,0.));
#594 = ( GEOMETRIC_REPRESENTATION_CONTEXT(2) 
PARAMETRIC_REPRESENTATION_CONTEXT() REPRESENTATION_CONTEXT('2D SPACE',''
  ) );
#595 = ORIENTED_EDGE('',*,*,#596,.T.);
#596 = EDGE_CURVE('',#571,#597,#599,.T.);
#597 = VERTEX_POINT('',#598);
#598 = CARTESIAN_POINT('',(11.148596819791,35.571926137711,0.));
#599 = SURFACE_CURVE('',#600,(#604,#610),.PCURVE_S1.);
#600 = LINE('',#601,#602);
#601 = CARTESIAN_POINT('',(11.148596819791,70.543526321883,0.));
#602 = VECTOR('',#603,1.);
#603 = DIRECTION('',(0.,-1.,0.));
#604 = PCURVE('',#44,#605);
#605 = DEFINITIONAL_REPRESENTATION('',(#606),#609);
#606 = B_SPLINE_CURVE_WITH_KNOTS('',1,(#607,#608),.UNSPECIFIED.,.F.,.F.,
  (2,2),(30.303003364381,34.971600184172),.PIECEWISE_BEZIER_KNOTS.);
#607 = CARTESIAN_POINT('',(-100.9284195134,-62.94030513865));
#608 = CARTESIAN_POINT('',(-100.9284195134,-67.60890195844));
#609 = ( GEOMETRIC_REPRESENTATION_CONTEXT(2) 
PARAMETRIC_REPRESENTATION_CONTEXT() REPRESENTATION_CONTEXT('2D SPACE',''
  ) );
#610 = PCURVE('',#611,#616);
#611 = PLANE('',#612);
#612 = AXIS2_PLACEMENT_3D('',#613,#614,#615);
#613 = CARTESIAN_POINT('',(11.148596819791,37.906224547606,
    -2.334298409895));
#614 = DIRECTION('',(-1.,-0.,-0.));
#615 = DIRECTION('',(0.,0.,-1.));
#616 = DEFINITIONAL_REPRESENTATION('',(#617),#620);
#617 = B_SPLINE_CURVE_WITH_KNOTS('',1,(#618,#619),.UNSPECIFIED.,.F.,.F.,
  (2,2),(30.303003364381,34.971600184172),.PIECEWISE_BEZIER_KNOTS.);
#618 = CARTESIAN_POINT('',(-2.334298409895,-2.334298409895));
#619 = CARTESIAN_POINT('',(-2.334298409895,2.334298409895));
#620 = ( GEOMETRIC_REPRESENTATION_CONTEXT(2) 
PARAMETRIC_REPRESENTATION_CONTEXT() REPRESENTATION_CONTEXT('2D SPACE',''
  ) );
#621 = ORIENTED_EDGE('',*,*,#622,.T.);
#622 = EDGE_CURVE('',#597,#24,#623,.T.);
#623 = SURFACE_CURVE('',#624,(#628,#634),.PCURVE_S1.);
#624 = LINE('',#625,#626);
#625 = CARTESIAN_POINT('',(56.038508166632,35.571926137711,0.));
#626 = VECTOR('',#627,1.);
#627 = DIRECTION('',(-1.,-0.,0.));
#628 = PCURVE('',#44,#629);
#629 = DEFINITIONAL_REPRESENTATION('',(#630),#633);
#630 = B_SPLINE_CURVE_WITH_KNOTS('',1,(#631,#632),.UNSPECIFIED.,.F.,.F.,
  (2,2),(44.889911346841,56.038508166632),.PIECEWISE_BEZIER_KNOTS.);
#631 = CARTESIAN_POINT('',(-100.9284195134,-67.60890195844));
#632 = CARTESIAN_POINT('',(-112.0770163332,-67.60890195844));
#633 = ( GEOMETRIC_REPRESENTATION_CONTEXT(2) 
PARAMETRIC_REPRESENTATION_CONTEXT() REPRESENTATION_CONTEXT('2D SPACE',''
  ) );
#634 = PCURVE('',#126,#635);
#635 = DEFINITIONAL_REPRESENTATION('',(#636),#639);
#636 = B_SPLINE_CURVE_WITH_KNOTS('',1,(#637,#638),.UNSPECIFIED.,.F.,.F.,
  (2,2),(44.889911346841,56.038508166632),.PIECEWISE_BEZIER_KNOTS.);
#637 = CARTESIAN_POINT('',(2.334298409895,-11.14859681979));
#638 = CARTESIAN_POINT('',(2.334298409895,0.));
#639 = ( GEOMETRIC_REPRESENTATION_CONTEXT(2) 
PARAMETRIC_REPRESENTATION_CONTEXT() REPRESENTATION_CONTEXT('2D SPACE',''
  ) );
#640 = ADVANCED_FACE('',(#641),#126,.T.);
#641 = FACE_BOUND('',#642,.T.);
#642 = EDGE_LOOP('',(#643,#644,#645,#668));
#643 = ORIENTED_EDGE('',*,*,#112,.F.);
#644 = ORIENTED_EDGE('',*,*,#622,.F.);
#645 = ORIENTED_EDGE('',*,*,#646,.T.);
#646 = EDGE_CURVE('',#597,#647,#649,.T.);
#647 = VERTEX_POINT('',#648);
#648 = CARTESIAN_POINT('',(11.148596819791,35.571926137711,
    -4.668596819791));
#649 = SURFACE_CURVE('',#650,(#654,#661),.PCURVE_S1.);
#650 = LINE('',#651,#652);
#651 = CARTESIAN_POINT('',(11.148596819791,35.571926137711,
    2.334298409895));
#652 = VECTOR('',#653,1.);
#653 = DIRECTION('',(0.,0.,-1.));
#654 = PCURVE('',#126,#655);
#655 = DEFINITIONAL_REPRESENTATION('',(#656),#660);
#656 = LINE('',#657,#658);
#657 = CARTESIAN_POINT('',(0.,-11.14859681979));
#658 = VECTOR('',#659,1.);
#659 = DIRECTION('',(1.,0.));
#660 = ( GEOMETRIC_REPRESENTATION_CONTEXT(2) 
PARAMETRIC_REPRESENTATION_CONTEXT() REPRESENTATION_CONTEXT('2D SPACE',''
  ) );
#661 = PCURVE('',#611,#662);
#662 = DEFINITIONAL_REPRESENTATION('',(#663),#667);
#663 = LINE('',#664,#665);
#664 = CARTESIAN_POINT('',(-4.668596819791,2.334298409895));
#665 = VECTOR('',#666,1.);
#666 = DIRECTION('',(1.,0.));
#667 = ( GEOMETRIC_REPRESENTATION_CONTEXT(2) 
PARAMETRIC_REPRESENTATION_CONTEXT() REPRESENTATION_CONTEXT('2D SPACE',''
  ) );
#668 = ORIENTED_EDGE('',*,*,#669,.T.);
#669 = EDGE_CURVE('',#647,#85,#670,.T.);
#670 = SURFACE_CURVE('',#671,(#675,#681),.PCURVE_S1.);
#671 = LINE('',#672,#673);
#672 = CARTESIAN_POINT('',(56.038508166632,35.571926137711,
    -4.668596819791));
#673 = VECTOR('',#674,1.);
#674 = DIRECTION('',(-1.,-0.,0.));
#675 = PCURVE('',#126,#676);
#676 = DEFINITIONAL_REPRESENTATION('',(#677),#680);
#677 = B_SPLINE_CURVE_WITH_KNOTS('',1,(#678,#679),.UNSPECIFIED.,.F.,.F.,
  (2,2),(44.889911346841,56.038508166632),.PIECEWISE_BEZIER_KNOTS.);
#678 = CARTESIAN_POINT('',(7.002895229686,-11.14859681979));
#679 = CARTESIAN_POINT('',(7.002895229686,0.));
#680 = ( GEOMETRIC_REPRESENTATION_CONTEXT(2) 
PARAMETRIC_REPRESENTATION_CONTEXT() REPRESENTATION_CONTEXT('2D SPACE',''
  ) );
#681 = PCURVE('',#100,#682);
#682 = DEFINITIONAL_REPRESENTATION('',(#683),#686);
#683 = B_SPLINE_CURVE_WITH_KNOTS('',1,(#684,#685),.UNSPECIFIED.,.F.,.F.,
  (2,2),(44.889911346841,56.038508166632),.PIECEWISE_BEZIER_KNOTS.);
#684 = CARTESIAN_POINT('',(-100.9284195134,-67.60890195844));
#685 = CARTESIAN_POINT('',(-112.0770163332,-67.60890195844));
#686 = ( GEOMETRIC_REPRESENTATION_CONTEXT(2) 
PARAMETRIC_REPRESENTATION_CONTEXT() REPRESENTATION_CONTEXT('2D SPACE',''
  ) );
#687 = ADVANCED_FACE('',(#688),#100,.F.);
#688 = FACE_BOUND('',#689,.F.);
#689 = EDGE_LOOP('',(#690,#691,#718,#741,#762,#783,#804,#832,#853,#874,
    #895,#918,#945,#968,#989,#1010,#1031,#1059,#1080,#1099));
#690 = ORIENTED_EDGE('',*,*,#84,.F.);
#691 = ORIENTED_EDGE('',*,*,#692,.T.);
#692 = EDGE_CURVE('',#57,#693,#695,.T.);
#693 = VERTEX_POINT('',#694);
#694 = CARTESIAN_POINT('',(224.15403266652,3.828489554911E-16,
    -4.668596819791));
#695 = SURFACE_CURVE('',#696,(#700,#707),.PCURVE_S1.);
#696 = LINE('',#697,#698);
#697 = CARTESIAN_POINT('',(0.,0.,-4.668596819791));
#698 = VECTOR('',#699,1.);
#699 = DIRECTION('',(1.,0.,0.));
#700 = PCURVE('',#100,#701);
#701 = DEFINITIONAL_REPRESENTATION('',(#702),#706);
#702 = LINE('',#703,#704);
#703 = CARTESIAN_POINT('',(-112.0770163332,-103.1808280961));
#704 = VECTOR('',#705,1.);
#705 = DIRECTION('',(1.,0.));
#706 = ( GEOMETRIC_REPRESENTATION_CONTEXT(2) 
PARAMETRIC_REPRESENTATION_CONTEXT() REPRESENTATION_CONTEXT('2D SPACE',''
  ) );
#707 = PCURVE('',#708,#713);
#708 = CYLINDRICAL_SURFACE('',#709,9.378596819791);
#709 = AXIS2_PLACEMENT_3D('',#710,#711,#712);
#710 = CARTESIAN_POINT('',(0.,0.,4.71));
#711 = DIRECTION('',(-1.,0.,-0.));
#712 = DIRECTION('',(-0.,0.,1.));
#713 = DEFINITIONAL_REPRESENTATION('',(#714),#717);
#714 = B_SPLINE_CURVE_WITH_KNOTS('',1,(#715,#716),.UNSPECIFIED.,.F.,.F.,
  (2,2),(0.,224.15403266652),.PIECEWISE_BEZIER_KNOTS.);
#715 = CARTESIAN_POINT('',(3.14159265359,0.));
#716 = CARTESIAN_POINT('',(3.14159265359,-224.1540326665));
#717 = ( GEOMETRIC_REPRESENTATION_CONTEXT(2) 
PARAMETRIC_REPRESENTATION_CONTEXT() REPRESENTATION_CONTEXT('2D SPACE',''
  ) );
#718 = ORIENTED_EDGE('',*,*,#719,.T.);
#719 = EDGE_CURVE('',#693,#720,#722,.T.);
#720 = VERTEX_POINT('',#721);
#721 = CARTESIAN_POINT('',(224.15403266652,35.571926137711,
    -4.668596819791));
#722 = SURFACE_CURVE('',#723,(#727,#734),.PCURVE_S1.);
#723 = LINE('',#724,#725);
#724 = CARTESIAN_POINT('',(224.15403266652,0.,-4.668596819791));
#725 = VECTOR('',#726,1.);
#726 = DIRECTION('',(0.,1.,0.));
#727 = PCURVE('',#100,#728);
#728 = DEFINITIONAL_REPRESENTATION('',(#729),#733);
#729 = LINE('',#730,#731);
#730 = CARTESIAN_POINT('',(112.07701633326,-103.1808280961));
#731 = VECTOR('',#732,1.);
#732 = DIRECTION('',(0.,1.));
#733 = ( GEOMETRIC_REPRESENTATION_CONTEXT(2) 
PARAMETRIC_REPRESENTATION_CONTEXT() REPRESENTATION_CONTEXT('2D SPACE',''
  ) );
#734 = PCURVE('',#185,#735);
#735 = DEFINITIONAL_REPRESENTATION('',(#736),#740);
#736 = LINE('',#737,#738);
#737 = CARTESIAN_POINT('',(0.,-4.668596819791));
#738 = VECTOR('',#739,1.);
#739 = DIRECTION('',(1.,0.));
#740 = ( GEOMETRIC_REPRESENTATION_CONTEXT(2) 
PARAMETRIC_REPRESENTATION_CONTEXT() REPRESENTATION_CONTEXT('2D SPACE',''
  ) );
#741 = ORIENTED_EDGE('',*,*,#742,.F.);
#742 = EDGE_CURVE('',#743,#720,#745,.T.);
#743 = VERTEX_POINT('',#744);
#744 = CARTESIAN_POINT('',(213.00543584673,35.571926137711,
    -4.668596819791));
#745 = SURFACE_CURVE('',#746,(#750,#756),.PCURVE_S1.);
#746 = LINE('',#747,#748);
#747 = CARTESIAN_POINT('',(168.11552449989,35.571926137711,
    -4.668596819791));
#748 = VECTOR('',#749,1.);
#749 = DIRECTION('',(1.,0.,-0.));
#750 = PCURVE('',#100,#751);
#751 = DEFINITIONAL_REPRESENTATION('',(#752),#755);
#752 = B_SPLINE_CURVE_WITH_KNOTS('',1,(#753,#754),.UNSPECIFIED.,.F.,.F.,
  (2,2),(44.889911346841,56.038508166632),.PIECEWISE_BEZIER_KNOTS.);
#753 = CARTESIAN_POINT('',(100.92841951347,-67.60890195844));
#754 = CARTESIAN_POINT('',(112.07701633326,-67.60890195844));
#755 = ( GEOMETRIC_REPRESENTATION_CONTEXT(2) 
PARAMETRIC_REPRESENTATION_CONTEXT() REPRESENTATION_CONTEXT('2D SPACE',''
  ) );
#756 = PCURVE('',#212,#757);
#757 = DEFINITIONAL_REPRESENTATION('',(#758),#761);
#758 = B_SPLINE_CURVE_WITH_KNOTS('',1,(#759,#760),.UNSPECIFIED.,.F.,.F.,
  (2,2),(44.889911346841,56.038508166632),.PIECEWISE_BEZIER_KNOTS.);
#759 = CARTESIAN_POINT('',(7.002895229686,-11.14859681979));
#760 = CARTESIAN_POINT('',(7.002895229686,0.));
#761 = ( GEOMETRIC_REPRESENTATION_CONTEXT(2) 
PARAMETRIC_REPRESENTATION_CONTEXT() REPRESENTATION_CONTEXT('2D SPACE',''
  ) );
#762 = ORIENTED_EDGE('',*,*,#763,.F.);
#763 = EDGE_CURVE('',#764,#743,#766,.T.);
#764 = VERTEX_POINT('',#765);
#765 = CARTESIAN_POINT('',(213.00543584673,40.240522957502,
    -4.668596819791));
#766 = SURFACE_CURVE('',#767,(#771,#777),.PCURVE_S1.);
#767 = LINE('',#768,#769);
#768 = CARTESIAN_POINT('',(213.00543584673,70.543526321883,
    -4.668596819791));
#769 = VECTOR('',#770,1.);
#770 = DIRECTION('',(0.,-1.,0.));
#771 = PCURVE('',#100,#772);
#772 = DEFINITIONAL_REPRESENTATION('',(#773),#776);
#773 = B_SPLINE_CURVE_WITH_KNOTS('',1,(#774,#775),.UNSPECIFIED.,.F.,.F.,
  (2,2),(30.303003364381,34.971600184172),.PIECEWISE_BEZIER_KNOTS.);
#774 = CARTESIAN_POINT('',(100.92841951347,-62.94030513865));
#775 = CARTESIAN_POINT('',(100.92841951347,-67.60890195844));
#776 = ( GEOMETRIC_REPRESENTATION_CONTEXT(2) 
PARAMETRIC_REPRESENTATION_CONTEXT() REPRESENTATION_CONTEXT('2D SPACE',''
  ) );
#777 = PCURVE('',#238,#778);
#778 = DEFINITIONAL_REPRESENTATION('',(#779),#782);
#779 = B_SPLINE_CURVE_WITH_KNOTS('',1,(#780,#781),.UNSPECIFIED.,.F.,.F.,
  (2,2),(30.303003364381,34.971600184172),.PIECEWISE_BEZIER_KNOTS.);
#780 = CARTESIAN_POINT('',(2.334298409895,-2.334298409895));
#781 = CARTESIAN_POINT('',(2.334298409895,2.334298409895));
#782 = ( GEOMETRIC_REPRESENTATION_CONTEXT(2) 
PARAMETRIC_REPRESENTATION_CONTEXT() REPRESENTATION_CONTEXT('2D SPACE',''
  ) );
#783 = ORIENTED_EDGE('',*,*,#784,.T.);
#784 = EDGE_CURVE('',#764,#785,#787,.T.);
#785 = VERTEX_POINT('',#786);
#786 = CARTESIAN_POINT('',(224.15403266652,40.240522957502,
    -4.668596819791));
#787 = SURFACE_CURVE('',#788,(#792,#798),.PCURVE_S1.);
#788 = LINE('',#789,#790);
#789 = CARTESIAN_POINT('',(168.11552449989,40.240522957502,
    -4.668596819791));
#790 = VECTOR('',#791,1.);
#791 = DIRECTION('',(1.,0.,-0.));
#792 = PCURVE('',#100,#793);
#793 = DEFINITIONAL_REPRESENTATION('',(#794),#797);
#794 = B_SPLINE_CURVE_WITH_KNOTS('',1,(#795,#796),.UNSPECIFIED.,.F.,.F.,
  (2,2),(44.889911346841,56.038508166632),.PIECEWISE_BEZIER_KNOTS.);
#795 = CARTESIAN_POINT('',(100.92841951347,-62.94030513865));
#796 = CARTESIAN_POINT('',(112.07701633326,-62.94030513865));
#797 = ( GEOMETRIC_REPRESENTATION_CONTEXT(2) 
PARAMETRIC_REPRESENTATION_CONTEXT() REPRESENTATION_CONTEXT('2D SPACE',''
  ) );
#798 = PCURVE('',#264,#799);
#799 = DEFINITIONAL_REPRESENTATION('',(#800),#803);
#800 = B_SPLINE_CURVE_WITH_KNOTS('',1,(#801,#802),.UNSPECIFIED.,.F.,.F.,
  (2,2),(44.889911346841,56.038508166632),.PIECEWISE_BEZIER_KNOTS.);
#801 = CARTESIAN_POINT('',(7.002895229686,-11.14859681979));
#802 = CARTESIAN_POINT('',(7.002895229686,0.));
#803 = ( GEOMETRIC_REPRESENTATION_CONTEXT(2) 
PARAMETRIC_REPRESENTATION_CONTEXT() REPRESENTATION_CONTEXT('2D SPACE',''
  ) );
#804 = ORIENTED_EDGE('',*,*,#805,.T.);
#805 = EDGE_CURVE('',#785,#806,#808,.T.);
#806 = VERTEX_POINT('',#807);
#807 = CARTESIAN_POINT('',(224.15403266652,166.12113323481,
    -4.668596819791));
#808 = SURFACE_CURVE('',#809,(#813,#820),.PCURVE_S1.);
#809 = LINE('',#810,#811);
#810 = CARTESIAN_POINT('',(224.15403266652,40.240522957502,
    -4.668596819791));
#811 = VECTOR('',#812,1.);
#812 = DIRECTION('',(0.,1.,0.));
#813 = PCURVE('',#100,#814);
#814 = DEFINITIONAL_REPRESENTATION('',(#815),#819);
#815 = LINE('',#816,#817);
#816 = CARTESIAN_POINT('',(112.07701633326,-62.94030513865));
#817 = VECTOR('',#818,1.);
#818 = DIRECTION('',(0.,1.));
#819 = ( GEOMETRIC_REPRESENTATION_CONTEXT(2) 
PARAMETRIC_REPRESENTATION_CONTEXT() REPRESENTATION_CONTEXT('2D SPACE',''
  ) );
#820 = PCURVE('',#821,#826);
#821 = CYLINDRICAL_SURFACE('',#822,6.48);
#822 = AXIS2_PLACEMENT_3D('',#823,#824,#825);
#823 = CARTESIAN_POINT('',(224.15403266652,40.240522957502,
    -11.14859681979));
#824 = DIRECTION('',(0.,-1.,0.));
#825 = DIRECTION('',(0.,-0.,-1.));
#826 = DEFINITIONAL_REPRESENTATION('',(#827),#831);
#827 = LINE('',#828,#829);
#828 = CARTESIAN_POINT('',(-3.14159265359,0.));
#829 = VECTOR('',#830,1.);
#830 = DIRECTION('',(-0.,-1.));
#831 = ( GEOMETRIC_REPRESENTATION_CONTEXT(2) 
PARAMETRIC_REPRESENTATION_CONTEXT() REPRESENTATION_CONTEXT('2D SPACE',''
  ) );
#832 = ORIENTED_EDGE('',*,*,#833,.F.);
#833 = EDGE_CURVE('',#834,#806,#836,.T.);
#834 = VERTEX_POINT('',#835);
#835 = CARTESIAN_POINT('',(213.00543584673,166.12113323481,
    -4.668596819791));
#836 = SURFACE_CURVE('',#837,(#841,#847),.PCURVE_S1.);
#837 = LINE('',#838,#839);
#838 = CARTESIAN_POINT('',(168.11552449989,166.12113323481,
    -4.668596819791));
#839 = VECTOR('',#840,1.);
#840 = DIRECTION('',(1.,0.,-0.));
#841 = PCURVE('',#100,#842);
#842 = DEFINITIONAL_REPRESENTATION('',(#843),#846);
#843 = B_SPLINE_CURVE_WITH_KNOTS('',1,(#844,#845),.UNSPECIFIED.,.F.,.F.,
  (2,2),(44.889911346841,56.038508166632),.PIECEWISE_BEZIER_KNOTS.);
#844 = CARTESIAN_POINT('',(100.92841951347,62.940305138657));
#845 = CARTESIAN_POINT('',(112.07701633326,62.940305138657));
#846 = ( GEOMETRIC_REPRESENTATION_CONTEXT(2) 
PARAMETRIC_REPRESENTATION_CONTEXT() REPRESENTATION_CONTEXT('2D SPACE',''
  ) );
#847 = PCURVE('',#318,#848);
#848 = DEFINITIONAL_REPRESENTATION('',(#849),#852);
#849 = B_SPLINE_CURVE_WITH_KNOTS('',1,(#850,#851),.UNSPECIFIED.,.F.,.F.,
  (2,2),(44.889911346841,56.038508166632),.PIECEWISE_BEZIER_KNOTS.);
#850 = CARTESIAN_POINT('',(7.002895229686,-11.14859681979));
#851 = CARTESIAN_POINT('',(7.002895229686,0.));
#852 = ( GEOMETRIC_REPRESENTATION_CONTEXT(2) 
PARAMETRIC_REPRESENTATION_CONTEXT() REPRESENTATION_CONTEXT('2D SPACE',''
  ) );
#853 = ORIENTED_EDGE('',*,*,#854,.T.);
#854 = EDGE_CURVE('',#834,#855,#857,.T.);
#855 = VERTEX_POINT('',#856);
#856 = CARTESIAN_POINT('',(213.00543584673,170.7897300546,
    -4.668596819791));
#857 = SURFACE_CURVE('',#858,(#862,#868),.PCURVE_S1.);
#858 = LINE('',#859,#860);
#859 = CARTESIAN_POINT('',(213.00543584673,135.81812987043,
    -4.668596819791));
#860 = VECTOR('',#861,1.);
#861 = DIRECTION('',(0.,1.,0.));
#862 = PCURVE('',#100,#863);
#863 = DEFINITIONAL_REPRESENTATION('',(#864),#867);
#864 = B_SPLINE_CURVE_WITH_KNOTS('',1,(#865,#866),.UNSPECIFIED.,.F.,.F.,
  (2,2),(30.303003364381,34.971600184172),.PIECEWISE_BEZIER_KNOTS.);
#865 = CARTESIAN_POINT('',(100.92841951347,62.940305138657));
#866 = CARTESIAN_POINT('',(100.92841951347,67.608901958448));
#867 = ( GEOMETRIC_REPRESENTATION_CONTEXT(2) 
PARAMETRIC_REPRESENTATION_CONTEXT() REPRESENTATION_CONTEXT('2D SPACE',''
  ) );
#868 = PCURVE('',#344,#869);
#869 = DEFINITIONAL_REPRESENTATION('',(#870),#873);
#870 = B_SPLINE_CURVE_WITH_KNOTS('',1,(#871,#872),.UNSPECIFIED.,.F.,.F.,
  (2,2),(30.303003364381,34.971600184172),.PIECEWISE_BEZIER_KNOTS.);
#871 = CARTESIAN_POINT('',(-2.334298409895,2.334298409895));
#872 = CARTESIAN_POINT('',(-2.334298409895,-2.334298409896));
#873 = ( GEOMETRIC_REPRESENTATION_CONTEXT(2) 
PARAMETRIC_REPRESENTATION_CONTEXT() REPRESENTATION_CONTEXT('2D SPACE',''
  ) );
#874 = ORIENTED_EDGE('',*,*,#875,.T.);
#875 = EDGE_CURVE('',#855,#876,#878,.T.);
#876 = VERTEX_POINT('',#877);
#877 = CARTESIAN_POINT('',(224.15403266652,170.7897300546,
    -4.668596819791));
#878 = SURFACE_CURVE('',#879,(#883,#889),.PCURVE_S1.);
#879 = LINE('',#880,#881);
#880 = CARTESIAN_POINT('',(168.11552449989,170.7897300546,
    -4.668596819791));
#881 = VECTOR('',#882,1.);
#882 = DIRECTION('',(1.,0.,-0.));
#883 = PCURVE('',#100,#884);
#884 = DEFINITIONAL_REPRESENTATION('',(#885),#888);
#885 = B_SPLINE_CURVE_WITH_KNOTS('',1,(#886,#887),.UNSPECIFIED.,.F.,.F.,
  (2,2),(44.889911346841,56.038508166632),.PIECEWISE_BEZIER_KNOTS.);
#886 = CARTESIAN_POINT('',(100.92841951347,67.608901958448));
#887 = CARTESIAN_POINT('',(112.07701633326,67.608901958448));
#888 = ( GEOMETRIC_REPRESENTATION_CONTEXT(2) 
PARAMETRIC_REPRESENTATION_CONTEXT() REPRESENTATION_CONTEXT('2D SPACE',''
  ) );
#889 = PCURVE('',#370,#890);
#890 = DEFINITIONAL_REPRESENTATION('',(#891),#894);
#891 = B_SPLINE_CURVE_WITH_KNOTS('',1,(#892,#893),.UNSPECIFIED.,.F.,.F.,
  (2,2),(44.889911346841,56.038508166632),.PIECEWISE_BEZIER_KNOTS.);
#892 = CARTESIAN_POINT('',(7.002895229686,-11.14859681979));
#893 = CARTESIAN_POINT('',(7.002895229686,0.));
#894 = ( GEOMETRIC_REPRESENTATION_CONTEXT(2) 
PARAMETRIC_REPRESENTATION_CONTEXT() REPRESENTATION_CONTEXT('2D SPACE',''
  ) );
#895 = ORIENTED_EDGE('',*,*,#896,.T.);
#896 = EDGE_CURVE('',#876,#897,#899,.T.);
#897 = VERTEX_POINT('',#898);
#898 = CARTESIAN_POINT('',(224.15403266652,206.36165619231,
    -4.668596819791));
#899 = SURFACE_CURVE('',#900,(#904,#911),.PCURVE_S1.);
#900 = LINE('',#901,#902);
#901 = CARTESIAN_POINT('',(224.15403266652,0.,-4.668596819791));
#902 = VECTOR('',#903,1.);
#903 = DIRECTION('',(0.,1.,0.));
#904 = PCURVE('',#100,#905);
#905 = DEFINITIONAL_REPRESENTATION('',(#906),#910);
#906 = LINE('',#907,#908);
#907 = CARTESIAN_POINT('',(112.07701633326,-103.1808280961));
#908 = VECTOR('',#909,1.);
#909 = DIRECTION('',(0.,1.));
#910 = ( GEOMETRIC_REPRESENTATION_CONTEXT(2) 
PARAMETRIC_REPRESENTATION_CONTEXT() REPRESENTATION_CONTEXT('2D SPACE',''
  ) );
#911 = PCURVE('',#397,#912);
#912 = DEFINITIONAL_REPRESENTATION('',(#913),#917);
#913 = LINE('',#914,#915);
#914 = CARTESIAN_POINT('',(0.,-4.668596819791));
#915 = VECTOR('',#916,1.);
#916 = DIRECTION('',(1.,0.));
#917 = ( GEOMETRIC_REPRESENTATION_CONTEXT(2) 
PARAMETRIC_REPRESENTATION_CONTEXT() REPRESENTATION_CONTEXT('2D SPACE',''
  ) );
#918 = ORIENTED_EDGE('',*,*,#919,.F.);
#919 = EDGE_CURVE('',#920,#897,#922,.T.);
#920 = VERTEX_POINT('',#921);
#921 = CARTESIAN_POINT('',(0.,206.36165619231,-4.668596819791));
#922 = SURFACE_CURVE('',#923,(#927,#934),.PCURVE_S1.);
#923 = LINE('',#924,#925);
#924 = CARTESIAN_POINT('',(0.,206.36165619231,-4.668596819791));
#925 = VECTOR('',#926,1.);
#926 = DIRECTION('',(1.,0.,0.));
#927 = PCURVE('',#100,#928);
#928 = DEFINITIONAL_REPRESENTATION('',(#929),#933);
#929 = LINE('',#930,#931);
#930 = CARTESIAN_POINT('',(-112.0770163332,103.18082809615));
#931 = VECTOR('',#932,1.);
#932 = DIRECTION('',(1.,0.));
#933 = ( GEOMETRIC_REPRESENTATION_CONTEXT(2) 
PARAMETRIC_REPRESENTATION_CONTEXT() REPRESENTATION_CONTEXT('2D SPACE',''
  ) );
#934 = PCURVE('',#935,#940);
#935 = CYLINDRICAL_SURFACE('',#936,5.84);
#936 = AXIS2_PLACEMENT_3D('',#937,#938,#939);
#937 = CARTESIAN_POINT('',(0.,206.36165619231,-10.50859681979));
#938 = DIRECTION('',(-1.,-0.,0.));
#939 = DIRECTION('',(0.,-0.,-1.));
#940 = DEFINITIONAL_REPRESENTATION('',(#941),#944);
#941 = B_SPLINE_CURVE_WITH_KNOTS('',1,(#942,#943),.UNSPECIFIED.,.F.,.F.,
  (2,2),(0.,224.15403266652),.PIECEWISE_BEZIER_KNOTS.);
#942 = CARTESIAN_POINT('',(3.14159265359,0.));
#943 = CARTESIAN_POINT('',(3.14159265359,-224.1540326665));
#944 = ( GEOMETRIC_REPRESENTATION_CONTEXT(2) 
PARAMETRIC_REPRESENTATION_CONTEXT() REPRESENTATION_CONTEXT('2D SPACE',''
  ) );
#945 = ORIENTED_EDGE('',*,*,#946,.F.);
#946 = EDGE_CURVE('',#947,#920,#949,.T.);
#947 = VERTEX_POINT('',#948);
#948 = CARTESIAN_POINT('',(0.,170.7897300546,-4.668596819791));
#949 = SURFACE_CURVE('',#950,(#954,#961),.PCURVE_S1.);
#950 = LINE('',#951,#952);
#951 = CARTESIAN_POINT('',(0.,0.,-4.668596819791));
#952 = VECTOR('',#953,1.);
#953 = DIRECTION('',(0.,1.,0.));
#954 = PCURVE('',#100,#955);
#955 = DEFINITIONAL_REPRESENTATION('',(#956),#960);
#956 = LINE('',#957,#958);
#957 = CARTESIAN_POINT('',(-112.0770163332,-103.1808280961));
#958 = VECTOR('',#959,1.);
#959 = DIRECTION('',(0.,1.));
#960 = ( GEOMETRIC_REPRESENTATION_CONTEXT(2) 
PARAMETRIC_REPRESENTATION_CONTEXT() REPRESENTATION_CONTEXT('2D SPACE',''
  ) );
#961 = PCURVE('',#452,#962);
#962 = DEFINITIONAL_REPRESENTATION('',(#963),#967);
#963 = LINE('',#964,#965);
#964 = CARTESIAN_POINT('',(0.,-4.668596819791));
#965 = VECTOR('',#966,1.);
#966 = DIRECTION('',(1.,0.));
#967 = ( GEOMETRIC_REPRESENTATION_CONTEXT(2) 
PARAMETRIC_REPRESENTATION_CONTEXT() REPRESENTATION_CONTEXT('2D SPACE',''
  ) );
#968 = ORIENTED_EDGE('',*,*,#969,.F.);
#969 = EDGE_CURVE('',#970,#947,#972,.T.);
#970 = VERTEX_POINT('',#971);
#971 = CARTESIAN_POINT('',(11.148596819791,170.7897300546,
    -4.668596819791));
#972 = SURFACE_CURVE('',#973,(#977,#983),.PCURVE_S1.);
#973 = LINE('',#974,#975);
#974 = CARTESIAN_POINT('',(56.038508166632,170.7897300546,
    -4.668596819791));
#975 = VECTOR('',#976,1.);
#976 = DIRECTION('',(-1.,-0.,0.));
#977 = PCURVE('',#100,#978);
#978 = DEFINITIONAL_REPRESENTATION('',(#979),#982);
#979 = B_SPLINE_CURVE_WITH_KNOTS('',1,(#980,#981),.UNSPECIFIED.,.F.,.F.,
  (2,2),(44.889911346841,56.038508166632),.PIECEWISE_BEZIER_KNOTS.);
#980 = CARTESIAN_POINT('',(-100.9284195134,67.608901958448));
#981 = CARTESIAN_POINT('',(-112.0770163332,67.608901958448));
#982 = ( GEOMETRIC_REPRESENTATION_CONTEXT(2) 
PARAMETRIC_REPRESENTATION_CONTEXT() REPRESENTATION_CONTEXT('2D SPACE',''
  ) );
#983 = PCURVE('',#479,#984);
#984 = DEFINITIONAL_REPRESENTATION('',(#985),#988);
#985 = B_SPLINE_CURVE_WITH_KNOTS('',1,(#986,#987),.UNSPECIFIED.,.F.,.F.,
  (2,2),(44.889911346841,56.038508166632),.PIECEWISE_BEZIER_KNOTS.);
#986 = CARTESIAN_POINT('',(7.002895229686,-11.14859681979));
#987 = CARTESIAN_POINT('',(7.002895229686,0.));
#988 = ( GEOMETRIC_REPRESENTATION_CONTEXT(2) 
PARAMETRIC_REPRESENTATION_CONTEXT() REPRESENTATION_CONTEXT('2D SPACE',''
  ) );
#989 = ORIENTED_EDGE('',*,*,#990,.F.);
#990 = EDGE_CURVE('',#991,#970,#993,.T.);
#991 = VERTEX_POINT('',#992);
#992 = CARTESIAN_POINT('',(11.148596819791,166.12113323481,
    -4.668596819791));
#993 = SURFACE_CURVE('',#994,(#998,#1004),.PCURVE_S1.);
#994 = LINE('',#995,#996);
#995 = CARTESIAN_POINT('',(11.148596819791,135.81812987043,
    -4.668596819791));
#996 = VECTOR('',#997,1.);
#997 = DIRECTION('',(0.,1.,0.));
#998 = PCURVE('',#100,#999);
#999 = DEFINITIONAL_REPRESENTATION('',(#1000),#1003);
#1000 = B_SPLINE_CURVE_WITH_KNOTS('',1,(#1001,#1002),.UNSPECIFIED.,.F.,
  .F.,(2,2),(30.303003364381,34.971600184172),.PIECEWISE_BEZIER_KNOTS.);
#1001 = CARTESIAN_POINT('',(-100.9284195134,62.940305138657));
#1002 = CARTESIAN_POINT('',(-100.9284195134,67.608901958448));
#1003 = ( GEOMETRIC_REPRESENTATION_CONTEXT(2) 
PARAMETRIC_REPRESENTATION_CONTEXT() REPRESENTATION_CONTEXT('2D SPACE',''
  ) );
#1004 = PCURVE('',#505,#1005);
#1005 = DEFINITIONAL_REPRESENTATION('',(#1006),#1009);
#1006 = B_SPLINE_CURVE_WITH_KNOTS('',1,(#1007,#1008),.UNSPECIFIED.,.F.,
  .F.,(2,2),(30.303003364381,34.971600184172),.PIECEWISE_BEZIER_KNOTS.);
#1007 = CARTESIAN_POINT('',(-2.334298409895,2.334298409895));
#1008 = CARTESIAN_POINT('',(-2.334298409895,-2.334298409896));
#1009 = ( GEOMETRIC_REPRESENTATION_CONTEXT(2) 
PARAMETRIC_REPRESENTATION_CONTEXT() REPRESENTATION_CONTEXT('2D SPACE',''
  ) );
#1010 = ORIENTED_EDGE('',*,*,#1011,.T.);
#1011 = EDGE_CURVE('',#991,#1012,#1014,.T.);
#1012 = VERTEX_POINT('',#1013);
#1013 = CARTESIAN_POINT('',(3.967855655717E-16,166.12113323481,
    -4.668596819791));
#1014 = SURFACE_CURVE('',#1015,(#1019,#1025),.PCURVE_S1.);
#1015 = LINE('',#1016,#1017);
#1016 = CARTESIAN_POINT('',(56.038508166632,166.12113323481,
    -4.668596819791));
#1017 = VECTOR('',#1018,1.);
#1018 = DIRECTION('',(-1.,-0.,0.));
#1019 = PCURVE('',#100,#1020);
#1020 = DEFINITIONAL_REPRESENTATION('',(#1021),#1024);
#1021 = B_SPLINE_CURVE_WITH_KNOTS('',1,(#1022,#1023),.UNSPECIFIED.,.F.,
  .F.,(2,2),(44.889911346841,56.038508166632),.PIECEWISE_BEZIER_KNOTS.);
#1022 = CARTESIAN_POINT('',(-100.9284195134,62.940305138657));
#1023 = CARTESIAN_POINT('',(-112.0770163332,62.940305138657));
#1024 = ( GEOMETRIC_REPRESENTATION_CONTEXT(2) 
PARAMETRIC_REPRESENTATION_CONTEXT() REPRESENTATION_CONTEXT('2D SPACE',''
  ) );
#1025 = PCURVE('',#531,#1026);
#1026 = DEFINITIONAL_REPRESENTATION('',(#1027),#1030);
#1027 = B_SPLINE_CURVE_WITH_KNOTS('',1,(#1028,#1029),.UNSPECIFIED.,.F.,
  .F.,(2,2),(44.889911346841,56.038508166632),.PIECEWISE_BEZIER_KNOTS.);
#1028 = CARTESIAN_POINT('',(7.002895229686,-11.14859681979));
#1029 = CARTESIAN_POINT('',(7.002895229686,0.));
#1030 = ( GEOMETRIC_REPRESENTATION_CONTEXT(2) 
PARAMETRIC_REPRESENTATION_CONTEXT() REPRESENTATION_CONTEXT('2D SPACE',''
  ) );
#1031 = ORIENTED_EDGE('',*,*,#1032,.F.);
#1032 = EDGE_CURVE('',#1033,#1012,#1035,.T.);
#1033 = VERTEX_POINT('',#1034);
#1034 = CARTESIAN_POINT('',(3.967855655717E-16,40.240522957502,
    -4.668596819791));
#1035 = SURFACE_CURVE('',#1036,(#1040,#1047),.PCURVE_S1.);
#1036 = LINE('',#1037,#1038);
#1037 = CARTESIAN_POINT('',(3.967855655717E-16,40.240522957502,
    -4.668596819791));
#1038 = VECTOR('',#1039,1.);
#1039 = DIRECTION('',(0.,1.,0.));
#1040 = PCURVE('',#100,#1041);
#1041 = DEFINITIONAL_REPRESENTATION('',(#1042),#1046);
#1042 = LINE('',#1043,#1044);
#1043 = CARTESIAN_POINT('',(-112.0770163332,-62.94030513865));
#1044 = VECTOR('',#1045,1.);
#1045 = DIRECTION('',(0.,1.));
#1046 = ( GEOMETRIC_REPRESENTATION_CONTEXT(2) 
PARAMETRIC_REPRESENTATION_CONTEXT() REPRESENTATION_CONTEXT('2D SPACE',''
  ) );
#1047 = PCURVE('',#1048,#1053);
#1048 = CYLINDRICAL_SURFACE('',#1049,6.48);
#1049 = AXIS2_PLACEMENT_3D('',#1050,#1051,#1052);
#1050 = CARTESIAN_POINT('',(0.,40.240522957502,-11.14859681979));
#1051 = DIRECTION('',(0.,-1.,-0.));
#1052 = DIRECTION('',(0.,0.,-1.));
#1053 = DEFINITIONAL_REPRESENTATION('',(#1054),#1058);
#1054 = LINE('',#1055,#1056);
#1055 = CARTESIAN_POINT('',(3.14159265359,0.));
#1056 = VECTOR('',#1057,1.);
#1057 = DIRECTION('',(0.,-1.));
#1058 = ( GEOMETRIC_REPRESENTATION_CONTEXT(2) 
PARAMETRIC_REPRESENTATION_CONTEXT() REPRESENTATION_CONTEXT('2D SPACE',''
  ) );
#1059 = ORIENTED_EDGE('',*,*,#1060,.F.);
#1060 = EDGE_CURVE('',#1061,#1033,#1063,.T.);
#1061 = VERTEX_POINT('',#1062);
#1062 = CARTESIAN_POINT('',(11.148596819791,40.240522957502,
    -4.668596819791));
#1063 = SURFACE_CURVE('',#1064,(#1068,#1074),.PCURVE_S1.);
#1064 = LINE('',#1065,#1066);
#1065 = CARTESIAN_POINT('',(56.038508166632,40.240522957502,
    -4.668596819791));
#1066 = VECTOR('',#1067,1.);
#1067 = DIRECTION('',(-1.,-0.,0.));
#1068 = PCURVE('',#100,#1069);
#1069 = DEFINITIONAL_REPRESENTATION('',(#1070),#1073);
#1070 = B_SPLINE_CURVE_WITH_KNOTS('',1,(#1071,#1072),.UNSPECIFIED.,.F.,
  .F.,(2,2),(44.889911346841,56.038508166632),.PIECEWISE_BEZIER_KNOTS.);
#1071 = CARTESIAN_POINT('',(-100.9284195134,-62.94030513865));
#1072 = CARTESIAN_POINT('',(-112.0770163332,-62.94030513865));
#1073 = ( GEOMETRIC_REPRESENTATION_CONTEXT(2) 
PARAMETRIC_REPRESENTATION_CONTEXT() REPRESENTATION_CONTEXT('2D SPACE',''
  ) );
#1074 = PCURVE('',#585,#1075);
#1075 = DEFINITIONAL_REPRESENTATION('',(#1076),#1079);
#1076 = B_SPLINE_CURVE_WITH_KNOTS('',1,(#1077,#1078),.UNSPECIFIED.,.F.,
  .F.,(2,2),(44.889911346841,56.038508166632),.PIECEWISE_BEZIER_KNOTS.);
#1077 = CARTESIAN_POINT('',(7.002895229686,-11.14859681979));
#1078 = CARTESIAN_POINT('',(7.002895229686,0.));
#1079 = ( GEOMETRIC_REPRESENTATION_CONTEXT(2) 
PARAMETRIC_REPRESENTATION_CONTEXT() REPRESENTATION_CONTEXT('2D SPACE',''
  ) );
#1080 = ORIENTED_EDGE('',*,*,#1081,.T.);
#1081 = EDGE_CURVE('',#1061,#647,#1082,.T.);
#1082 = SURFACE_CURVE('',#1083,(#1087,#1093),.PCURVE_S1.);
#1083 = LINE('',#1084,#1085);
#1084 = CARTESIAN_POINT('',(11.148596819791,70.543526321883,
    -4.668596819791));
#1085 = VECTOR('',#1086,1.);
#1086 = DIRECTION('',(0.,-1.,0.));
#1087 = PCURVE('',#100,#1088);
#1088 = DEFINITIONAL_REPRESENTATION('',(#1089),#1092);
#1089 = B_SPLINE_CURVE_WITH_KNOTS('',1,(#1090,#1091),.UNSPECIFIED.,.F.,
  .F.,(2,2),(30.303003364381,34.971600184172),.PIECEWISE_BEZIER_KNOTS.);
#1090 = CARTESIAN_POINT('',(-100.9284195134,-62.94030513865));
#1091 = CARTESIAN_POINT('',(-100.9284195134,-67.60890195844));
#1092 = ( GEOMETRIC_REPRESENTATION_CONTEXT(2) 
PARAMETRIC_REPRESENTATION_CONTEXT() REPRESENTATION_CONTEXT('2D SPACE',''
  ) );
#1093 = PCURVE('',#611,#1094);
#1094 = DEFINITIONAL_REPRESENTATION('',(#1095),#1098);
#1095 = B_SPLINE_CURVE_WITH_KNOTS('',1,(#1096,#1097),.UNSPECIFIED.,.F.,
  .F.,(2,2),(30.303003364381,34.971600184172),.PIECEWISE_BEZIER_KNOTS.);
#1096 = CARTESIAN_POINT('',(2.334298409895,-2.334298409895));
#1097 = CARTESIAN_POINT('',(2.334298409895,2.334298409895));
#1098 = ( GEOMETRIC_REPRESENTATION_CONTEXT(2) 
PARAMETRIC_REPRESENTATION_CONTEXT() REPRESENTATION_CONTEXT('2D SPACE',''
  ) );
#1099 = ORIENTED_EDGE('',*,*,#669,.T.);
#1100 = ADVANCED_FACE('',(#1101),#72,.T.);
#1101 = FACE_BOUND('',#1102,.T.);
#1102 = EDGE_LOOP('',(#1103,#1127,#1155,#1177));
#1103 = ORIENTED_EDGE('',*,*,#1104,.T.);
#1104 = EDGE_CURVE('',#57,#1105,#1107,.T.);
#1105 = VERTEX_POINT('',#1106);
#1106 = CARTESIAN_POINT('',(0.,-4.689298409895,-3.412103097791));
#1107 = SURFACE_CURVE('',#1108,(#1113,#1120),.PCURVE_S1.);
#1108 = CIRCLE('',#1109,9.378596819791);
#1109 = AXIS2_PLACEMENT_3D('',#1110,#1111,#1112);
#1110 = CARTESIAN_POINT('',(0.,0.,4.71));
#1111 = DIRECTION('',(-1.,0.,-0.));
#1112 = DIRECTION('',(-0.,0.,1.));
#1113 = PCURVE('',#72,#1114);
#1114 = DEFINITIONAL_REPRESENTATION('',(#1115),#1119);
#1115 = CIRCLE('',#1116,9.378596819791);
#1116 = AXIS2_PLACEMENT_2D('',#1117,#1118);
#1117 = CARTESIAN_POINT('',(-6.957930150691,-1.86437176487));
#1118 = DIRECTION('',(-1.,0.));
#1119 = ( GEOMETRIC_REPRESENTATION_CONTEXT(2) 
PARAMETRIC_REPRESENTATION_CONTEXT() REPRESENTATION_CONTEXT('2D SPACE',''
  ) );
#1120 = PCURVE('',#708,#1121);
#1121 = DEFINITIONAL_REPRESENTATION('',(#1122),#1126);
#1122 = LINE('',#1123,#1124);
#1123 = CARTESIAN_POINT('',(0.,0.));
#1124 = VECTOR('',#1125,1.);
#1125 = DIRECTION('',(1.,0.));
#1126 = ( GEOMETRIC_REPRESENTATION_CONTEXT(2) 
PARAMETRIC_REPRESENTATION_CONTEXT() REPRESENTATION_CONTEXT('2D SPACE',''
  ) );
#1127 = ORIENTED_EDGE('',*,*,#1128,.T.);
#1128 = EDGE_CURVE('',#1105,#1129,#1131,.T.);
#1129 = VERTEX_POINT('',#1130);
#1130 = CARTESIAN_POINT('',(0.,-2.355,0.631020348175));
#1131 = SURFACE_CURVE('',#1132,(#1136,#1143),.PCURVE_S1.);
#1132 = LINE('',#1133,#1134);
#1133 = CARTESIAN_POINT('',(0.,-4.689298409895,-3.412103097791));
#1134 = VECTOR('',#1135,1.);
#1135 = DIRECTION('',(0.,0.5,0.866025403784));
#1136 = PCURVE('',#72,#1137);
#1137 = DEFINITIONAL_REPRESENTATION('',(#1138),#1142);
#1138 = LINE('',#1139,#1140);
#1139 = CARTESIAN_POINT('',(1.1641729471,2.824926645026));
#1140 = VECTOR('',#1141,1.);
#1141 = DIRECTION('',(-0.866025403784,-0.5));
#1142 = ( GEOMETRIC_REPRESENTATION_CONTEXT(2) 
PARAMETRIC_REPRESENTATION_CONTEXT() REPRESENTATION_CONTEXT('2D SPACE',''
  ) );
#1143 = PCURVE('',#1144,#1149);
#1144 = PLANE('',#1145);
#1145 = AXIS2_PLACEMENT_3D('',#1146,#1147,#1148);
#1146 = CARTESIAN_POINT('',(0.,-4.689298409895,-3.412103097791));
#1147 = DIRECTION('',(-1.,0.,0.));
#1148 = DIRECTION('',(0.,0.5,0.866025403784));
#1149 = DEFINITIONAL_REPRESENTATION('',(#1150),#1154);
#1150 = LINE('',#1151,#1152);
#1151 = CARTESIAN_POINT('',(0.,0.));
#1152 = VECTOR('',#1153,1.);
#1153 = DIRECTION('',(1.,0.));
#1154 = ( GEOMETRIC_REPRESENTATION_CONTEXT(2) 
PARAMETRIC_REPRESENTATION_CONTEXT() REPRESENTATION_CONTEXT('2D SPACE',''
  ) );
#1155 = ORIENTED_EDGE('',*,*,#1156,.F.);
#1156 = EDGE_CURVE('',#22,#1129,#1157,.T.);
#1157 = SURFACE_CURVE('',#1158,(#1163,#1170),.PCURVE_S1.);
#1158 = CIRCLE('',#1159,4.71);
#1159 = AXIS2_PLACEMENT_3D('',#1160,#1161,#1162);
#1160 = CARTESIAN_POINT('',(0.,0.,4.71));
#1161 = DIRECTION('',(-1.,0.,-0.));
#1162 = DIRECTION('',(-0.,0.,1.));
#1163 = PCURVE('',#72,#1164);
#1164 = DEFINITIONAL_REPRESENTATION('',(#1165),#1169);
#1165 = CIRCLE('',#1166,4.71);
#1166 = AXIS2_PLACEMENT_2D('',#1167,#1168);
#1167 = CARTESIAN_POINT('',(-6.957930150691,-1.86437176487));
#1168 = DIRECTION('',(-1.,0.));
#1169 = ( GEOMETRIC_REPRESENTATION_CONTEXT(2) 
PARAMETRIC_REPRESENTATION_CONTEXT() REPRESENTATION_CONTEXT('2D SPACE',''
  ) );
#1170 = PCURVE('',#158,#1171);
#1171 = DEFINITIONAL_REPRESENTATION('',(#1172),#1176);
#1172 = LINE('',#1173,#1174);
#1173 = CARTESIAN_POINT('',(0.,0.));
#1174 = VECTOR('',#1175,1.);
#1175 = DIRECTION('',(1.,0.));
#1176 = ( GEOMETRIC_REPRESENTATION_CONTEXT(2) 
PARAMETRIC_REPRESENTATION_CONTEXT() REPRESENTATION_CONTEXT('2D SPACE',''
  ) );
#1177 = ORIENTED_EDGE('',*,*,#56,.T.);
#1178 = ADVANCED_FACE('',(#1179),#611,.T.);
#1179 = FACE_BOUND('',#1180,.T.);
#1180 = EDGE_LOOP('',(#1181,#1182,#1203,#1204));
#1181 = ORIENTED_EDGE('',*,*,#596,.F.);
#1182 = ORIENTED_EDGE('',*,*,#1183,.T.);
#1183 = EDGE_CURVE('',#571,#1061,#1184,.T.);
#1184 = SURFACE_CURVE('',#1185,(#1189,#1196),.PCURVE_S1.);
#1185 = LINE('',#1186,#1187);
#1186 = CARTESIAN_POINT('',(11.148596819791,40.240522957502,
    2.334298409895));
#1187 = VECTOR('',#1188,1.);
#1188 = DIRECTION('',(0.,0.,-1.));
#1189 = PCURVE('',#611,#1190);
#1190 = DEFINITIONAL_REPRESENTATION('',(#1191),#1195);
#1191 = LINE('',#1192,#1193);
#1192 = CARTESIAN_POINT('',(-4.668596819791,-2.334298409895));
#1193 = VECTOR('',#1194,1.);
#1194 = DIRECTION('',(1.,0.));
#1195 = ( GEOMETRIC_REPRESENTATION_CONTEXT(2) 
PARAMETRIC_REPRESENTATION_CONTEXT() REPRESENTATION_CONTEXT('2D SPACE',''
  ) );
#1196 = PCURVE('',#585,#1197);
#1197 = DEFINITIONAL_REPRESENTATION('',(#1198),#1202);
#1198 = LINE('',#1199,#1200);
#1199 = CARTESIAN_POINT('',(0.,-11.14859681979));
#1200 = VECTOR('',#1201,1.);
#1201 = DIRECTION('',(1.,0.));
#1202 = ( GEOMETRIC_REPRESENTATION_CONTEXT(2) 
PARAMETRIC_REPRESENTATION_CONTEXT() REPRESENTATION_CONTEXT('2D SPACE',''
  ) );
#1203 = ORIENTED_EDGE('',*,*,#1081,.T.);
#1204 = ORIENTED_EDGE('',*,*,#646,.F.);
#1205 = ADVANCED_FACE('',(#1206),#585,.F.);
#1206 = FACE_BOUND('',#1207,.F.);
#1207 = EDGE_LOOP('',(#1208,#1234,#1235,#1236));
#1208 = ORIENTED_EDGE('',*,*,#1209,.F.);
#1209 = EDGE_CURVE('',#543,#1033,#1210,.T.);
#1210 = SURFACE_CURVE('',#1211,(#1215,#1222),.PCURVE_S1.);
#1211 = LINE('',#1212,#1213);
#1212 = CARTESIAN_POINT('',(0.,40.240522957502,0.));
#1213 = VECTOR('',#1214,1.);
#1214 = DIRECTION('',(0.,0.,-1.));
#1215 = PCURVE('',#585,#1216);
#1216 = DEFINITIONAL_REPRESENTATION('',(#1217),#1221);
#1217 = LINE('',#1218,#1219);
#1218 = CARTESIAN_POINT('',(2.334298409895,0.));
#1219 = VECTOR('',#1220,1.);
#1220 = DIRECTION('',(1.,0.));
#1221 = ( GEOMETRIC_REPRESENTATION_CONTEXT(2) 
PARAMETRIC_REPRESENTATION_CONTEXT() REPRESENTATION_CONTEXT('2D SPACE',''
  ) );
#1222 = PCURVE('',#1223,#1228);
#1223 = PLANE('',#1224);
#1224 = AXIS2_PLACEMENT_3D('',#1225,#1226,#1227);
#1225 = CARTESIAN_POINT('',(-2.304829479598,40.240522957502,
    -2.546856099148));
#1226 = DIRECTION('',(-0.,-1.,-0.));
#1227 = DIRECTION('',(0.,0.,-1.));
#1228 = DEFINITIONAL_REPRESENTATION('',(#1229),#1233);
#1229 = LINE('',#1230,#1231);
#1230 = CARTESIAN_POINT('',(-2.546856099148,2.304829479598));
#1231 = VECTOR('',#1232,1.);
#1232 = DIRECTION('',(1.,0.));
#1233 = ( GEOMETRIC_REPRESENTATION_CONTEXT(2) 
PARAMETRIC_REPRESENTATION_CONTEXT() REPRESENTATION_CONTEXT('2D SPACE',''
  ) );
#1234 = ORIENTED_EDGE('',*,*,#570,.F.);
#1235 = ORIENTED_EDGE('',*,*,#1183,.T.);
#1236 = ORIENTED_EDGE('',*,*,#1060,.T.);
#1237 = ADVANCED_FACE('',(#1238),#558,.T.);
#1238 = FACE_BOUND('',#1239,.T.);
#1239 = EDGE_LOOP('',(#1240,#1241,#1270,#1298));
#1240 = ORIENTED_EDGE('',*,*,#542,.T.);
#1241 = ORIENTED_EDGE('',*,*,#1242,.T.);
#1242 = EDGE_CURVE('',#517,#1243,#1245,.T.);
#1243 = VERTEX_POINT('',#1244);
#1244 = CARTESIAN_POINT('',(-5.574298409895,166.12113323481,
    -1.493628757302));
#1245 = SURFACE_CURVE('',#1246,(#1251,#1258),.PCURVE_S1.);
#1246 = CIRCLE('',#1247,11.148596819791);
#1247 = AXIS2_PLACEMENT_3D('',#1248,#1249,#1250);
#1248 = CARTESIAN_POINT('',(0.,166.12113323481,-11.14859681979));
#1249 = DIRECTION('',(0.,-1.,-0.));
#1250 = DIRECTION('',(0.,0.,-1.));
#1251 = PCURVE('',#558,#1252);
#1252 = DEFINITIONAL_REPRESENTATION('',(#1253),#1257);
#1253 = LINE('',#1254,#1255);
#1254 = CARTESIAN_POINT('',(0.,-125.8806102773));
#1255 = VECTOR('',#1256,1.);
#1256 = DIRECTION('',(1.,0.));
#1257 = ( GEOMETRIC_REPRESENTATION_CONTEXT(2) 
PARAMETRIC_REPRESENTATION_CONTEXT() REPRESENTATION_CONTEXT('2D SPACE',''
  ) );
#1258 = PCURVE('',#1259,#1264);
#1259 = PLANE('',#1260);
#1260 = AXIS2_PLACEMENT_3D('',#1261,#1262,#1263);
#1261 = CARTESIAN_POINT('',(-2.304829479598,166.12113323481,
    -2.546856099148));
#1262 = DIRECTION('',(-0.,-1.,-0.));
#1263 = DIRECTION('',(0.,0.,-1.));
#1264 = DEFINITIONAL_REPRESENTATION('',(#1265),#1269);
#1265 = CIRCLE('',#1266,11.148596819791);
#1266 = AXIS2_PLACEMENT_2D('',#1267,#1268);
#1267 = CARTESIAN_POINT('',(8.601740720643,2.304829479598));
#1268 = DIRECTION('',(1.,0.));
#1269 = ( GEOMETRIC_REPRESENTATION_CONTEXT(2) 
PARAMETRIC_REPRESENTATION_CONTEXT() REPRESENTATION_CONTEXT('2D SPACE',''
  ) );
#1270 = ORIENTED_EDGE('',*,*,#1271,.F.);
#1271 = EDGE_CURVE('',#1272,#1243,#1274,.T.);
#1272 = VERTEX_POINT('',#1273);
#1273 = CARTESIAN_POINT('',(-5.574298409895,40.240522957502,
    -1.493628757302));
#1274 = SURFACE_CURVE('',#1275,(#1279,#1286),.PCURVE_S1.);
#1275 = LINE('',#1276,#1277);
#1276 = CARTESIAN_POINT('',(-5.574298409895,40.240522957502,
    -1.493628757302));
#1277 = VECTOR('',#1278,1.);
#1278 = DIRECTION('',(0.,1.,0.));
#1279 = PCURVE('',#558,#1280);
#1280 = DEFINITIONAL_REPRESENTATION('',(#1281),#1285);
#1281 = LINE('',#1282,#1283);
#1282 = CARTESIAN_POINT('',(3.665191429188,0.));
#1283 = VECTOR('',#1284,1.);
#1284 = DIRECTION('',(0.,-1.));
#1285 = ( GEOMETRIC_REPRESENTATION_CONTEXT(2) 
PARAMETRIC_REPRESENTATION_CONTEXT() REPRESENTATION_CONTEXT('2D SPACE',''
  ) );
#1286 = PCURVE('',#1287,#1292);
#1287 = PLANE('',#1288);
#1288 = AXIS2_PLACEMENT_3D('',#1289,#1290,#1291);
#1289 = CARTESIAN_POINT('',(-5.574298409895,40.240522957502,
    -1.493628757302));
#1290 = DIRECTION('',(0.5,0.,-0.866025403784));
#1291 = DIRECTION('',(0.,1.,0.));
#1292 = DEFINITIONAL_REPRESENTATION('',(#1293),#1297);
#1293 = LINE('',#1294,#1295);
#1294 = CARTESIAN_POINT('',(0.,1.102251981941E-15));
#1295 = VECTOR('',#1296,1.);
#1296 = DIRECTION('',(1.,0.));
#1297 = ( GEOMETRIC_REPRESENTATION_CONTEXT(2) 
PARAMETRIC_REPRESENTATION_CONTEXT() REPRESENTATION_CONTEXT('2D SPACE',''
  ) );
#1298 = ORIENTED_EDGE('',*,*,#1299,.F.);
#1299 = EDGE_CURVE('',#543,#1272,#1300,.T.);
#1300 = SURFACE_CURVE('',#1301,(#1306,#1313),.PCURVE_S1.);
#1301 = CIRCLE('',#1302,11.148596819791);
#1302 = AXIS2_PLACEMENT_3D('',#1303,#1304,#1305);
#1303 = CARTESIAN_POINT('',(0.,40.240522957502,-11.14859681979));
#1304 = DIRECTION('',(0.,-1.,-0.));
#1305 = DIRECTION('',(0.,0.,-1.));
#1306 = PCURVE('',#558,#1307);
#1307 = DEFINITIONAL_REPRESENTATION('',(#1308),#1312);
#1308 = LINE('',#1309,#1310);
#1309 = CARTESIAN_POINT('',(0.,0.));
#1310 = VECTOR('',#1311,1.);
#1311 = DIRECTION('',(1.,0.));
#1312 = ( GEOMETRIC_REPRESENTATION_CONTEXT(2) 
PARAMETRIC_REPRESENTATION_CONTEXT() REPRESENTATION_CONTEXT('2D SPACE',''
  ) );
#1313 = PCURVE('',#1223,#1314);
#1314 = DEFINITIONAL_REPRESENTATION('',(#1315),#1319);
#1315 = CIRCLE('',#1316,11.148596819791);
#1316 = AXIS2_PLACEMENT_2D('',#1317,#1318);
#1317 = CARTESIAN_POINT('',(8.601740720643,2.304829479598));
#1318 = DIRECTION('',(1.,0.));
#1319 = ( GEOMETRIC_REPRESENTATION_CONTEXT(2) 
PARAMETRIC_REPRESENTATION_CONTEXT() REPRESENTATION_CONTEXT('2D SPACE',''
  ) );
#1320 = ADVANCED_FACE('',(#1321),#531,.T.);
#1321 = FACE_BOUND('',#1322,.T.);
#1322 = EDGE_LOOP('',(#1323,#1344,#1345,#1366));
#1323 = ORIENTED_EDGE('',*,*,#1324,.F.);
#1324 = EDGE_CURVE('',#517,#1012,#1325,.T.);
#1325 = SURFACE_CURVE('',#1326,(#1330,#1337),.PCURVE_S1.);
#1326 = LINE('',#1327,#1328);
#1327 = CARTESIAN_POINT('',(0.,166.12113323481,0.));
#1328 = VECTOR('',#1329,1.);
#1329 = DIRECTION('',(0.,0.,-1.));
#1330 = PCURVE('',#531,#1331);
#1331 = DEFINITIONAL_REPRESENTATION('',(#1332),#1336);
#1332 = LINE('',#1333,#1334);
#1333 = CARTESIAN_POINT('',(2.334298409895,0.));
#1334 = VECTOR('',#1335,1.);
#1335 = DIRECTION('',(1.,0.));
#1336 = ( GEOMETRIC_REPRESENTATION_CONTEXT(2) 
PARAMETRIC_REPRESENTATION_CONTEXT() REPRESENTATION_CONTEXT('2D SPACE',''
  ) );
#1337 = PCURVE('',#1259,#1338);
#1338 = DEFINITIONAL_REPRESENTATION('',(#1339),#1343);
#1339 = LINE('',#1340,#1341);
#1340 = CARTESIAN_POINT('',(-2.546856099148,2.304829479598));
#1341 = VECTOR('',#1342,1.);
#1342 = DIRECTION('',(1.,0.));
#1343 = ( GEOMETRIC_REPRESENTATION_CONTEXT(2) 
PARAMETRIC_REPRESENTATION_CONTEXT() REPRESENTATION_CONTEXT('2D SPACE',''
  ) );
#1344 = ORIENTED_EDGE('',*,*,#516,.F.);
#1345 = ORIENTED_EDGE('',*,*,#1346,.T.);
#1346 = EDGE_CURVE('',#491,#991,#1347,.T.);
#1347 = SURFACE_CURVE('',#1348,(#1352,#1359),.PCURVE_S1.);
#1348 = LINE('',#1349,#1350);
#1349 = CARTESIAN_POINT('',(11.148596819791,166.12113323481,
    2.334298409895));
#1350 = VECTOR('',#1351,1.);
#1351 = DIRECTION('',(0.,0.,-1.));
#1352 = PCURVE('',#531,#1353);
#1353 = DEFINITIONAL_REPRESENTATION('',(#1354),#1358);
#1354 = LINE('',#1355,#1356);
#1355 = CARTESIAN_POINT('',(0.,-11.14859681979));
#1356 = VECTOR('',#1357,1.);
#1357 = DIRECTION('',(1.,0.));
#1358 = ( GEOMETRIC_REPRESENTATION_CONTEXT(2) 
PARAMETRIC_REPRESENTATION_CONTEXT() REPRESENTATION_CONTEXT('2D SPACE',''
  ) );
#1359 = PCURVE('',#505,#1360);
#1360 = DEFINITIONAL_REPRESENTATION('',(#1361),#1365);
#1361 = LINE('',#1362,#1363);
#1362 = CARTESIAN_POINT('',(4.668596819791,2.334298409895));
#1363 = VECTOR('',#1364,1.);
#1364 = DIRECTION('',(-1.,0.));
#1365 = ( GEOMETRIC_REPRESENTATION_CONTEXT(2) 
PARAMETRIC_REPRESENTATION_CONTEXT() REPRESENTATION_CONTEXT('2D SPACE',''
  ) );
#1366 = ORIENTED_EDGE('',*,*,#1011,.T.);
#1367 = ADVANCED_FACE('',(#1368),#505,.F.);
#1368 = FACE_BOUND('',#1369,.F.);
#1369 = EDGE_LOOP('',(#1370,#1371,#1372,#1373));
#1370 = ORIENTED_EDGE('',*,*,#490,.F.);
#1371 = ORIENTED_EDGE('',*,*,#1346,.T.);
#1372 = ORIENTED_EDGE('',*,*,#990,.T.);
#1373 = ORIENTED_EDGE('',*,*,#1374,.F.);
#1374 = EDGE_CURVE('',#465,#970,#1375,.T.);
#1375 = SURFACE_CURVE('',#1376,(#1380,#1387),.PCURVE_S1.);
#1376 = LINE('',#1377,#1378);
#1377 = CARTESIAN_POINT('',(11.148596819791,170.7897300546,
    2.334298409895));
#1378 = VECTOR('',#1379,1.);
#1379 = DIRECTION('',(0.,0.,-1.));
#1380 = PCURVE('',#505,#1381);
#1381 = DEFINITIONAL_REPRESENTATION('',(#1382),#1386);
#1382 = LINE('',#1383,#1384);
#1383 = CARTESIAN_POINT('',(4.668596819791,-2.334298409896));
#1384 = VECTOR('',#1385,1.);
#1385 = DIRECTION('',(-1.,0.));
#1386 = ( GEOMETRIC_REPRESENTATION_CONTEXT(2) 
PARAMETRIC_REPRESENTATION_CONTEXT() REPRESENTATION_CONTEXT('2D SPACE',''
  ) );
#1387 = PCURVE('',#479,#1388);
#1388 = DEFINITIONAL_REPRESENTATION('',(#1389),#1393);
#1389 = LINE('',#1390,#1391);
#1390 = CARTESIAN_POINT('',(0.,-11.14859681979));
#1391 = VECTOR('',#1392,1.);
#1392 = DIRECTION('',(1.,0.));
#1393 = ( GEOMETRIC_REPRESENTATION_CONTEXT(2) 
PARAMETRIC_REPRESENTATION_CONTEXT() REPRESENTATION_CONTEXT('2D SPACE',''
  ) );
#1394 = ADVANCED_FACE('',(#1395),#479,.F.);
#1395 = FACE_BOUND('',#1396,.F.);
#1396 = EDGE_LOOP('',(#1397,#1418,#1419,#1420));
#1397 = ORIENTED_EDGE('',*,*,#1398,.F.);
#1398 = EDGE_CURVE('',#437,#947,#1399,.T.);
#1399 = SURFACE_CURVE('',#1400,(#1404,#1411),.PCURVE_S1.);
#1400 = LINE('',#1401,#1402);
#1401 = CARTESIAN_POINT('',(0.,170.7897300546,2.334298409895));
#1402 = VECTOR('',#1403,1.);
#1403 = DIRECTION('',(0.,0.,-1.));
#1404 = PCURVE('',#479,#1405);
#1405 = DEFINITIONAL_REPRESENTATION('',(#1406),#1410);
#1406 = LINE('',#1407,#1408);
#1407 = CARTESIAN_POINT('',(0.,0.));
#1408 = VECTOR('',#1409,1.);
#1409 = DIRECTION('',(1.,0.));
#1410 = ( GEOMETRIC_REPRESENTATION_CONTEXT(2) 
PARAMETRIC_REPRESENTATION_CONTEXT() REPRESENTATION_CONTEXT('2D SPACE',''
  ) );
#1411 = PCURVE('',#452,#1412);
#1412 = DEFINITIONAL_REPRESENTATION('',(#1413),#1417);
#1413 = LINE('',#1414,#1415);
#1414 = CARTESIAN_POINT('',(170.7897300546,2.334298409895));
#1415 = VECTOR('',#1416,1.);
#1416 = DIRECTION('',(0.,-1.));
#1417 = ( GEOMETRIC_REPRESENTATION_CONTEXT(2) 
PARAMETRIC_REPRESENTATION_CONTEXT() REPRESENTATION_CONTEXT('2D SPACE',''
  ) );
#1418 = ORIENTED_EDGE('',*,*,#464,.F.);
#1419 = ORIENTED_EDGE('',*,*,#1374,.T.);
#1420 = ORIENTED_EDGE('',*,*,#969,.T.);
#1421 = ADVANCED_FACE('',(#1422),#452,.F.);
#1422 = FACE_BOUND('',#1423,.F.);
#1423 = EDGE_LOOP('',(#1424,#1425,#1426,#1427));
#1424 = ORIENTED_EDGE('',*,*,#436,.F.);
#1425 = ORIENTED_EDGE('',*,*,#1398,.T.);
#1426 = ORIENTED_EDGE('',*,*,#946,.T.);
#1427 = ORIENTED_EDGE('',*,*,#1428,.F.);
#1428 = EDGE_CURVE('',#410,#920,#1429,.T.);
#1429 = SURFACE_CURVE('',#1430,(#1434,#1441),.PCURVE_S1.);
#1430 = LINE('',#1431,#1432);
#1431 = CARTESIAN_POINT('',(0.,206.36165619231,0.));
#1432 = VECTOR('',#1433,1.);
#1433 = DIRECTION('',(-0.,-0.,-1.));
#1434 = PCURVE('',#452,#1435);
#1435 = DEFINITIONAL_REPRESENTATION('',(#1436),#1440);
#1436 = LINE('',#1437,#1438);
#1437 = CARTESIAN_POINT('',(206.36165619231,0.));
#1438 = VECTOR('',#1439,1.);
#1439 = DIRECTION('',(0.,-1.));
#1440 = ( GEOMETRIC_REPRESENTATION_CONTEXT(2) 
PARAMETRIC_REPRESENTATION_CONTEXT() REPRESENTATION_CONTEXT('2D SPACE',''
  ) );
#1441 = PCURVE('',#1442,#1447);
#1442 = PLANE('',#1443);
#1443 = AXIS2_PLACEMENT_3D('',#1444,#1445,#1446);
#1444 = CARTESIAN_POINT('',(0.,210.31377770083,-3.663321569362));
#1445 = DIRECTION('',(-1.,-0.,-0.));
#1446 = DIRECTION('',(0.,0.,-1.));
#1447 = DEFINITIONAL_REPRESENTATION('',(#1448),#1452);
#1448 = LINE('',#1449,#1450);
#1449 = CARTESIAN_POINT('',(-3.663321569362,3.952121508512));
#1450 = VECTOR('',#1451,1.);
#1451 = DIRECTION('',(1.,0.));
#1452 = ( GEOMETRIC_REPRESENTATION_CONTEXT(2) 
PARAMETRIC_REPRESENTATION_CONTEXT() REPRESENTATION_CONTEXT('2D SPACE',''
  ) );
#1453 = ADVANCED_FACE('',(#1454),#425,.T.);
#1454 = FACE_BOUND('',#1455,.T.);
#1455 = EDGE_LOOP('',(#1456,#1457,#1486,#1514));
#1456 = ORIENTED_EDGE('',*,*,#409,.T.);
#1457 = ORIENTED_EDGE('',*,*,#1458,.T.);
#1458 = EDGE_CURVE('',#382,#1459,#1461,.T.);
#1459 = VERTEX_POINT('',#1460);
#1460 = CARTESIAN_POINT('',(224.15403266652,215.46236799638,
    -5.254298409895));
#1461 = SURFACE_CURVE('',#1462,(#1467,#1474),.PCURVE_S1.);
#1462 = CIRCLE('',#1463,10.508596819791);
#1463 = AXIS2_PLACEMENT_3D('',#1464,#1465,#1466);
#1464 = CARTESIAN_POINT('',(224.15403266652,206.36165619231,
    -10.50859681979));
#1465 = DIRECTION('',(-1.,-0.,0.));
#1466 = DIRECTION('',(0.,-0.,-1.));
#1467 = PCURVE('',#425,#1468);
#1468 = DEFINITIONAL_REPRESENTATION('',(#1469),#1473);
#1469 = LINE('',#1470,#1471);
#1470 = CARTESIAN_POINT('',(0.,-224.1540326665));
#1471 = VECTOR('',#1472,1.);
#1472 = DIRECTION('',(1.,0.));
#1473 = ( GEOMETRIC_REPRESENTATION_CONTEXT(2) 
PARAMETRIC_REPRESENTATION_CONTEXT() REPRESENTATION_CONTEXT('2D SPACE',''
  ) );
#1474 = PCURVE('',#1475,#1480);
#1475 = PLANE('',#1476);
#1476 = AXIS2_PLACEMENT_3D('',#1477,#1478,#1479);
#1477 = CARTESIAN_POINT('',(224.15403266652,210.31377770083,
    -3.663321569362));
#1478 = DIRECTION('',(-1.,-0.,-0.));
#1479 = DIRECTION('',(0.,0.,-1.));
#1480 = DEFINITIONAL_REPRESENTATION('',(#1481),#1485);
#1481 = CIRCLE('',#1482,10.508596819791);
#1482 = AXIS2_PLACEMENT_2D('',#1483,#1484);
#1483 = CARTESIAN_POINT('',(6.845275250429,3.952121508512));
#1484 = DIRECTION('',(1.,0.));
#1485 = ( GEOMETRIC_REPRESENTATION_CONTEXT(2) 
PARAMETRIC_REPRESENTATION_CONTEXT() REPRESENTATION_CONTEXT('2D SPACE',''
  ) );
#1486 = ORIENTED_EDGE('',*,*,#1487,.F.);
#1487 = EDGE_CURVE('',#1488,#1459,#1490,.T.);
#1488 = VERTEX_POINT('',#1489);
#1489 = CARTESIAN_POINT('',(0.,215.46236799638,-5.254298409895));
#1490 = SURFACE_CURVE('',#1491,(#1495,#1502),.PCURVE_S1.);
#1491 = LINE('',#1492,#1493);
#1492 = CARTESIAN_POINT('',(0.,215.46236799638,-5.254298409895));
#1493 = VECTOR('',#1494,1.);
#1494 = DIRECTION('',(1.,0.,0.));
#1495 = PCURVE('',#425,#1496);
#1496 = DEFINITIONAL_REPRESENTATION('',(#1497),#1501);
#1497 = LINE('',#1498,#1499);
#1498 = CARTESIAN_POINT('',(4.188790204786,0.));
#1499 = VECTOR('',#1500,1.);
#1500 = DIRECTION('',(0.,-1.));
#1501 = ( GEOMETRIC_REPRESENTATION_CONTEXT(2) 
PARAMETRIC_REPRESENTATION_CONTEXT() REPRESENTATION_CONTEXT('2D SPACE',''
  ) );
#1502 = PCURVE('',#1503,#1508);
#1503 = PLANE('',#1504);
#1504 = AXIS2_PLACEMENT_3D('',#1505,#1506,#1507);
#1505 = CARTESIAN_POINT('',(0.,215.46236799638,-5.254298409895));
#1506 = DIRECTION('',(0.,-0.866025403784,-0.5));
#1507 = DIRECTION('',(1.,0.,0.));
#1508 = DEFINITIONAL_REPRESENTATION('',(#1509),#1513);
#1509 = LINE('',#1510,#1511);
#1510 = CARTESIAN_POINT('',(0.,2.30755522366E-15));
#1511 = VECTOR('',#1512,1.);
#1512 = DIRECTION('',(1.,0.));
#1513 = ( GEOMETRIC_REPRESENTATION_CONTEXT(2) 
PARAMETRIC_REPRESENTATION_CONTEXT() REPRESENTATION_CONTEXT('2D SPACE',''
  ) );
#1514 = ORIENTED_EDGE('',*,*,#1515,.F.);
#1515 = EDGE_CURVE('',#410,#1488,#1516,.T.);
#1516 = SURFACE_CURVE('',#1517,(#1522,#1529),.PCURVE_S1.);
#1517 = CIRCLE('',#1518,10.508596819791);
#1518 = AXIS2_PLACEMENT_3D('',#1519,#1520,#1521);
#1519 = CARTESIAN_POINT('',(0.,206.36165619231,-10.50859681979));
#1520 = DIRECTION('',(-1.,-0.,0.));
#1521 = DIRECTION('',(0.,-0.,-1.));
#1522 = PCURVE('',#425,#1523);
#1523 = DEFINITIONAL_REPRESENTATION('',(#1524),#1528);
#1524 = LINE('',#1525,#1526);
#1525 = CARTESIAN_POINT('',(0.,0.));
#1526 = VECTOR('',#1527,1.);
#1527 = DIRECTION('',(1.,0.));
#1528 = ( GEOMETRIC_REPRESENTATION_CONTEXT(2) 
PARAMETRIC_REPRESENTATION_CONTEXT() REPRESENTATION_CONTEXT('2D SPACE',''
  ) );
#1529 = PCURVE('',#1442,#1530);
#1530 = DEFINITIONAL_REPRESENTATION('',(#1531),#1535);
#1531 = CIRCLE('',#1532,10.508596819791);
#1532 = AXIS2_PLACEMENT_2D('',#1533,#1534);
#1533 = CARTESIAN_POINT('',(6.845275250429,3.952121508512));
#1534 = DIRECTION('',(1.,0.));
#1535 = ( GEOMETRIC_REPRESENTATION_CONTEXT(2) 
PARAMETRIC_REPRESENTATION_CONTEXT() REPRESENTATION_CONTEXT('2D SPACE',''
  ) );
#1536 = ADVANCED_FACE('',(#1537),#397,.T.);
#1537 = FACE_BOUND('',#1538,.T.);
#1538 = EDGE_LOOP('',(#1539,#1540,#1561,#1562));
#1539 = ORIENTED_EDGE('',*,*,#381,.F.);
#1540 = ORIENTED_EDGE('',*,*,#1541,.T.);
#1541 = EDGE_CURVE('',#356,#876,#1542,.T.);
#1542 = SURFACE_CURVE('',#1543,(#1547,#1554),.PCURVE_S1.);
#1543 = LINE('',#1544,#1545);
#1544 = CARTESIAN_POINT('',(224.15403266652,170.7897300546,
    2.334298409895));
#1545 = VECTOR('',#1546,1.);
#1546 = DIRECTION('',(0.,0.,-1.));
#1547 = PCURVE('',#397,#1548);
#1548 = DEFINITIONAL_REPRESENTATION('',(#1549),#1553);
#1549 = LINE('',#1550,#1551);
#1550 = CARTESIAN_POINT('',(170.7897300546,2.334298409895));
#1551 = VECTOR('',#1552,1.);
#1552 = DIRECTION('',(0.,-1.));
#1553 = ( GEOMETRIC_REPRESENTATION_CONTEXT(2) 
PARAMETRIC_REPRESENTATION_CONTEXT() REPRESENTATION_CONTEXT('2D SPACE',''
  ) );
#1554 = PCURVE('',#370,#1555);
#1555 = DEFINITIONAL_REPRESENTATION('',(#1556),#1560);
#1556 = LINE('',#1557,#1558);
#1557 = CARTESIAN_POINT('',(0.,0.));
#1558 = VECTOR('',#1559,1.);
#1559 = DIRECTION('',(1.,0.));
#1560 = ( GEOMETRIC_REPRESENTATION_CONTEXT(2) 
PARAMETRIC_REPRESENTATION_CONTEXT() REPRESENTATION_CONTEXT('2D SPACE',''
  ) );
#1561 = ORIENTED_EDGE('',*,*,#896,.T.);
#1562 = ORIENTED_EDGE('',*,*,#1563,.F.);
#1563 = EDGE_CURVE('',#382,#897,#1564,.T.);
#1564 = SURFACE_CURVE('',#1565,(#1569,#1576),.PCURVE_S1.);
#1565 = LINE('',#1566,#1567);
#1566 = CARTESIAN_POINT('',(224.15403266652,206.36165619231,0.));
#1567 = VECTOR('',#1568,1.);
#1568 = DIRECTION('',(-0.,-0.,-1.));
#1569 = PCURVE('',#397,#1570);
#1570 = DEFINITIONAL_REPRESENTATION('',(#1571),#1575);
#1571 = LINE('',#1572,#1573);
#1572 = CARTESIAN_POINT('',(206.36165619231,0.));
#1573 = VECTOR('',#1574,1.);
#1574 = DIRECTION('',(0.,-1.));
#1575 = ( GEOMETRIC_REPRESENTATION_CONTEXT(2) 
PARAMETRIC_REPRESENTATION_CONTEXT() REPRESENTATION_CONTEXT('2D SPACE',''
  ) );
#1576 = PCURVE('',#1475,#1577);
#1577 = DEFINITIONAL_REPRESENTATION('',(#1578),#1582);
#1578 = LINE('',#1579,#1580);
#1579 = CARTESIAN_POINT('',(-3.663321569362,3.952121508512));
#1580 = VECTOR('',#1581,1.);
#1581 = DIRECTION('',(1.,0.));
#1582 = ( GEOMETRIC_REPRESENTATION_CONTEXT(2) 
PARAMETRIC_REPRESENTATION_CONTEXT() REPRESENTATION_CONTEXT('2D SPACE',''
  ) );
#1583 = ADVANCED_FACE('',(#1584),#370,.T.);
#1584 = FACE_BOUND('',#1585,.T.);
#1585 = EDGE_LOOP('',(#1586,#1587,#1588,#1609));
#1586 = ORIENTED_EDGE('',*,*,#1541,.F.);
#1587 = ORIENTED_EDGE('',*,*,#355,.F.);
#1588 = ORIENTED_EDGE('',*,*,#1589,.T.);
#1589 = EDGE_CURVE('',#330,#855,#1590,.T.);
#1590 = SURFACE_CURVE('',#1591,(#1595,#1602),.PCURVE_S1.);
#1591 = LINE('',#1592,#1593);
#1592 = CARTESIAN_POINT('',(213.00543584673,170.7897300546,
    2.334298409895));
#1593 = VECTOR('',#1594,1.);
#1594 = DIRECTION('',(0.,0.,-1.));
#1595 = PCURVE('',#370,#1596);
#1596 = DEFINITIONAL_REPRESENTATION('',(#1597),#1601);
#1597 = LINE('',#1598,#1599);
#1598 = CARTESIAN_POINT('',(0.,-11.14859681979));
#1599 = VECTOR('',#1600,1.);
#1600 = DIRECTION('',(1.,0.));
#1601 = ( GEOMETRIC_REPRESENTATION_CONTEXT(2) 
PARAMETRIC_REPRESENTATION_CONTEXT() REPRESENTATION_CONTEXT('2D SPACE',''
  ) );
#1602 = PCURVE('',#344,#1603);
#1603 = DEFINITIONAL_REPRESENTATION('',(#1604),#1608);
#1604 = LINE('',#1605,#1606);
#1605 = CARTESIAN_POINT('',(4.668596819791,-2.334298409896));
#1606 = VECTOR('',#1607,1.);
#1607 = DIRECTION('',(-1.,0.));
#1608 = ( GEOMETRIC_REPRESENTATION_CONTEXT(2) 
PARAMETRIC_REPRESENTATION_CONTEXT() REPRESENTATION_CONTEXT('2D SPACE',''
  ) );
#1609 = ORIENTED_EDGE('',*,*,#875,.T.);
#1610 = ADVANCED_FACE('',(#1611),#344,.T.);
#1611 = FACE_BOUND('',#1612,.T.);
#1612 = EDGE_LOOP('',(#1613,#1614,#1635,#1636));
#1613 = ORIENTED_EDGE('',*,*,#329,.F.);
#1614 = ORIENTED_EDGE('',*,*,#1615,.T.);
#1615 = EDGE_CURVE('',#304,#834,#1616,.T.);
#1616 = SURFACE_CURVE('',#1617,(#1621,#1628),.PCURVE_S1.);
#1617 = LINE('',#1618,#1619);
#1618 = CARTESIAN_POINT('',(213.00543584673,166.12113323481,
    2.334298409895));
#1619 = VECTOR('',#1620,1.);
#1620 = DIRECTION('',(0.,0.,-1.));
#1621 = PCURVE('',#344,#1622);
#1622 = DEFINITIONAL_REPRESENTATION('',(#1623),#1627);
#1623 = LINE('',#1624,#1625);
#1624 = CARTESIAN_POINT('',(4.668596819791,2.334298409895));
#1625 = VECTOR('',#1626,1.);
#1626 = DIRECTION('',(-1.,0.));
#1627 = ( GEOMETRIC_REPRESENTATION_CONTEXT(2) 
PARAMETRIC_REPRESENTATION_CONTEXT() REPRESENTATION_CONTEXT('2D SPACE',''
  ) );
#1628 = PCURVE('',#318,#1629);
#1629 = DEFINITIONAL_REPRESENTATION('',(#1630),#1634);
#1630 = LINE('',#1631,#1632);
#1631 = CARTESIAN_POINT('',(0.,-11.14859681979));
#1632 = VECTOR('',#1633,1.);
#1633 = DIRECTION('',(1.,0.));
#1634 = ( GEOMETRIC_REPRESENTATION_CONTEXT(2) 
PARAMETRIC_REPRESENTATION_CONTEXT() REPRESENTATION_CONTEXT('2D SPACE',''
  ) );
#1635 = ORIENTED_EDGE('',*,*,#854,.T.);
#1636 = ORIENTED_EDGE('',*,*,#1589,.F.);
#1637 = ADVANCED_FACE('',(#1638),#318,.F.);
#1638 = FACE_BOUND('',#1639,.F.);
#1639 = EDGE_LOOP('',(#1640,#1666,#1667,#1668));
#1640 = ORIENTED_EDGE('',*,*,#1641,.F.);
#1641 = EDGE_CURVE('',#276,#806,#1642,.T.);
#1642 = SURFACE_CURVE('',#1643,(#1647,#1654),.PCURVE_S1.);
#1643 = LINE('',#1644,#1645);
#1644 = CARTESIAN_POINT('',(224.15403266652,166.12113323481,0.));
#1645 = VECTOR('',#1646,1.);
#1646 = DIRECTION('',(0.,0.,-1.));
#1647 = PCURVE('',#318,#1648);
#1648 = DEFINITIONAL_REPRESENTATION('',(#1649),#1653);
#1649 = LINE('',#1650,#1651);
#1650 = CARTESIAN_POINT('',(2.334298409895,0.));
#1651 = VECTOR('',#1652,1.);
#1652 = DIRECTION('',(1.,0.));
#1653 = ( GEOMETRIC_REPRESENTATION_CONTEXT(2) 
PARAMETRIC_REPRESENTATION_CONTEXT() REPRESENTATION_CONTEXT('2D SPACE',''
  ) );
#1654 = PCURVE('',#1655,#1660);
#1655 = PLANE('',#1656);
#1656 = AXIS2_PLACEMENT_3D('',#1657,#1658,#1659);
#1657 = CARTESIAN_POINT('',(226.45886214612,166.12113323481,
    -2.546856099148));
#1658 = DIRECTION('',(0.,1.,0.));
#1659 = DIRECTION('',(0.,-0.,1.));
#1660 = DEFINITIONAL_REPRESENTATION('',(#1661),#1665);
#1661 = LINE('',#1662,#1663);
#1662 = CARTESIAN_POINT('',(2.546856099148,-2.304829479598));
#1663 = VECTOR('',#1664,1.);
#1664 = DIRECTION('',(-1.,0.));
#1665 = ( GEOMETRIC_REPRESENTATION_CONTEXT(2) 
PARAMETRIC_REPRESENTATION_CONTEXT() REPRESENTATION_CONTEXT('2D SPACE',''
  ) );
#1666 = ORIENTED_EDGE('',*,*,#303,.F.);
#1667 = ORIENTED_EDGE('',*,*,#1615,.T.);
#1668 = ORIENTED_EDGE('',*,*,#833,.T.);
#1669 = ADVANCED_FACE('',(#1670),#291,.T.);
#1670 = FACE_BOUND('',#1671,.F.);
#1671 = EDGE_LOOP('',(#1672,#1673,#1697,#1725));
#1672 = ORIENTED_EDGE('',*,*,#275,.T.);
#1673 = ORIENTED_EDGE('',*,*,#1674,.T.);
#1674 = EDGE_CURVE('',#276,#1675,#1677,.T.);
#1675 = VERTEX_POINT('',#1676);
#1676 = CARTESIAN_POINT('',(229.72833107642,166.12113323481,
    -1.493628757302));
#1677 = SURFACE_CURVE('',#1678,(#1683,#1690),.PCURVE_S1.);
#1678 = CIRCLE('',#1679,11.148596819791);
#1679 = AXIS2_PLACEMENT_3D('',#1680,#1681,#1682);
#1680 = CARTESIAN_POINT('',(224.15403266652,166.12113323481,
    -11.14859681979));
#1681 = DIRECTION('',(-0.,1.,-0.));
#1682 = DIRECTION('',(0.,-0.,-1.));
#1683 = PCURVE('',#291,#1684);
#1684 = DEFINITIONAL_REPRESENTATION('',(#1685),#1689);
#1685 = LINE('',#1686,#1687);
#1686 = CARTESIAN_POINT('',(-0.,-125.8806102773));
#1687 = VECTOR('',#1688,1.);
#1688 = DIRECTION('',(-1.,0.));
#1689 = ( GEOMETRIC_REPRESENTATION_CONTEXT(2) 
PARAMETRIC_REPRESENTATION_CONTEXT() REPRESENTATION_CONTEXT('2D SPACE',''
  ) );
#1690 = PCURVE('',#1655,#1691);
#1691 = DEFINITIONAL_REPRESENTATION('',(#1692),#1696);
#1692 = CIRCLE('',#1693,11.148596819791);
#1693 = AXIS2_PLACEMENT_2D('',#1694,#1695);
#1694 = CARTESIAN_POINT('',(-8.601740720643,-2.304829479598));
#1695 = DIRECTION('',(-1.,0.));
#1696 = ( GEOMETRIC_REPRESENTATION_CONTEXT(2) 
PARAMETRIC_REPRESENTATION_CONTEXT() REPRESENTATION_CONTEXT('2D SPACE',''
  ) );
#1697 = ORIENTED_EDGE('',*,*,#1698,.F.);
#1698 = EDGE_CURVE('',#1699,#1675,#1701,.T.);
#1699 = VERTEX_POINT('',#1700);
#1700 = CARTESIAN_POINT('',(229.72833107642,40.240522957502,
    -1.493628757302));
#1701 = SURFACE_CURVE('',#1702,(#1706,#1713),.PCURVE_S1.);
#1702 = LINE('',#1703,#1704);
#1703 = CARTESIAN_POINT('',(229.72833107642,40.240522957502,
    -1.493628757302));
#1704 = VECTOR('',#1705,1.);
#1705 = DIRECTION('',(0.,1.,0.));
#1706 = PCURVE('',#291,#1707);
#1707 = DEFINITIONAL_REPRESENTATION('',(#1708),#1712);
#1708 = LINE('',#1709,#1710);
#1709 = CARTESIAN_POINT('',(-3.665191429188,0.));
#1710 = VECTOR('',#1711,1.);
#1711 = DIRECTION('',(-0.,-1.));
#1712 = ( GEOMETRIC_REPRESENTATION_CONTEXT(2) 
PARAMETRIC_REPRESENTATION_CONTEXT() REPRESENTATION_CONTEXT('2D SPACE',''
  ) );
#1713 = PCURVE('',#1714,#1719);
#1714 = PLANE('',#1715);
#1715 = AXIS2_PLACEMENT_3D('',#1716,#1717,#1718);
#1716 = CARTESIAN_POINT('',(229.72833107642,40.240522957502,
    -1.493628757302));
#1717 = DIRECTION('',(0.5,-0.,0.866025403784));
#1718 = DIRECTION('',(0.,1.,0.));
#1719 = DEFINITIONAL_REPRESENTATION('',(#1720),#1724);
#1720 = LINE('',#1721,#1722);
#1721 = CARTESIAN_POINT('',(0.,1.110223024625E-16));
#1722 = VECTOR('',#1723,1.);
#1723 = DIRECTION('',(1.,0.));
#1724 = ( GEOMETRIC_REPRESENTATION_CONTEXT(2) 
PARAMETRIC_REPRESENTATION_CONTEXT() REPRESENTATION_CONTEXT('2D SPACE',''
  ) );
#1725 = ORIENTED_EDGE('',*,*,#1726,.F.);
#1726 = EDGE_CURVE('',#250,#1699,#1727,.T.);
#1727 = SURFACE_CURVE('',#1728,(#1733,#1740),.PCURVE_S1.);
#1728 = CIRCLE('',#1729,11.148596819791);
#1729 = AXIS2_PLACEMENT_3D('',#1730,#1731,#1732);
#1730 = CARTESIAN_POINT('',(224.15403266652,40.240522957502,
    -11.14859681979));
#1731 = DIRECTION('',(-0.,1.,-0.));
#1732 = DIRECTION('',(0.,-0.,-1.));
#1733 = PCURVE('',#291,#1734);
#1734 = DEFINITIONAL_REPRESENTATION('',(#1735),#1739);
#1735 = LINE('',#1736,#1737);
#1736 = CARTESIAN_POINT('',(-0.,0.));
#1737 = VECTOR('',#1738,1.);
#1738 = DIRECTION('',(-1.,0.));
#1739 = ( GEOMETRIC_REPRESENTATION_CONTEXT(2) 
PARAMETRIC_REPRESENTATION_CONTEXT() REPRESENTATION_CONTEXT('2D SPACE',''
  ) );
#1740 = PCURVE('',#1741,#1746);
#1741 = PLANE('',#1742);
#1742 = AXIS2_PLACEMENT_3D('',#1743,#1744,#1745);
#1743 = CARTESIAN_POINT('',(226.45886214612,40.240522957502,
    -2.546856099148));
#1744 = DIRECTION('',(0.,1.,0.));
#1745 = DIRECTION('',(0.,-0.,1.));
#1746 = DEFINITIONAL_REPRESENTATION('',(#1747),#1751);
#1747 = CIRCLE('',#1748,11.148596819791);
#1748 = AXIS2_PLACEMENT_2D('',#1749,#1750);
#1749 = CARTESIAN_POINT('',(-8.601740720643,-2.304829479598));
#1750 = DIRECTION('',(-1.,0.));
#1751 = ( GEOMETRIC_REPRESENTATION_CONTEXT(2) 
PARAMETRIC_REPRESENTATION_CONTEXT() REPRESENTATION_CONTEXT('2D SPACE',''
  ) );
#1752 = ADVANCED_FACE('',(#1753),#264,.T.);
#1753 = FACE_BOUND('',#1754,.T.);
#1754 = EDGE_LOOP('',(#1755,#1776,#1777,#1798));
#1755 = ORIENTED_EDGE('',*,*,#1756,.F.);
#1756 = EDGE_CURVE('',#250,#785,#1757,.T.);
#1757 = SURFACE_CURVE('',#1758,(#1762,#1769),.PCURVE_S1.);
#1758 = LINE('',#1759,#1760);
#1759 = CARTESIAN_POINT('',(224.15403266652,40.240522957502,0.));
#1760 = VECTOR('',#1761,1.);
#1761 = DIRECTION('',(0.,0.,-1.));
#1762 = PCURVE('',#264,#1763);
#1763 = DEFINITIONAL_REPRESENTATION('',(#1764),#1768);
#1764 = LINE('',#1765,#1766);
#1765 = CARTESIAN_POINT('',(2.334298409895,0.));
#1766 = VECTOR('',#1767,1.);
#1767 = DIRECTION('',(1.,0.));
#1768 = ( GEOMETRIC_REPRESENTATION_CONTEXT(2) 
PARAMETRIC_REPRESENTATION_CONTEXT() REPRESENTATION_CONTEXT('2D SPACE',''
  ) );
#1769 = PCURVE('',#1741,#1770);
#1770 = DEFINITIONAL_REPRESENTATION('',(#1771),#1775);
#1771 = LINE('',#1772,#1773);
#1772 = CARTESIAN_POINT('',(2.546856099148,-2.304829479598));
#1773 = VECTOR('',#1774,1.);
#1774 = DIRECTION('',(-1.,0.));
#1775 = ( GEOMETRIC_REPRESENTATION_CONTEXT(2) 
PARAMETRIC_REPRESENTATION_CONTEXT() REPRESENTATION_CONTEXT('2D SPACE',''
  ) );
#1776 = ORIENTED_EDGE('',*,*,#249,.F.);
#1777 = ORIENTED_EDGE('',*,*,#1778,.T.);
#1778 = EDGE_CURVE('',#224,#764,#1779,.T.);
#1779 = SURFACE_CURVE('',#1780,(#1784,#1791),.PCURVE_S1.);
#1780 = LINE('',#1781,#1782);
#1781 = CARTESIAN_POINT('',(213.00543584673,40.240522957502,
    2.334298409895));
#1782 = VECTOR('',#1783,1.);
#1783 = DIRECTION('',(0.,0.,-1.));
#1784 = PCURVE('',#264,#1785);
#1785 = DEFINITIONAL_REPRESENTATION('',(#1786),#1790);
#1786 = LINE('',#1787,#1788);
#1787 = CARTESIAN_POINT('',(0.,-11.14859681979));
#1788 = VECTOR('',#1789,1.);
#1789 = DIRECTION('',(1.,0.));
#1790 = ( GEOMETRIC_REPRESENTATION_CONTEXT(2) 
PARAMETRIC_REPRESENTATION_CONTEXT() REPRESENTATION_CONTEXT('2D SPACE',''
  ) );
#1791 = PCURVE('',#238,#1792);
#1792 = DEFINITIONAL_REPRESENTATION('',(#1793),#1797);
#1793 = LINE('',#1794,#1795);
#1794 = CARTESIAN_POINT('',(-4.668596819791,-2.334298409895));
#1795 = VECTOR('',#1796,1.);
#1796 = DIRECTION('',(1.,0.));
#1797 = ( GEOMETRIC_REPRESENTATION_CONTEXT(2) 
PARAMETRIC_REPRESENTATION_CONTEXT() REPRESENTATION_CONTEXT('2D SPACE',''
  ) );
#1798 = ORIENTED_EDGE('',*,*,#784,.T.);
#1799 = ADVANCED_FACE('',(#1800),#238,.F.);
#1800 = FACE_BOUND('',#1801,.F.);
#1801 = EDGE_LOOP('',(#1802,#1803,#1804,#1805));
#1802 = ORIENTED_EDGE('',*,*,#223,.F.);
#1803 = ORIENTED_EDGE('',*,*,#1778,.T.);
#1804 = ORIENTED_EDGE('',*,*,#763,.T.);
#1805 = ORIENTED_EDGE('',*,*,#1806,.F.);
#1806 = EDGE_CURVE('',#198,#743,#1807,.T.);
#1807 = SURFACE_CURVE('',#1808,(#1812,#1819),.PCURVE_S1.);
#1808 = LINE('',#1809,#1810);
#1809 = CARTESIAN_POINT('',(213.00543584673,35.571926137711,
    2.334298409895));
#1810 = VECTOR('',#1811,1.);
#1811 = DIRECTION('',(0.,0.,-1.));
#1812 = PCURVE('',#238,#1813);
#1813 = DEFINITIONAL_REPRESENTATION('',(#1814),#1818);
#1814 = LINE('',#1815,#1816);
#1815 = CARTESIAN_POINT('',(-4.668596819791,2.334298409895));
#1816 = VECTOR('',#1817,1.);
#1817 = DIRECTION('',(1.,0.));
#1818 = ( GEOMETRIC_REPRESENTATION_CONTEXT(2) 
PARAMETRIC_REPRESENTATION_CONTEXT() REPRESENTATION_CONTEXT('2D SPACE',''
  ) );
#1819 = PCURVE('',#212,#1820);
#1820 = DEFINITIONAL_REPRESENTATION('',(#1821),#1825);
#1821 = LINE('',#1822,#1823);
#1822 = CARTESIAN_POINT('',(0.,-11.14859681979));
#1823 = VECTOR('',#1824,1.);
#1824 = DIRECTION('',(1.,0.));
#1825 = ( GEOMETRIC_REPRESENTATION_CONTEXT(2) 
PARAMETRIC_REPRESENTATION_CONTEXT() REPRESENTATION_CONTEXT('2D SPACE',''
  ) );
#1826 = ADVANCED_FACE('',(#1827),#212,.F.);
#1827 = FACE_BOUND('',#1828,.F.);
#1828 = EDGE_LOOP('',(#1829,#1850,#1851,#1852));
#1829 = ORIENTED_EDGE('',*,*,#1830,.F.);
#1830 = EDGE_CURVE('',#170,#720,#1831,.T.);
#1831 = SURFACE_CURVE('',#1832,(#1836,#1843),.PCURVE_S1.);
#1832 = LINE('',#1833,#1834);
#1833 = CARTESIAN_POINT('',(224.15403266652,35.571926137711,
    2.334298409895));
#1834 = VECTOR('',#1835,1.);
#1835 = DIRECTION('',(0.,0.,-1.));
#1836 = PCURVE('',#212,#1837);
#1837 = DEFINITIONAL_REPRESENTATION('',(#1838),#1842);
#1838 = LINE('',#1839,#1840);
#1839 = CARTESIAN_POINT('',(0.,0.));
#1840 = VECTOR('',#1841,1.);
#1841 = DIRECTION('',(1.,0.));
#1842 = ( GEOMETRIC_REPRESENTATION_CONTEXT(2) 
PARAMETRIC_REPRESENTATION_CONTEXT() REPRESENTATION_CONTEXT('2D SPACE',''
  ) );
#1843 = PCURVE('',#185,#1844);
#1844 = DEFINITIONAL_REPRESENTATION('',(#1845),#1849);
#1845 = LINE('',#1846,#1847);
#1846 = CARTESIAN_POINT('',(35.571926137711,2.334298409895));
#1847 = VECTOR('',#1848,1.);
#1848 = DIRECTION('',(0.,-1.));
#1849 = ( GEOMETRIC_REPRESENTATION_CONTEXT(2) 
PARAMETRIC_REPRESENTATION_CONTEXT() REPRESENTATION_CONTEXT('2D SPACE',''
  ) );
#1850 = ORIENTED_EDGE('',*,*,#197,.F.);
#1851 = ORIENTED_EDGE('',*,*,#1806,.T.);
#1852 = ORIENTED_EDGE('',*,*,#742,.T.);
#1853 = ADVANCED_FACE('',(#1854),#185,.T.);
#1854 = FACE_BOUND('',#1855,.T.);
#1855 = EDGE_LOOP('',(#1856,#1857,#1883,#1884));
#1856 = ORIENTED_EDGE('',*,*,#169,.F.);
#1857 = ORIENTED_EDGE('',*,*,#1858,.T.);
#1858 = EDGE_CURVE('',#143,#693,#1859,.T.);
#1859 = SURFACE_CURVE('',#1860,(#1864,#1871),.PCURVE_S1.);
#1860 = LINE('',#1861,#1862);
#1861 = CARTESIAN_POINT('',(224.15403266652,0.,0.));
#1862 = VECTOR('',#1863,1.);
#1863 = DIRECTION('',(-0.,-0.,-1.));
#1864 = PCURVE('',#185,#1865);
#1865 = DEFINITIONAL_REPRESENTATION('',(#1866),#1870);
#1866 = LINE('',#1867,#1868);
#1867 = CARTESIAN_POINT('',(0.,0.));
#1868 = VECTOR('',#1869,1.);
#1869 = DIRECTION('',(0.,-1.));
#1870 = ( GEOMETRIC_REPRESENTATION_CONTEXT(2) 
PARAMETRIC_REPRESENTATION_CONTEXT() REPRESENTATION_CONTEXT('2D SPACE',''
  ) );
#1871 = PCURVE('',#1872,#1877);
#1872 = PLANE('',#1873);
#1873 = AXIS2_PLACEMENT_3D('',#1874,#1875,#1876);
#1874 = CARTESIAN_POINT('',(224.15403266652,-1.86437176487,
    -2.247930150691));
#1875 = DIRECTION('',(-1.,-0.,-0.));
#1876 = DIRECTION('',(0.,0.,-1.));
#1877 = DEFINITIONAL_REPRESENTATION('',(#1878),#1882);
#1878 = LINE('',#1879,#1880);
#1879 = CARTESIAN_POINT('',(-2.247930150691,-1.86437176487));
#1880 = VECTOR('',#1881,1.);
#1881 = DIRECTION('',(1.,0.));
#1882 = ( GEOMETRIC_REPRESENTATION_CONTEXT(2) 
PARAMETRIC_REPRESENTATION_CONTEXT() REPRESENTATION_CONTEXT('2D SPACE',''
  ) );
#1883 = ORIENTED_EDGE('',*,*,#719,.T.);
#1884 = ORIENTED_EDGE('',*,*,#1830,.F.);
#1885 = ADVANCED_FACE('',(#1886),#158,.F.);
#1886 = FACE_BOUND('',#1887,.F.);
#1887 = EDGE_LOOP('',(#1888,#1889,#1913,#1939));
#1888 = ORIENTED_EDGE('',*,*,#142,.T.);
#1889 = ORIENTED_EDGE('',*,*,#1890,.T.);
#1890 = EDGE_CURVE('',#143,#1891,#1893,.T.);
#1891 = VERTEX_POINT('',#1892);
#1892 = CARTESIAN_POINT('',(224.15403266652,-2.355,0.631020348175));
#1893 = SURFACE_CURVE('',#1894,(#1899,#1906),.PCURVE_S1.);
#1894 = CIRCLE('',#1895,4.71);
#1895 = AXIS2_PLACEMENT_3D('',#1896,#1897,#1898);
#1896 = CARTESIAN_POINT('',(224.15403266652,0.,4.71));
#1897 = DIRECTION('',(-1.,0.,-0.));
#1898 = DIRECTION('',(-0.,0.,1.));
#1899 = PCURVE('',#158,#1900);
#1900 = DEFINITIONAL_REPRESENTATION('',(#1901),#1905);
#1901 = LINE('',#1902,#1903);
#1902 = CARTESIAN_POINT('',(0.,-224.1540326665));
#1903 = VECTOR('',#1904,1.);
#1904 = DIRECTION('',(1.,0.));
#1905 = ( GEOMETRIC_REPRESENTATION_CONTEXT(2) 
PARAMETRIC_REPRESENTATION_CONTEXT() REPRESENTATION_CONTEXT('2D SPACE',''
  ) );
#1906 = PCURVE('',#1872,#1907);
#1907 = DEFINITIONAL_REPRESENTATION('',(#1908),#1912);
#1908 = CIRCLE('',#1909,4.71);
#1909 = AXIS2_PLACEMENT_2D('',#1910,#1911);
#1910 = CARTESIAN_POINT('',(-6.957930150691,-1.86437176487));
#1911 = DIRECTION('',(-1.,0.));
#1912 = ( GEOMETRIC_REPRESENTATION_CONTEXT(2) 
PARAMETRIC_REPRESENTATION_CONTEXT() REPRESENTATION_CONTEXT('2D SPACE',''
  ) );
#1913 = ORIENTED_EDGE('',*,*,#1914,.F.);
#1914 = EDGE_CURVE('',#1129,#1891,#1915,.T.);
#1915 = SURFACE_CURVE('',#1916,(#1920,#1927),.PCURVE_S1.);
#1916 = LINE('',#1917,#1918);
#1917 = CARTESIAN_POINT('',(0.,-2.355,0.631020348175));
#1918 = VECTOR('',#1919,1.);
#1919 = DIRECTION('',(1.,0.,0.));
#1920 = PCURVE('',#158,#1921);
#1921 = DEFINITIONAL_REPRESENTATION('',(#1922),#1926);
#1922 = LINE('',#1923,#1924);
#1923 = CARTESIAN_POINT('',(3.665191429188,0.));
#1924 = VECTOR('',#1925,1.);
#1925 = DIRECTION('',(0.,-1.));
#1926 = ( GEOMETRIC_REPRESENTATION_CONTEXT(2) 
PARAMETRIC_REPRESENTATION_CONTEXT() REPRESENTATION_CONTEXT('2D SPACE',''
  ) );
#1927 = PCURVE('',#1928,#1933);
#1928 = PLANE('',#1929);
#1929 = AXIS2_PLACEMENT_3D('',#1930,#1931,#1932);
#1930 = CARTESIAN_POINT('',(0.,-2.355,0.631020348175));
#1931 = DIRECTION('',(-0.,0.5,0.866025403784));
#1932 = DIRECTION('',(1.,0.,0.));
#1933 = DEFINITIONAL_REPRESENTATION('',(#1934),#1938);
#1934 = LINE('',#1935,#1936);
#1935 = CARTESIAN_POINT('',(0.,4.956148397392E-16));
#1936 = VECTOR('',#1937,1.);
#1937 = DIRECTION('',(1.,0.));
#1938 = ( GEOMETRIC_REPRESENTATION_CONTEXT(2) 
PARAMETRIC_REPRESENTATION_CONTEXT() REPRESENTATION_CONTEXT('2D SPACE',''
  ) );
#1939 = ORIENTED_EDGE('',*,*,#1156,.F.);
#1940 = ADVANCED_FACE('',(#1941),#1048,.F.);
#1941 = FACE_BOUND('',#1942,.F.);
#1942 = EDGE_LOOP('',(#1943,#1944,#1968,#1996));
#1943 = ORIENTED_EDGE('',*,*,#1032,.T.);
#1944 = ORIENTED_EDGE('',*,*,#1945,.T.);
#1945 = EDGE_CURVE('',#1012,#1946,#1948,.T.);
#1946 = VERTEX_POINT('',#1947);
#1947 = CARTESIAN_POINT('',(-3.24,166.12113323481,-5.536752203268));
#1948 = SURFACE_CURVE('',#1949,(#1954,#1961),.PCURVE_S1.);
#1949 = CIRCLE('',#1950,6.48);
#1950 = AXIS2_PLACEMENT_3D('',#1951,#1952,#1953);
#1951 = CARTESIAN_POINT('',(0.,166.12113323481,-11.14859681979));
#1952 = DIRECTION('',(0.,-1.,-0.));
#1953 = DIRECTION('',(0.,0.,-1.));
#1954 = PCURVE('',#1048,#1955);
#1955 = DEFINITIONAL_REPRESENTATION('',(#1956),#1960);
#1956 = LINE('',#1957,#1958);
#1957 = CARTESIAN_POINT('',(0.,-125.8806102773));
#1958 = VECTOR('',#1959,1.);
#1959 = DIRECTION('',(1.,0.));
#1960 = ( GEOMETRIC_REPRESENTATION_CONTEXT(2) 
PARAMETRIC_REPRESENTATION_CONTEXT() REPRESENTATION_CONTEXT('2D SPACE',''
  ) );
#1961 = PCURVE('',#1259,#1962);
#1962 = DEFINITIONAL_REPRESENTATION('',(#1963),#1967);
#1963 = CIRCLE('',#1964,6.48);
#1964 = AXIS2_PLACEMENT_2D('',#1965,#1966);
#1965 = CARTESIAN_POINT('',(8.601740720643,2.304829479598));
#1966 = DIRECTION('',(1.,0.));
#1967 = ( GEOMETRIC_REPRESENTATION_CONTEXT(2) 
PARAMETRIC_REPRESENTATION_CONTEXT() REPRESENTATION_CONTEXT('2D SPACE',''
  ) );
#1968 = ORIENTED_EDGE('',*,*,#1969,.F.);
#1969 = EDGE_CURVE('',#1970,#1946,#1972,.T.);
#1970 = VERTEX_POINT('',#1971);
#1971 = CARTESIAN_POINT('',(-3.24,40.240522957502,-5.536752203268));
#1972 = SURFACE_CURVE('',#1973,(#1977,#1984),.PCURVE_S1.);
#1973 = LINE('',#1974,#1975);
#1974 = CARTESIAN_POINT('',(-3.24,40.240522957502,-5.536752203268));
#1975 = VECTOR('',#1976,1.);
#1976 = DIRECTION('',(0.,1.,0.));
#1977 = PCURVE('',#1048,#1978);
#1978 = DEFINITIONAL_REPRESENTATION('',(#1979),#1983);
#1979 = LINE('',#1980,#1981);
#1980 = CARTESIAN_POINT('',(3.665191429188,0.));
#1981 = VECTOR('',#1982,1.);
#1982 = DIRECTION('',(0.,-1.));
#1983 = ( GEOMETRIC_REPRESENTATION_CONTEXT(2) 
PARAMETRIC_REPRESENTATION_CONTEXT() REPRESENTATION_CONTEXT('2D SPACE',''
  ) );
#1984 = PCURVE('',#1985,#1990);
#1985 = PLANE('',#1986);
#1986 = AXIS2_PLACEMENT_3D('',#1987,#1988,#1989);
#1987 = CARTESIAN_POINT('',(-3.24,40.240522957502,-5.536752203268));
#1988 = DIRECTION('',(0.5,0.,-0.866025403784));
#1989 = DIRECTION('',(0.,1.,0.));
#1990 = DEFINITIONAL_REPRESENTATION('',(#1991),#1995);
#1991 = LINE('',#1992,#1993);
#1992 = CARTESIAN_POINT('',(0.,3.845925372767E-16));
#1993 = VECTOR('',#1994,1.);
#1994 = DIRECTION('',(1.,0.));
#1995 = ( GEOMETRIC_REPRESENTATION_CONTEXT(2) 
PARAMETRIC_REPRESENTATION_CONTEXT() REPRESENTATION_CONTEXT('2D SPACE',''
  ) );
#1996 = ORIENTED_EDGE('',*,*,#1997,.F.);
#1997 = EDGE_CURVE('',#1033,#1970,#1998,.T.);
#1998 = SURFACE_CURVE('',#1999,(#2004,#2011),.PCURVE_S1.);
#1999 = CIRCLE('',#2000,6.48);
#2000 = AXIS2_PLACEMENT_3D('',#2001,#2002,#2003);
#2001 = CARTESIAN_POINT('',(0.,40.240522957502,-11.14859681979));
#2002 = DIRECTION('',(0.,-1.,-0.));
#2003 = DIRECTION('',(0.,0.,-1.));
#2004 = PCURVE('',#1048,#2005);
#2005 = DEFINITIONAL_REPRESENTATION('',(#2006),#2010);
#2006 = LINE('',#2007,#2008);
#2007 = CARTESIAN_POINT('',(0.,0.));
#2008 = VECTOR('',#2009,1.);
#2009 = DIRECTION('',(1.,0.));
#2010 = ( GEOMETRIC_REPRESENTATION_CONTEXT(2) 
PARAMETRIC_REPRESENTATION_CONTEXT() REPRESENTATION_CONTEXT('2D SPACE',''
  ) );
#2011 = PCURVE('',#1223,#2012);
#2012 = DEFINITIONAL_REPRESENTATION('',(#2013),#2017);
#2013 = CIRCLE('',#2014,6.48);
#2014 = AXIS2_PLACEMENT_2D('',#2015,#2016);
#2015 = CARTESIAN_POINT('',(8.601740720643,2.304829479598));
#2016 = DIRECTION('',(1.,0.));
#2017 = ( GEOMETRIC_REPRESENTATION_CONTEXT(2) 
PARAMETRIC_REPRESENTATION_CONTEXT() REPRESENTATION_CONTEXT('2D SPACE',''
  ) );
#2018 = ADVANCED_FACE('',(#2019),#935,.F.);
#2019 = FACE_BOUND('',#2020,.F.);
#2020 = EDGE_LOOP('',(#2021,#2022,#2046,#2074));
#2021 = ORIENTED_EDGE('',*,*,#919,.T.);
#2022 = ORIENTED_EDGE('',*,*,#2023,.T.);
#2023 = EDGE_CURVE('',#897,#2024,#2026,.T.);
#2024 = VERTEX_POINT('',#2025);
#2025 = CARTESIAN_POINT('',(224.15403266652,211.41924455041,
    -7.588596819791));
#2026 = SURFACE_CURVE('',#2027,(#2032,#2039),.PCURVE_S1.);
#2027 = CIRCLE('',#2028,5.84);
#2028 = AXIS2_PLACEMENT_3D('',#2029,#2030,#2031);
#2029 = CARTESIAN_POINT('',(224.15403266652,206.36165619231,
    -10.50859681979));
#2030 = DIRECTION('',(-1.,-0.,0.));
#2031 = DIRECTION('',(0.,-0.,-1.));
#2032 = PCURVE('',#935,#2033);
#2033 = DEFINITIONAL_REPRESENTATION('',(#2034),#2038);
#2034 = LINE('',#2035,#2036);
#2035 = CARTESIAN_POINT('',(0.,-224.1540326665));
#2036 = VECTOR('',#2037,1.);
#2037 = DIRECTION('',(1.,0.));
#2038 = ( GEOMETRIC_REPRESENTATION_CONTEXT(2) 
PARAMETRIC_REPRESENTATION_CONTEXT() REPRESENTATION_CONTEXT('2D SPACE',''
  ) );
#2039 = PCURVE('',#1475,#2040);
#2040 = DEFINITIONAL_REPRESENTATION('',(#2041),#2045);
#2041 = CIRCLE('',#2042,5.84);
#2042 = AXIS2_PLACEMENT_2D('',#2043,#2044);
#2043 = CARTESIAN_POINT('',(6.845275250429,3.952121508512));
#2044 = DIRECTION('',(1.,0.));
#2045 = ( GEOMETRIC_REPRESENTATION_CONTEXT(2) 
PARAMETRIC_REPRESENTATION_CONTEXT() REPRESENTATION_CONTEXT('2D SPACE',''
  ) );
#2046 = ORIENTED_EDGE('',*,*,#2047,.F.);
#2047 = EDGE_CURVE('',#2048,#2024,#2050,.T.);
#2048 = VERTEX_POINT('',#2049);
#2049 = CARTESIAN_POINT('',(0.,211.41924455041,-7.588596819791));
#2050 = SURFACE_CURVE('',#2051,(#2055,#2062),.PCURVE_S1.);
#2051 = LINE('',#2052,#2053);
#2052 = CARTESIAN_POINT('',(0.,211.41924455041,-7.588596819791));
#2053 = VECTOR('',#2054,1.);
#2054 = DIRECTION('',(1.,0.,0.));
#2055 = PCURVE('',#935,#2056);
#2056 = DEFINITIONAL_REPRESENTATION('',(#2057),#2061);
#2057 = LINE('',#2058,#2059);
#2058 = CARTESIAN_POINT('',(4.188790204786,0.));
#2059 = VECTOR('',#2060,1.);
#2060 = DIRECTION('',(0.,-1.));
#2061 = ( GEOMETRIC_REPRESENTATION_CONTEXT(2) 
PARAMETRIC_REPRESENTATION_CONTEXT() REPRESENTATION_CONTEXT('2D SPACE',''
  ) );
#2062 = PCURVE('',#2063,#2068);
#2063 = PLANE('',#2064);
#2064 = AXIS2_PLACEMENT_3D('',#2065,#2066,#2067);
#2065 = CARTESIAN_POINT('',(0.,211.41924455041,-7.588596819791));
#2066 = DIRECTION('',(0.,-0.866025403784,-0.5));
#2067 = DIRECTION('',(1.,0.,0.));
#2068 = DEFINITIONAL_REPRESENTATION('',(#2069),#2073);
#2069 = LINE('',#2070,#2071);
#2070 = CARTESIAN_POINT('',(0.,1.538370149107E-15));
#2071 = VECTOR('',#2072,1.);
#2072 = DIRECTION('',(1.,0.));
#2073 = ( GEOMETRIC_REPRESENTATION_CONTEXT(2) 
PARAMETRIC_REPRESENTATION_CONTEXT() REPRESENTATION_CONTEXT('2D SPACE',''
  ) );
#2074 = ORIENTED_EDGE('',*,*,#2075,.F.);
#2075 = EDGE_CURVE('',#920,#2048,#2076,.T.);
#2076 = SURFACE_CURVE('',#2077,(#2082,#2089),.PCURVE_S1.);
#2077 = CIRCLE('',#2078,5.84);
#2078 = AXIS2_PLACEMENT_3D('',#2079,#2080,#2081);
#2079 = CARTESIAN_POINT('',(0.,206.36165619231,-10.50859681979));
#2080 = DIRECTION('',(-1.,-0.,0.));
#2081 = DIRECTION('',(0.,-0.,-1.));
#2082 = PCURVE('',#935,#2083);
#2083 = DEFINITIONAL_REPRESENTATION('',(#2084),#2088);
#2084 = LINE('',#2085,#2086);
#2085 = CARTESIAN_POINT('',(0.,0.));
#2086 = VECTOR('',#2087,1.);
#2087 = DIRECTION('',(1.,0.));
#2088 = ( GEOMETRIC_REPRESENTATION_CONTEXT(2) 
PARAMETRIC_REPRESENTATION_CONTEXT() REPRESENTATION_CONTEXT('2D SPACE',''
  ) );
#2089 = PCURVE('',#1442,#2090);
#2090 = DEFINITIONAL_REPRESENTATION('',(#2091),#2095);
#2091 = CIRCLE('',#2092,5.84);
#2092 = AXIS2_PLACEMENT_2D('',#2093,#2094);
#2093 = CARTESIAN_POINT('',(6.845275250429,3.952121508512));
#2094 = DIRECTION('',(1.,0.));
#2095 = ( GEOMETRIC_REPRESENTATION_CONTEXT(2) 
PARAMETRIC_REPRESENTATION_CONTEXT() REPRESENTATION_CONTEXT('2D SPACE',''
  ) );
#2096 = ADVANCED_FACE('',(#2097),#821,.F.);
#2097 = FACE_BOUND('',#2098,.T.);
#2098 = EDGE_LOOP('',(#2099,#2100,#2124,#2152));
#2099 = ORIENTED_EDGE('',*,*,#805,.T.);
#2100 = ORIENTED_EDGE('',*,*,#2101,.T.);
#2101 = EDGE_CURVE('',#806,#2102,#2104,.T.);
#2102 = VERTEX_POINT('',#2103);
#2103 = CARTESIAN_POINT('',(227.39403266652,166.12113323481,
    -5.536752203268));
#2104 = SURFACE_CURVE('',#2105,(#2110,#2117),.PCURVE_S1.);
#2105 = CIRCLE('',#2106,6.48);
#2106 = AXIS2_PLACEMENT_3D('',#2107,#2108,#2109);
#2107 = CARTESIAN_POINT('',(224.15403266652,166.12113323481,
    -11.14859681979));
#2108 = DIRECTION('',(-0.,1.,-0.));
#2109 = DIRECTION('',(0.,-0.,-1.));
#2110 = PCURVE('',#821,#2111);
#2111 = DEFINITIONAL_REPRESENTATION('',(#2112),#2116);
#2112 = LINE('',#2113,#2114);
#2113 = CARTESIAN_POINT('',(-0.,-125.8806102773));
#2114 = VECTOR('',#2115,1.);
#2115 = DIRECTION('',(-1.,0.));
#2116 = ( GEOMETRIC_REPRESENTATION_CONTEXT(2) 
PARAMETRIC_REPRESENTATION_CONTEXT() REPRESENTATION_CONTEXT('2D SPACE',''
  ) );
#2117 = PCURVE('',#1655,#2118);
#2118 = DEFINITIONAL_REPRESENTATION('',(#2119),#2123);
#2119 = CIRCLE('',#2120,6.48);
#2120 = AXIS2_PLACEMENT_2D('',#2121,#2122);
#2121 = CARTESIAN_POINT('',(-8.601740720643,-2.304829479598));
#2122 = DIRECTION('',(-1.,0.));
#2123 = ( GEOMETRIC_REPRESENTATION_CONTEXT(2) 
PARAMETRIC_REPRESENTATION_CONTEXT() REPRESENTATION_CONTEXT('2D SPACE',''
  ) );
#2124 = ORIENTED_EDGE('',*,*,#2125,.F.);
#2125 = EDGE_CURVE('',#2126,#2102,#2128,.T.);
#2126 = VERTEX_POINT('',#2127);
#2127 = CARTESIAN_POINT('',(227.39403266652,40.240522957502,
    -5.536752203268));
#2128 = SURFACE_CURVE('',#2129,(#2133,#2140),.PCURVE_S1.);
#2129 = LINE('',#2130,#2131);
#2130 = CARTESIAN_POINT('',(227.39403266652,40.240522957502,
    -5.536752203268));
#2131 = VECTOR('',#2132,1.);
#2132 = DIRECTION('',(0.,1.,0.));
#2133 = PCURVE('',#821,#2134);
#2134 = DEFINITIONAL_REPRESENTATION('',(#2135),#2139);
#2135 = LINE('',#2136,#2137);
#2136 = CARTESIAN_POINT('',(-3.665191429188,0.));
#2137 = VECTOR('',#2138,1.);
#2138 = DIRECTION('',(-0.,-1.));
#2139 = ( GEOMETRIC_REPRESENTATION_CONTEXT(2) 
PARAMETRIC_REPRESENTATION_CONTEXT() REPRESENTATION_CONTEXT('2D SPACE',''
  ) );
#2140 = PCURVE('',#2141,#2146);
#2141 = PLANE('',#2142);
#2142 = AXIS2_PLACEMENT_3D('',#2143,#2144,#2145);
#2143 = CARTESIAN_POINT('',(227.39403266652,40.240522957502,
    -5.536752203268));
#2144 = DIRECTION('',(0.5,-0.,0.866025403784));
#2145 = DIRECTION('',(0.,1.,0.));
#2146 = DEFINITIONAL_REPRESENTATION('',(#2147),#2151);
#2147 = LINE('',#2148,#2149);
#2148 = CARTESIAN_POINT('',(0.,0.));
#2149 = VECTOR('',#2150,1.);
#2150 = DIRECTION('',(1.,0.));
#2151 = ( GEOMETRIC_REPRESENTATION_CONTEXT(2) 
PARAMETRIC_REPRESENTATION_CONTEXT() REPRESENTATION_CONTEXT('2D SPACE',''
  ) );
#2152 = ORIENTED_EDGE('',*,*,#2153,.F.);
#2153 = EDGE_CURVE('',#785,#2126,#2154,.T.);
#2154 = SURFACE_CURVE('',#2155,(#2160,#2167),.PCURVE_S1.);
#2155 = CIRCLE('',#2156,6.48);
#2156 = AXIS2_PLACEMENT_3D('',#2157,#2158,#2159);
#2157 = CARTESIAN_POINT('',(224.15403266652,40.240522957502,
    -11.14859681979));
#2158 = DIRECTION('',(-0.,1.,-0.));
#2159 = DIRECTION('',(0.,-0.,-1.));
#2160 = PCURVE('',#821,#2161);
#2161 = DEFINITIONAL_REPRESENTATION('',(#2162),#2166);
#2162 = LINE('',#2163,#2164);
#2163 = CARTESIAN_POINT('',(-0.,0.));
#2164 = VECTOR('',#2165,1.);
#2165 = DIRECTION('',(-1.,0.));
#2166 = ( GEOMETRIC_REPRESENTATION_CONTEXT(2) 
PARAMETRIC_REPRESENTATION_CONTEXT() REPRESENTATION_CONTEXT('2D SPACE',''
  ) );
#2167 = PCURVE('',#1741,#2168);
#2168 = DEFINITIONAL_REPRESENTATION('',(#2169),#2173);
#2169 = CIRCLE('',#2170,6.48);
#2170 = AXIS2_PLACEMENT_2D('',#2171,#2172);
#2171 = CARTESIAN_POINT('',(-8.601740720643,-2.304829479598));
#2172 = DIRECTION('',(-1.,0.));
#2173 = ( GEOMETRIC_REPRESENTATION_CONTEXT(2) 
PARAMETRIC_REPRESENTATION_CONTEXT() REPRESENTATION_CONTEXT('2D SPACE',''
  ) );
#2174 = ADVANCED_FACE('',(#2175),#708,.T.);
#2175 = FACE_BOUND('',#2176,.T.);
#2176 = EDGE_LOOP('',(#2177,#2178,#2202,#2228));
#2177 = ORIENTED_EDGE('',*,*,#692,.T.);
#2178 = ORIENTED_EDGE('',*,*,#2179,.T.);
#2179 = EDGE_CURVE('',#693,#2180,#2182,.T.);
#2180 = VERTEX_POINT('',#2181);
#2181 = CARTESIAN_POINT('',(224.15403266652,-4.689298409895,
    -3.412103097791));
#2182 = SURFACE_CURVE('',#2183,(#2188,#2195),.PCURVE_S1.);
#2183 = CIRCLE('',#2184,9.378596819791);
#2184 = AXIS2_PLACEMENT_3D('',#2185,#2186,#2187);
#2185 = CARTESIAN_POINT('',(224.15403266652,0.,4.71));
#2186 = DIRECTION('',(-1.,0.,-0.));
#2187 = DIRECTION('',(-0.,0.,1.));
#2188 = PCURVE('',#708,#2189);
#2189 = DEFINITIONAL_REPRESENTATION('',(#2190),#2194);
#2190 = LINE('',#2191,#2192);
#2191 = CARTESIAN_POINT('',(0.,-224.1540326665));
#2192 = VECTOR('',#2193,1.);
#2193 = DIRECTION('',(1.,0.));
#2194 = ( GEOMETRIC_REPRESENTATION_CONTEXT(2) 
PARAMETRIC_REPRESENTATION_CONTEXT() REPRESENTATION_CONTEXT('2D SPACE',''
  ) );
#2195 = PCURVE('',#1872,#2196);
#2196 = DEFINITIONAL_REPRESENTATION('',(#2197),#2201);
#2197 = CIRCLE('',#2198,9.378596819791);
#2198 = AXIS2_PLACEMENT_2D('',#2199,#2200);
#2199 = CARTESIAN_POINT('',(-6.957930150691,-1.86437176487));
#2200 = DIRECTION('',(-1.,0.));
#2201 = ( GEOMETRIC_REPRESENTATION_CONTEXT(2) 
PARAMETRIC_REPRESENTATION_CONTEXT() REPRESENTATION_CONTEXT('2D SPACE',''
  ) );
#2202 = ORIENTED_EDGE('',*,*,#2203,.F.);
#2203 = EDGE_CURVE('',#1105,#2180,#2204,.T.);
#2204 = SURFACE_CURVE('',#2205,(#2209,#2216),.PCURVE_S1.);
#2205 = LINE('',#2206,#2207);
#2206 = CARTESIAN_POINT('',(0.,-4.689298409895,-3.412103097791));
#2207 = VECTOR('',#2208,1.);
#2208 = DIRECTION('',(1.,0.,0.));
#2209 = PCURVE('',#708,#2210);
#2210 = DEFINITIONAL_REPRESENTATION('',(#2211),#2215);
#2211 = LINE('',#2212,#2213);
#2212 = CARTESIAN_POINT('',(3.665191429188,0.));
#2213 = VECTOR('',#2214,1.);
#2214 = DIRECTION('',(0.,-1.));
#2215 = ( GEOMETRIC_REPRESENTATION_CONTEXT(2) 
PARAMETRIC_REPRESENTATION_CONTEXT() REPRESENTATION_CONTEXT('2D SPACE',''
  ) );
#2216 = PCURVE('',#2217,#2222);
#2217 = PLANE('',#2218);
#2218 = AXIS2_PLACEMENT_3D('',#2219,#2220,#2221);
#2219 = CARTESIAN_POINT('',(0.,-4.689298409895,-3.412103097791));
#2220 = DIRECTION('',(-0.,0.5,0.866025403784));
#2221 = DIRECTION('',(1.,0.,0.));
#2222 = DEFINITIONAL_REPRESENTATION('',(#2223),#2227);
#2223 = LINE('',#2224,#2225);
#2224 = CARTESIAN_POINT('',(0.,9.912296794785E-16));
#2225 = VECTOR('',#2226,1.);
#2226 = DIRECTION('',(1.,0.));
#2227 = ( GEOMETRIC_REPRESENTATION_CONTEXT(2) 
PARAMETRIC_REPRESENTATION_CONTEXT() REPRESENTATION_CONTEXT('2D SPACE',''
  ) );
#2228 = ORIENTED_EDGE('',*,*,#1104,.F.);
#2229 = ADVANCED_FACE('',(#2230),#1144,.T.);
#2230 = FACE_BOUND('',#2231,.T.);
#2231 = EDGE_LOOP('',(#2232,#2255,#2283,#2304));
#2232 = ORIENTED_EDGE('',*,*,#2233,.T.);
#2233 = EDGE_CURVE('',#1105,#2234,#2236,.T.);
#2234 = VERTEX_POINT('',#2235);
#2235 = CARTESIAN_POINT('',(0.,-95.62196580726,49.087896902209));
#2236 = SURFACE_CURVE('',#2237,(#2241,#2248),.PCURVE_S1.);
#2237 = LINE('',#2238,#2239);
#2238 = CARTESIAN_POINT('',(0.,-4.689298409895,-3.412103097791));
#2239 = VECTOR('',#2240,1.);
#2240 = DIRECTION('',(0.,-0.866025403784,0.5));
#2241 = PCURVE('',#1144,#2242);
#2242 = DEFINITIONAL_REPRESENTATION('',(#2243),#2247);
#2243 = LINE('',#2244,#2245);
#2244 = CARTESIAN_POINT('',(0.,0.));
#2245 = VECTOR('',#2246,1.);
#2246 = DIRECTION('',(-1.665334536938E-16,-1.));
#2247 = ( GEOMETRIC_REPRESENTATION_CONTEXT(2) 
PARAMETRIC_REPRESENTATION_CONTEXT() REPRESENTATION_CONTEXT('2D SPACE',''
  ) );
#2248 = PCURVE('',#2217,#2249);
#2249 = DEFINITIONAL_REPRESENTATION('',(#2250),#2254);
#2250 = LINE('',#2251,#2252);
#2251 = CARTESIAN_POINT('',(0.,0.));
#2252 = VECTOR('',#2253,1.);
#2253 = DIRECTION('',(0.,-1.));
#2254 = ( GEOMETRIC_REPRESENTATION_CONTEXT(2) 
PARAMETRIC_REPRESENTATION_CONTEXT() REPRESENTATION_CONTEXT('2D SPACE',''
  ) );
#2255 = ORIENTED_EDGE('',*,*,#2256,.T.);
#2256 = EDGE_CURVE('',#2234,#2257,#2259,.T.);
#2257 = VERTEX_POINT('',#2258);
#2258 = CARTESIAN_POINT('',(0.,-93.28766739736,53.131020348175));
#2259 = SURFACE_CURVE('',#2260,(#2264,#2271),.PCURVE_S1.);
#2260 = LINE('',#2261,#2262);
#2261 = CARTESIAN_POINT('',(0.,-95.62196580726,49.087896902209));
#2262 = VECTOR('',#2263,1.);
#2263 = DIRECTION('',(0.,0.5,0.866025403784));
#2264 = PCURVE('',#1144,#2265);
#2265 = DEFINITIONAL_REPRESENTATION('',(#2266),#2270);
#2266 = LINE('',#2267,#2268);
#2267 = CARTESIAN_POINT('',(-7.105427357601E-15,-105.));
#2268 = VECTOR('',#2269,1.);
#2269 = DIRECTION('',(1.,0.));
#2270 = ( GEOMETRIC_REPRESENTATION_CONTEXT(2) 
PARAMETRIC_REPRESENTATION_CONTEXT() REPRESENTATION_CONTEXT('2D SPACE',''
  ) );
#2271 = PCURVE('',#2272,#2277);
#2272 = PLANE('',#2273);
#2273 = AXIS2_PLACEMENT_3D('',#2274,#2275,#2276);
#2274 = CARTESIAN_POINT('',(0.,-101.1672444109,50.959328329208));
#2275 = DIRECTION('',(1.,0.,0.));
#2276 = DIRECTION('',(-0.,0.,1.));
#2277 = DEFINITIONAL_REPRESENTATION('',(#2278),#2282);
#2278 = LINE('',#2279,#2280);
#2279 = CARTESIAN_POINT('',(-1.871431426999,-5.545278603704));
#2280 = VECTOR('',#2281,1.);
#2281 = DIRECTION('',(0.866025403784,-0.5));
#2282 = ( GEOMETRIC_REPRESENTATION_CONTEXT(2) 
PARAMETRIC_REPRESENTATION_CONTEXT() REPRESENTATION_CONTEXT('2D SPACE',''
  ) );
#2283 = ORIENTED_EDGE('',*,*,#2284,.F.);
#2284 = EDGE_CURVE('',#1129,#2257,#2285,.T.);
#2285 = SURFACE_CURVE('',#2286,(#2290,#2297),.PCURVE_S1.);
#2286 = LINE('',#2287,#2288);
#2287 = CARTESIAN_POINT('',(0.,-2.355,0.631020348175));
#2288 = VECTOR('',#2289,1.);
#2289 = DIRECTION('',(0.,-0.866025403784,0.5));
#2290 = PCURVE('',#1144,#2291);
#2291 = DEFINITIONAL_REPRESENTATION('',(#2292),#2296);
#2292 = LINE('',#2293,#2294);
#2293 = CARTESIAN_POINT('',(4.668596819791,0.));
#2294 = VECTOR('',#2295,1.);
#2295 = DIRECTION('',(-1.665334536938E-16,-1.));
#2296 = ( GEOMETRIC_REPRESENTATION_CONTEXT(2) 
PARAMETRIC_REPRESENTATION_CONTEXT() REPRESENTATION_CONTEXT('2D SPACE',''
  ) );
#2297 = PCURVE('',#1928,#2298);
#2298 = DEFINITIONAL_REPRESENTATION('',(#2299),#2303);
#2299 = LINE('',#2300,#2301);
#2300 = CARTESIAN_POINT('',(0.,0.));
#2301 = VECTOR('',#2302,1.);
#2302 = DIRECTION('',(0.,-1.));
#2303 = ( GEOMETRIC_REPRESENTATION_CONTEXT(2) 
PARAMETRIC_REPRESENTATION_CONTEXT() REPRESENTATION_CONTEXT('2D SPACE',''
  ) );
#2304 = ORIENTED_EDGE('',*,*,#1128,.F.);
#2305 = ADVANCED_FACE('',(#2306),#1223,.T.);
#2306 = FACE_BOUND('',#2307,.T.);
#2307 = EDGE_LOOP('',(#2308,#2309,#2335,#2336));
#2308 = ORIENTED_EDGE('',*,*,#1299,.T.);
#2309 = ORIENTED_EDGE('',*,*,#2310,.T.);
#2310 = EDGE_CURVE('',#1272,#1970,#2311,.T.);
#2311 = SURFACE_CURVE('',#2312,(#2316,#2323),.PCURVE_S1.);
#2312 = LINE('',#2313,#2314);
#2313 = CARTESIAN_POINT('',(-5.574298409895,40.240522957502,
    -1.493628757302));
#2314 = VECTOR('',#2315,1.);
#2315 = DIRECTION('',(0.5,0.,-0.866025403784));
#2316 = PCURVE('',#1223,#2317);
#2317 = DEFINITIONAL_REPRESENTATION('',(#2318),#2322);
#2318 = LINE('',#2319,#2320);
#2319 = CARTESIAN_POINT('',(-1.053227341847,-3.269468930297));
#2320 = VECTOR('',#2321,1.);
#2321 = DIRECTION('',(0.866025403784,0.5));
#2322 = ( GEOMETRIC_REPRESENTATION_CONTEXT(2) 
PARAMETRIC_REPRESENTATION_CONTEXT() REPRESENTATION_CONTEXT('2D SPACE',''
  ) );
#2323 = PCURVE('',#2324,#2329);
#2324 = PLANE('',#2325);
#2325 = AXIS2_PLACEMENT_3D('',#2326,#2327,#2328);
#2326 = CARTESIAN_POINT('',(-4.328842735544,38.135062481146,
    -3.650821263853));
#2327 = DIRECTION('',(0.866025403784,-1.302020217225E-16,0.5));
#2328 = DIRECTION('',(-0.5,0.,0.866025403784));
#2329 = DEFINITIONAL_REPRESENTATION('',(#2330),#2334);
#2330 = LINE('',#2331,#2332);
#2331 = CARTESIAN_POINT('',(2.490911348703,-2.105460476356));
#2332 = VECTOR('',#2333,1.);
#2333 = DIRECTION('',(-1.,1.232595164408E-32));
#2334 = ( GEOMETRIC_REPRESENTATION_CONTEXT(2) 
PARAMETRIC_REPRESENTATION_CONTEXT() REPRESENTATION_CONTEXT('2D SPACE',''
  ) );
#2335 = ORIENTED_EDGE('',*,*,#1997,.F.);
#2336 = ORIENTED_EDGE('',*,*,#1209,.F.);
#2337 = ADVANCED_FACE('',(#2338),#1287,.F.);
#2338 = FACE_BOUND('',#2339,.F.);
#2339 = EDGE_LOOP('',(#2340,#2367,#2395,#2421));
#2340 = ORIENTED_EDGE('',*,*,#2341,.T.);
#2341 = EDGE_CURVE('',#1272,#2342,#2344,.T.);
#2342 = VERTEX_POINT('',#2343);
#2343 = CARTESIAN_POINT('',(-77.454406924,40.240522957502,-42.9936287573
    ));
#2344 = SURFACE_CURVE('',#2345,(#2349,#2356),.PCURVE_S1.);
#2345 = LINE('',#2346,#2347);
#2346 = CARTESIAN_POINT('',(-5.574298409895,40.240522957502,
    -1.493628757302));
#2347 = VECTOR('',#2348,1.);
#2348 = DIRECTION('',(-0.866025403784,0.,-0.5));
#2349 = PCURVE('',#1287,#2350);
#2350 = DEFINITIONAL_REPRESENTATION('',(#2351),#2355);
#2351 = LINE('',#2352,#2353);
#2352 = CARTESIAN_POINT('',(0.,0.));
#2353 = VECTOR('',#2354,1.);
#2354 = DIRECTION('',(0.,-1.));
#2355 = ( GEOMETRIC_REPRESENTATION_CONTEXT(2) 
PARAMETRIC_REPRESENTATION_CONTEXT() REPRESENTATION_CONTEXT('2D SPACE',''
  ) );
#2356 = PCURVE('',#2357,#2362);
#2357 = CYLINDRICAL_SURFACE('',#2358,10.348596819791);
#2358 = AXIS2_PLACEMENT_3D('',#2359,#2360,#2361);
#2359 = CARTESIAN_POINT('',(-0.4,40.240522957502,-10.45577649676));
#2360 = DIRECTION('',(0.866025403784,-0.,0.5));
#2361 = DIRECTION('',(0.5,0.,-0.866025403784));
#2362 = DEFINITIONAL_REPRESENTATION('',(#2363),#2366);
#2363 = B_SPLINE_CURVE_WITH_KNOTS('',1,(#2364,#2365),.UNSPECIFIED.,.F.,
  .F.,(2,2),(0.,83.),.PIECEWISE_BEZIER_KNOTS.);
#2364 = CARTESIAN_POINT('',(3.14159265359,0.));
#2365 = CARTESIAN_POINT('',(3.14159265359,-83.));
#2366 = ( GEOMETRIC_REPRESENTATION_CONTEXT(2) 
PARAMETRIC_REPRESENTATION_CONTEXT() REPRESENTATION_CONTEXT('2D SPACE',''
  ) );
#2367 = ORIENTED_EDGE('',*,*,#2368,.T.);
#2368 = EDGE_CURVE('',#2342,#2369,#2371,.T.);
#2369 = VERTEX_POINT('',#2370);
#2370 = CARTESIAN_POINT('',(-77.454406924,166.12113323481,-42.9936287573
    ));
#2371 = SURFACE_CURVE('',#2372,(#2376,#2383),.PCURVE_S1.);
#2372 = LINE('',#2373,#2374);
#2373 = CARTESIAN_POINT('',(-77.454406924,40.240522957502,-42.9936287573
    ));
#2374 = VECTOR('',#2375,1.);
#2375 = DIRECTION('',(0.,1.,0.));
#2376 = PCURVE('',#1287,#2377);
#2377 = DEFINITIONAL_REPRESENTATION('',(#2378),#2382);
#2378 = LINE('',#2379,#2380);
#2379 = CARTESIAN_POINT('',(0.,-83.));
#2380 = VECTOR('',#2381,1.);
#2381 = DIRECTION('',(1.,0.));
#2382 = ( GEOMETRIC_REPRESENTATION_CONTEXT(2) 
PARAMETRIC_REPRESENTATION_CONTEXT() REPRESENTATION_CONTEXT('2D SPACE',''
  ) );
#2383 = PCURVE('',#2384,#2389);
#2384 = PLANE('',#2385);
#2385 = AXIS2_PLACEMENT_3D('',#2386,#2387,#2388);
#2386 = CARTESIAN_POINT('',(-76.28725771905,103.18082809615,
    -45.01519048028));
#2387 = DIRECTION('',(0.866025403784,0.,0.5));
#2388 = DIRECTION('',(-0.5,0.,0.866025403784));
#2389 = DEFINITIONAL_REPRESENTATION('',(#2390),#2394);
#2390 = LINE('',#2391,#2392);
#2391 = CARTESIAN_POINT('',(2.334298409895,62.940305138657));
#2392 = VECTOR('',#2393,1.);
#2393 = DIRECTION('',(0.,-1.));
#2394 = ( GEOMETRIC_REPRESENTATION_CONTEXT(2) 
PARAMETRIC_REPRESENTATION_CONTEXT() REPRESENTATION_CONTEXT('2D SPACE',''
  ) );
#2395 = ORIENTED_EDGE('',*,*,#2396,.F.);
#2396 = EDGE_CURVE('',#1243,#2369,#2397,.T.);
#2397 = SURFACE_CURVE('',#2398,(#2402,#2409),.PCURVE_S1.);
#2398 = LINE('',#2399,#2400);
#2399 = CARTESIAN_POINT('',(-5.574298409895,166.12113323481,
    -1.493628757302));
#2400 = VECTOR('',#2401,1.);
#2401 = DIRECTION('',(-0.866025403784,0.,-0.5));
#2402 = PCURVE('',#1287,#2403);
#2403 = DEFINITIONAL_REPRESENTATION('',(#2404),#2408);
#2404 = LINE('',#2405,#2406);
#2405 = CARTESIAN_POINT('',(125.88061027731,0.));
#2406 = VECTOR('',#2407,1.);
#2407 = DIRECTION('',(0.,-1.));
#2408 = ( GEOMETRIC_REPRESENTATION_CONTEXT(2) 
PARAMETRIC_REPRESENTATION_CONTEXT() REPRESENTATION_CONTEXT('2D SPACE',''
  ) );
#2409 = PCURVE('',#2410,#2415);
#2410 = PLANE('',#2411);
#2411 = AXIS2_PLACEMENT_3D('',#2412,#2413,#2414);
#2412 = CARTESIAN_POINT('',(-5.574298409895,166.12113323481,
    -1.493628757302));
#2413 = DIRECTION('',(0.,-1.,-0.));
#2414 = DIRECTION('',(0.5,0.,-0.866025403784));
#2415 = DEFINITIONAL_REPRESENTATION('',(#2416),#2420);
#2416 = LINE('',#2417,#2418);
#2417 = CARTESIAN_POINT('',(0.,0.));
#2418 = VECTOR('',#2419,1.);
#2419 = DIRECTION('',(1.665334536938E-16,-1.));
#2420 = ( GEOMETRIC_REPRESENTATION_CONTEXT(2) 
PARAMETRIC_REPRESENTATION_CONTEXT() REPRESENTATION_CONTEXT('2D SPACE',''
  ) );
#2421 = ORIENTED_EDGE('',*,*,#1271,.F.);
#2422 = ADVANCED_FACE('',(#2423),#1259,.F.);
#2423 = FACE_BOUND('',#2424,.F.);
#2424 = EDGE_LOOP('',(#2425,#2426,#2447,#2448));
#2425 = ORIENTED_EDGE('',*,*,#1242,.T.);
#2426 = ORIENTED_EDGE('',*,*,#2427,.T.);
#2427 = EDGE_CURVE('',#1243,#1946,#2428,.T.);
#2428 = SURFACE_CURVE('',#2429,(#2433,#2440),.PCURVE_S1.);
#2429 = LINE('',#2430,#2431);
#2430 = CARTESIAN_POINT('',(-5.574298409895,166.12113323481,
    -1.493628757302));
#2431 = VECTOR('',#2432,1.);
#2432 = DIRECTION('',(0.5,0.,-0.866025403784));
#2433 = PCURVE('',#1259,#2434);
#2434 = DEFINITIONAL_REPRESENTATION('',(#2435),#2439);
#2435 = LINE('',#2436,#2437);
#2436 = CARTESIAN_POINT('',(-1.053227341847,-3.269468930297));
#2437 = VECTOR('',#2438,1.);
#2438 = DIRECTION('',(0.866025403784,0.5));
#2439 = ( GEOMETRIC_REPRESENTATION_CONTEXT(2) 
PARAMETRIC_REPRESENTATION_CONTEXT() REPRESENTATION_CONTEXT('2D SPACE',''
  ) );
#2440 = PCURVE('',#2410,#2441);
#2441 = DEFINITIONAL_REPRESENTATION('',(#2442),#2446);
#2442 = LINE('',#2443,#2444);
#2443 = CARTESIAN_POINT('',(0.,0.));
#2444 = VECTOR('',#2445,1.);
#2445 = DIRECTION('',(1.,0.));
#2446 = ( GEOMETRIC_REPRESENTATION_CONTEXT(2) 
PARAMETRIC_REPRESENTATION_CONTEXT() REPRESENTATION_CONTEXT('2D SPACE',''
  ) );
#2447 = ORIENTED_EDGE('',*,*,#1945,.F.);
#2448 = ORIENTED_EDGE('',*,*,#1324,.F.);
#2449 = ADVANCED_FACE('',(#2450),#1442,.T.);
#2450 = FACE_BOUND('',#2451,.T.);
#2451 = EDGE_LOOP('',(#2452,#2453,#2479,#2480));
#2452 = ORIENTED_EDGE('',*,*,#1515,.T.);
#2453 = ORIENTED_EDGE('',*,*,#2454,.T.);
#2454 = EDGE_CURVE('',#1488,#2048,#2455,.T.);
#2455 = SURFACE_CURVE('',#2456,(#2460,#2467),.PCURVE_S1.);
#2456 = LINE('',#2457,#2458);
#2457 = CARTESIAN_POINT('',(0.,215.46236799638,-5.254298409895));
#2458 = VECTOR('',#2459,1.);
#2459 = DIRECTION('',(0.,-0.866025403784,-0.5));
#2460 = PCURVE('',#1442,#2461);
#2461 = DEFINITIONAL_REPRESENTATION('',(#2462),#2466);
#2462 = LINE('',#2463,#2464);
#2463 = CARTESIAN_POINT('',(1.590976840534,-5.148590295555));
#2464 = VECTOR('',#2465,1.);
#2465 = DIRECTION('',(0.5,0.866025403784));
#2466 = ( GEOMETRIC_REPRESENTATION_CONTEXT(2) 
PARAMETRIC_REPRESENTATION_CONTEXT() REPRESENTATION_CONTEXT('2D SPACE',''
  ) );
#2467 = PCURVE('',#2468,#2473);
#2468 = PLANE('',#2469);
#2469 = AXIS2_PLACEMENT_3D('',#2470,#2471,#2472);
#2470 = CARTESIAN_POINT('',(0.,215.46236799638,-5.254298409895));
#2471 = DIRECTION('',(-1.,-0.,0.));
#2472 = DIRECTION('',(0.,-0.866025403784,-0.5));
#2473 = DEFINITIONAL_REPRESENTATION('',(#2474),#2478);
#2474 = LINE('',#2475,#2476);
#2475 = CARTESIAN_POINT('',(0.,0.));
#2476 = VECTOR('',#2477,1.);
#2477 = DIRECTION('',(1.,0.));
#2478 = ( GEOMETRIC_REPRESENTATION_CONTEXT(2) 
PARAMETRIC_REPRESENTATION_CONTEXT() REPRESENTATION_CONTEXT('2D SPACE',''
  ) );
#2479 = ORIENTED_EDGE('',*,*,#2075,.F.);
#2480 = ORIENTED_EDGE('',*,*,#1428,.F.);
#2481 = ADVANCED_FACE('',(#2482),#1503,.F.);
#2482 = FACE_BOUND('',#2483,.F.);
#2483 = EDGE_LOOP('',(#2484,#2485,#2508,#2536,#2562,#2588,#2614,#2642,
    #2668,#2694,#2720,#2748));
#2484 = ORIENTED_EDGE('',*,*,#1487,.F.);
#2485 = ORIENTED_EDGE('',*,*,#2486,.T.);
#2486 = EDGE_CURVE('',#1488,#2487,#2489,.T.);
#2487 = VERTEX_POINT('',#2488);
#2488 = CARTESIAN_POINT('',(0.,287.96236799638,-130.8279819586));
#2489 = SURFACE_CURVE('',#2490,(#2494,#2501),.PCURVE_S1.);
#2490 = LINE('',#2491,#2492);
#2491 = CARTESIAN_POINT('',(0.,215.46236799638,-5.254298409895));
#2492 = VECTOR('',#2493,1.);
#2493 = DIRECTION('',(-0.,0.5,-0.866025403784));
#2494 = PCURVE('',#1503,#2495);
#2495 = DEFINITIONAL_REPRESENTATION('',(#2496),#2500);
#2496 = LINE('',#2497,#2498);
#2497 = CARTESIAN_POINT('',(0.,0.));
#2498 = VECTOR('',#2499,1.);
#2499 = DIRECTION('',(0.,-1.));
#2500 = ( GEOMETRIC_REPRESENTATION_CONTEXT(2) 
PARAMETRIC_REPRESENTATION_CONTEXT() REPRESENTATION_CONTEXT('2D SPACE',''
  ) );
#2501 = PCURVE('',#2468,#2502);
#2502 = DEFINITIONAL_REPRESENTATION('',(#2503),#2507);
#2503 = LINE('',#2504,#2505);
#2504 = CARTESIAN_POINT('',(0.,0.));
#2505 = VECTOR('',#2506,1.);
#2506 = DIRECTION('',(2.720046410332E-15,-1.));
#2507 = ( GEOMETRIC_REPRESENTATION_CONTEXT(2) 
PARAMETRIC_REPRESENTATION_CONTEXT() REPRESENTATION_CONTEXT('2D SPACE',''
  ) );
#2508 = ORIENTED_EDGE('',*,*,#2509,.T.);
#2509 = EDGE_CURVE('',#2487,#2510,#2512,.T.);
#2510 = VERTEX_POINT('',#2511);
#2511 = CARTESIAN_POINT('',(27.833737916856,287.96236799638,
    -130.8279819586));
#2512 = SURFACE_CURVE('',#2513,(#2517,#2524),.PCURVE_S1.);
#2513 = LINE('',#2514,#2515);
#2514 = CARTESIAN_POINT('',(0.,287.96236799638,-130.8279819586));
#2515 = VECTOR('',#2516,1.);
#2516 = DIRECTION('',(1.,0.,0.));
#2517 = PCURVE('',#1503,#2518);
#2518 = DEFINITIONAL_REPRESENTATION('',(#2519),#2523);
#2519 = LINE('',#2520,#2521);
#2520 = CARTESIAN_POINT('',(0.,-145.));
#2521 = VECTOR('',#2522,1.);
#2522 = DIRECTION('',(1.,0.));
#2523 = ( GEOMETRIC_REPRESENTATION_CONTEXT(2) 
PARAMETRIC_REPRESENTATION_CONTEXT() REPRESENTATION_CONTEXT('2D SPACE',''
  ) );
#2524 = PCURVE('',#2525,#2530);
#2525 = PLANE('',#2526);
#2526 = AXIS2_PLACEMENT_3D('',#2527,#2528,#2529);
#2527 = CARTESIAN_POINT('',(112.07701633326,285.9408062734,
    -131.9951311635));
#2528 = DIRECTION('',(0.,-0.5,0.866025403784));
#2529 = DIRECTION('',(0.,0.866025403784,0.5));
#2530 = DEFINITIONAL_REPRESENTATION('',(#2531),#2535);
#2531 = LINE('',#2532,#2533);
#2532 = CARTESIAN_POINT('',(2.334298409896,112.07701633326));
#2533 = VECTOR('',#2534,1.);
#2534 = DIRECTION('',(0.,-1.));
#2535 = ( GEOMETRIC_REPRESENTATION_CONTEXT(2) 
PARAMETRIC_REPRESENTATION_CONTEXT() REPRESENTATION_CONTEXT('2D SPACE',''
  ) );
#2536 = ORIENTED_EDGE('',*,*,#2537,.F.);
#2537 = EDGE_CURVE('',#2538,#2510,#2540,.T.);
#2538 = VERTEX_POINT('',#2539);
#2539 = CARTESIAN_POINT('',(27.833737916856,282.38306958648,
    -121.1643536421));
#2540 = SURFACE_CURVE('',#2541,(#2545,#2551),.PCURVE_S1.);
#2541 = LINE('',#2542,#2543);
#2542 = CARTESIAN_POINT('',(27.833737916856,251.71236799638,
    -68.04114018426));
#2543 = VECTOR('',#2544,1.);
#2544 = DIRECTION('',(0.,0.5,-0.866025403784));
#2545 = PCURVE('',#1503,#2546);
#2546 = DEFINITIONAL_REPRESENTATION('',(#2547),#2550);
#2547 = B_SPLINE_CURVE_WITH_KNOTS('',1,(#2548,#2549),.UNSPECIFIED.,.F.,
  .F.,(2,2),(61.341403180209,72.5),.PIECEWISE_BEZIER_KNOTS.);
#2548 = CARTESIAN_POINT('',(27.833737916856,-133.8414031802));
#2549 = CARTESIAN_POINT('',(27.833737916856,-145.));
#2550 = ( GEOMETRIC_REPRESENTATION_CONTEXT(2) 
PARAMETRIC_REPRESENTATION_CONTEXT() REPRESENTATION_CONTEXT('2D SPACE',''
  ) );
#2551 = PCURVE('',#2552,#2557);
#2552 = PLANE('',#2553);
#2553 = AXIS2_PLACEMENT_3D('',#2554,#2555,#2556);
#2554 = CARTESIAN_POINT('',(27.833737916856,281.89768282743,
    -134.3294295734));
#2555 = DIRECTION('',(-1.,0.,0.));
#2556 = DIRECTION('',(0.,0.866025403784,0.5));
#2557 = DEFINITIONAL_REPRESENTATION('',(#2558),#2561);
#2558 = B_SPLINE_CURVE_WITH_KNOTS('',1,(#2559,#2560),.UNSPECIFIED.,.F.,
  .F.,(2,2),(61.341403180209,72.5),.PIECEWISE_BEZIER_KNOTS.);
#2559 = CARTESIAN_POINT('',(7.002895229686,-11.15859681979));
#2560 = CARTESIAN_POINT('',(7.002895229686,-1.42108547152E-14));
#2561 = ( GEOMETRIC_REPRESENTATION_CONTEXT(2) 
PARAMETRIC_REPRESENTATION_CONTEXT() REPRESENTATION_CONTEXT('2D SPACE',''
  ) );
#2562 = ORIENTED_EDGE('',*,*,#2563,.F.);
#2563 = EDGE_CURVE('',#2564,#2538,#2566,.T.);
#2564 = VERTEX_POINT('',#2565);
#2565 = CARTESIAN_POINT('',(32.502334736647,282.38306958648,
    -121.1643536421));
#2566 = SURFACE_CURVE('',#2567,(#2571,#2577),.PCURVE_S1.);
#2567 = LINE('',#2568,#2569);
#2568 = CARTESIAN_POINT('',(15.084018163376,282.38306958648,
    -121.1643536421));
#2569 = VECTOR('',#2570,1.);
#2570 = DIRECTION('',(-1.,-0.,0.));
#2571 = PCURVE('',#1503,#2572);
#2572 = DEFINITIONAL_REPRESENTATION('',(#2573),#2576);
#2573 = B_SPLINE_CURVE_WITH_KNOTS('',1,(#2574,#2575),.UNSPECIFIED.,.F.,
  .F.,(2,2),(-17.41831657327,-12.74971975348),.PIECEWISE_BEZIER_KNOTS.);
#2574 = CARTESIAN_POINT('',(32.502334736647,-133.8414031802));
#2575 = CARTESIAN_POINT('',(27.833737916856,-133.8414031802));
#2576 = ( GEOMETRIC_REPRESENTATION_CONTEXT(2) 
PARAMETRIC_REPRESENTATION_CONTEXT() REPRESENTATION_CONTEXT('2D SPACE',''
  ) );
#2577 = PCURVE('',#2578,#2583);
#2578 = PLANE('',#2579);
#2579 = AXIS2_PLACEMENT_3D('',#2580,#2581,#2582);
#2580 = CARTESIAN_POINT('',(30.168036326751,280.3615078635,
    -122.331502847));
#2581 = DIRECTION('',(0.,-0.5,0.866025403784));
#2582 = DIRECTION('',(0.,0.866025403784,0.5));
#2583 = DEFINITIONAL_REPRESENTATION('',(#2584),#2587);
#2584 = B_SPLINE_CURVE_WITH_KNOTS('',1,(#2585,#2586),.UNSPECIFIED.,.F.,
  .F.,(2,2),(-17.41831657327,-12.74971975348),.PIECEWISE_BEZIER_KNOTS.);
#2585 = CARTESIAN_POINT('',(2.334298409895,-2.334298409895));
#2586 = CARTESIAN_POINT('',(2.334298409895,2.334298409895));
#2587 = ( GEOMETRIC_REPRESENTATION_CONTEXT(2) 
PARAMETRIC_REPRESENTATION_CONTEXT() REPRESENTATION_CONTEXT('2D SPACE',''
  ) );
#2588 = ORIENTED_EDGE('',*,*,#2589,.T.);
#2589 = EDGE_CURVE('',#2564,#2590,#2592,.T.);
#2590 = VERTEX_POINT('',#2591);
#2591 = CARTESIAN_POINT('',(32.502334736647,287.96236799638,
    -130.8279819586));
#2592 = SURFACE_CURVE('',#2593,(#2597,#2603),.PCURVE_S1.);
#2593 = LINE('',#2594,#2595);
#2594 = CARTESIAN_POINT('',(32.502334736647,251.71236799638,
    -68.04114018426));
#2595 = VECTOR('',#2596,1.);
#2596 = DIRECTION('',(0.,0.5,-0.866025403784));
#2597 = PCURVE('',#1503,#2598);
#2598 = DEFINITIONAL_REPRESENTATION('',(#2599),#2602);
#2599 = B_SPLINE_CURVE_WITH_KNOTS('',1,(#2600,#2601),.UNSPECIFIED.,.F.,
  .F.,(2,2),(61.341403180209,72.5),.PIECEWISE_BEZIER_KNOTS.);
#2600 = CARTESIAN_POINT('',(32.502334736647,-133.8414031802));
#2601 = CARTESIAN_POINT('',(32.502334736647,-145.));
#2602 = ( GEOMETRIC_REPRESENTATION_CONTEXT(2) 
PARAMETRIC_REPRESENTATION_CONTEXT() REPRESENTATION_CONTEXT('2D SPACE',''
  ) );
#2603 = PCURVE('',#2604,#2609);
#2604 = PLANE('',#2605);
#2605 = AXIS2_PLACEMENT_3D('',#2606,#2607,#2608);
#2606 = CARTESIAN_POINT('',(32.502334736647,281.89768282743,
    -134.3294295734));
#2607 = DIRECTION('',(-1.,0.,0.));
#2608 = DIRECTION('',(0.,0.866025403784,0.5));
#2609 = DEFINITIONAL_REPRESENTATION('',(#2610),#2613);
#2610 = B_SPLINE_CURVE_WITH_KNOTS('',1,(#2611,#2612),.UNSPECIFIED.,.F.,
  .F.,(2,2),(61.341403180209,72.5),.PIECEWISE_BEZIER_KNOTS.);
#2611 = CARTESIAN_POINT('',(7.002895229686,-11.15859681979));
#2612 = CARTESIAN_POINT('',(7.002895229686,-1.42108547152E-14));
#2613 = ( GEOMETRIC_REPRESENTATION_CONTEXT(2) 
PARAMETRIC_REPRESENTATION_CONTEXT() REPRESENTATION_CONTEXT('2D SPACE',''
  ) );
#2614 = ORIENTED_EDGE('',*,*,#2615,.T.);
#2615 = EDGE_CURVE('',#2590,#2616,#2618,.T.);
#2616 = VERTEX_POINT('',#2617);
#2617 = CARTESIAN_POINT('',(191.65169792988,287.96236799638,
    -130.8279819586));
#2618 = SURFACE_CURVE('',#2619,(#2623,#2630),.PCURVE_S1.);
#2619 = LINE('',#2620,#2621);
#2620 = CARTESIAN_POINT('',(32.502334736647,287.96236799638,
    -130.8279819586));
#2621 = VECTOR('',#2622,1.);
#2622 = DIRECTION('',(1.,0.,0.));
#2623 = PCURVE('',#1503,#2624);
#2624 = DEFINITIONAL_REPRESENTATION('',(#2625),#2629);
#2625 = LINE('',#2626,#2627);
#2626 = CARTESIAN_POINT('',(32.502334736647,-145.));
#2627 = VECTOR('',#2628,1.);
#2628 = DIRECTION('',(1.,0.));
#2629 = ( GEOMETRIC_REPRESENTATION_CONTEXT(2) 
PARAMETRIC_REPRESENTATION_CONTEXT() REPRESENTATION_CONTEXT('2D SPACE',''
  ) );
#2630 = PCURVE('',#2631,#2636);
#2631 = CYLINDRICAL_SURFACE('',#2632,6.49);
#2632 = AXIS2_PLACEMENT_3D('',#2633,#2634,#2635);
#2633 = CARTESIAN_POINT('',(32.502334736647,293.58287286694,
    -127.5829819586));
#2634 = DIRECTION('',(-1.,0.,-0.));
#2635 = DIRECTION('',(0.,0.866025403784,0.5));
#2636 = DEFINITIONAL_REPRESENTATION('',(#2637),#2641);
#2637 = LINE('',#2638,#2639);
#2638 = CARTESIAN_POINT('',(-3.14159265359,0.));
#2639 = VECTOR('',#2640,1.);
#2640 = DIRECTION('',(-0.,-1.));
#2641 = ( GEOMETRIC_REPRESENTATION_CONTEXT(2) 
PARAMETRIC_REPRESENTATION_CONTEXT() REPRESENTATION_CONTEXT('2D SPACE',''
  ) );
#2642 = ORIENTED_EDGE('',*,*,#2643,.F.);
#2643 = EDGE_CURVE('',#2644,#2616,#2646,.T.);
#2644 = VERTEX_POINT('',#2645);
#2645 = CARTESIAN_POINT('',(191.65169792988,282.38306958648,
    -121.1643536421));
#2646 = SURFACE_CURVE('',#2647,(#2651,#2657),.PCURVE_S1.);
#2647 = LINE('',#2648,#2649);
#2648 = CARTESIAN_POINT('',(191.65169792988,251.71236799638,
    -68.04114018426));
#2649 = VECTOR('',#2650,1.);
#2650 = DIRECTION('',(0.,0.5,-0.866025403784));
#2651 = PCURVE('',#1503,#2652);
#2652 = DEFINITIONAL_REPRESENTATION('',(#2653),#2656);
#2653 = B_SPLINE_CURVE_WITH_KNOTS('',1,(#2654,#2655),.UNSPECIFIED.,.F.,
  .F.,(2,2),(61.341403180209,72.5),.PIECEWISE_BEZIER_KNOTS.);
#2654 = CARTESIAN_POINT('',(191.65169792988,-133.8414031802));
#2655 = CARTESIAN_POINT('',(191.65169792988,-145.));
#2656 = ( GEOMETRIC_REPRESENTATION_CONTEXT(2) 
PARAMETRIC_REPRESENTATION_CONTEXT() REPRESENTATION_CONTEXT('2D SPACE',''
  ) );
#2657 = PCURVE('',#2658,#2663);
#2658 = PLANE('',#2659);
#2659 = AXIS2_PLACEMENT_3D('',#2660,#2661,#2662);
#2660 = CARTESIAN_POINT('',(191.65169792988,281.89768282743,
    -134.3294295734));
#2661 = DIRECTION('',(-1.,0.,0.));
#2662 = DIRECTION('',(0.,0.866025403784,0.5));
#2663 = DEFINITIONAL_REPRESENTATION('',(#2664),#2667);
#2664 = B_SPLINE_CURVE_WITH_KNOTS('',1,(#2665,#2666),.UNSPECIFIED.,.F.,
  .F.,(2,2),(61.341403180209,72.5),.PIECEWISE_BEZIER_KNOTS.);
#2665 = CARTESIAN_POINT('',(7.002895229686,-11.15859681979));
#2666 = CARTESIAN_POINT('',(7.002895229686,-1.42108547152E-14));
#2667 = ( GEOMETRIC_REPRESENTATION_CONTEXT(2) 
PARAMETRIC_REPRESENTATION_CONTEXT() REPRESENTATION_CONTEXT('2D SPACE',''
  ) );
#2668 = ORIENTED_EDGE('',*,*,#2669,.T.);
#2669 = EDGE_CURVE('',#2644,#2670,#2672,.T.);
#2670 = VERTEX_POINT('',#2671);
#2671 = CARTESIAN_POINT('',(196.32029474967,282.38306958648,
    -121.1643536421));
#2672 = SURFACE_CURVE('',#2673,(#2677,#2683),.PCURVE_S1.);
#2673 = LINE('',#2674,#2675);
#2674 = CARTESIAN_POINT('',(96.992998169888,282.38306958648,
    -121.1643536421));
#2675 = VECTOR('',#2676,1.);
#2676 = DIRECTION('',(1.,0.,0.));
#2677 = PCURVE('',#1503,#2678);
#2678 = DEFINITIONAL_REPRESENTATION('',(#2679),#2682);
#2679 = B_SPLINE_CURVE_WITH_KNOTS('',1,(#2680,#2681),.UNSPECIFIED.,.F.,
  .F.,(2,2),(94.658699759993,99.327296579784),.PIECEWISE_BEZIER_KNOTS.);
#2680 = CARTESIAN_POINT('',(191.65169792988,-133.8414031802));
#2681 = CARTESIAN_POINT('',(196.32029474967,-133.8414031802));
#2682 = ( GEOMETRIC_REPRESENTATION_CONTEXT(2) 
PARAMETRIC_REPRESENTATION_CONTEXT() REPRESENTATION_CONTEXT('2D SPACE',''
  ) );
#2683 = PCURVE('',#2684,#2689);
#2684 = PLANE('',#2685);
#2685 = AXIS2_PLACEMENT_3D('',#2686,#2687,#2688);
#2686 = CARTESIAN_POINT('',(193.98599633977,280.3615078635,
    -122.331502847));
#2687 = DIRECTION('',(-0.,0.5,-0.866025403784));
#2688 = DIRECTION('',(0.,-0.866025403784,-0.5));
#2689 = DEFINITIONAL_REPRESENTATION('',(#2690),#2693);
#2690 = B_SPLINE_CURVE_WITH_KNOTS('',1,(#2691,#2692),.UNSPECIFIED.,.F.,
  .F.,(2,2),(94.658699759993,99.327296579784),.PIECEWISE_BEZIER_KNOTS.);
#2691 = CARTESIAN_POINT('',(-2.334298409895,2.334298409895));
#2692 = CARTESIAN_POINT('',(-2.334298409895,-2.334298409895));
#2693 = ( GEOMETRIC_REPRESENTATION_CONTEXT(2) 
PARAMETRIC_REPRESENTATION_CONTEXT() REPRESENTATION_CONTEXT('2D SPACE',''
  ) );
#2694 = ORIENTED_EDGE('',*,*,#2695,.T.);
#2695 = EDGE_CURVE('',#2670,#2696,#2698,.T.);
#2696 = VERTEX_POINT('',#2697);
#2697 = CARTESIAN_POINT('',(196.32029474967,287.96236799638,
    -130.8279819586));
#2698 = SURFACE_CURVE('',#2699,(#2703,#2709),.PCURVE_S1.);
#2699 = LINE('',#2700,#2701);
#2700 = CARTESIAN_POINT('',(196.32029474967,251.71236799638,
    -68.04114018426));
#2701 = VECTOR('',#2702,1.);
#2702 = DIRECTION('',(0.,0.5,-0.866025403784));
#2703 = PCURVE('',#1503,#2704);
#2704 = DEFINITIONAL_REPRESENTATION('',(#2705),#2708);
#2705 = B_SPLINE_CURVE_WITH_KNOTS('',1,(#2706,#2707),.UNSPECIFIED.,.F.,
  .F.,(2,2),(61.341403180209,72.5),.PIECEWISE_BEZIER_KNOTS.);
#2706 = CARTESIAN_POINT('',(196.32029474967,-133.8414031802));
#2707 = CARTESIAN_POINT('',(196.32029474967,-145.));
#2708 = ( GEOMETRIC_REPRESENTATION_CONTEXT(2) 
PARAMETRIC_REPRESENTATION_CONTEXT() REPRESENTATION_CONTEXT('2D SPACE',''
  ) );
#2709 = PCURVE('',#2710,#2715);
#2710 = PLANE('',#2711);
#2711 = AXIS2_PLACEMENT_3D('',#2712,#2713,#2714);
#2712 = CARTESIAN_POINT('',(196.32029474967,281.89768282743,
    -134.3294295734));
#2713 = DIRECTION('',(-1.,0.,0.));
#2714 = DIRECTION('',(0.,0.866025403784,0.5));
#2715 = DEFINITIONAL_REPRESENTATION('',(#2716),#2719);
#2716 = B_SPLINE_CURVE_WITH_KNOTS('',1,(#2717,#2718),.UNSPECIFIED.,.F.,
  .F.,(2,2),(61.341403180209,72.5),.PIECEWISE_BEZIER_KNOTS.);
#2717 = CARTESIAN_POINT('',(7.002895229686,-11.15859681979));
#2718 = CARTESIAN_POINT('',(7.002895229686,-1.42108547152E-14));
#2719 = ( GEOMETRIC_REPRESENTATION_CONTEXT(2) 
PARAMETRIC_REPRESENTATION_CONTEXT() REPRESENTATION_CONTEXT('2D SPACE',''
  ) );
#2720 = ORIENTED_EDGE('',*,*,#2721,.T.);
#2721 = EDGE_CURVE('',#2696,#2722,#2724,.T.);
#2722 = VERTEX_POINT('',#2723);
#2723 = CARTESIAN_POINT('',(224.15403266652,287.96236799638,
    -130.8279819586));
#2724 = SURFACE_CURVE('',#2725,(#2729,#2736),.PCURVE_S1.);
#2725 = LINE('',#2726,#2727);
#2726 = CARTESIAN_POINT('',(0.,287.96236799638,-130.8279819586));
#2727 = VECTOR('',#2728,1.);
#2728 = DIRECTION('',(1.,0.,0.));
#2729 = PCURVE('',#1503,#2730);
#2730 = DEFINITIONAL_REPRESENTATION('',(#2731),#2735);
#2731 = LINE('',#2732,#2733);
#2732 = CARTESIAN_POINT('',(0.,-145.));
#2733 = VECTOR('',#2734,1.);
#2734 = DIRECTION('',(1.,0.));
#2735 = ( GEOMETRIC_REPRESENTATION_CONTEXT(2) 
PARAMETRIC_REPRESENTATION_CONTEXT() REPRESENTATION_CONTEXT('2D SPACE',''
  ) );
#2736 = PCURVE('',#2737,#2742);
#2737 = PLANE('',#2738);
#2738 = AXIS2_PLACEMENT_3D('',#2739,#2740,#2741);
#2739 = CARTESIAN_POINT('',(112.07701633326,285.9408062734,
    -131.9951311635));
#2740 = DIRECTION('',(0.,-0.5,0.866025403784));
#2741 = DIRECTION('',(0.,0.866025403784,0.5));
#2742 = DEFINITIONAL_REPRESENTATION('',(#2743),#2747);
#2743 = LINE('',#2744,#2745);
#2744 = CARTESIAN_POINT('',(2.334298409896,112.07701633326));
#2745 = VECTOR('',#2746,1.);
#2746 = DIRECTION('',(0.,-1.));
#2747 = ( GEOMETRIC_REPRESENTATION_CONTEXT(2) 
PARAMETRIC_REPRESENTATION_CONTEXT() REPRESENTATION_CONTEXT('2D SPACE',''
  ) );
#2748 = ORIENTED_EDGE('',*,*,#2749,.F.);
#2749 = EDGE_CURVE('',#1459,#2722,#2750,.T.);
#2750 = SURFACE_CURVE('',#2751,(#2755,#2762),.PCURVE_S1.);
#2751 = LINE('',#2752,#2753);
#2752 = CARTESIAN_POINT('',(224.15403266652,215.46236799638,
    -5.254298409895));
#2753 = VECTOR('',#2754,1.);
#2754 = DIRECTION('',(-0.,0.5,-0.866025403784));
#2755 = PCURVE('',#1503,#2756);
#2756 = DEFINITIONAL_REPRESENTATION('',(#2757),#2761);
#2757 = LINE('',#2758,#2759);
#2758 = CARTESIAN_POINT('',(224.15403266652,0.));
#2759 = VECTOR('',#2760,1.);
#2760 = DIRECTION('',(0.,-1.));
#2761 = ( GEOMETRIC_REPRESENTATION_CONTEXT(2) 
PARAMETRIC_REPRESENTATION_CONTEXT() REPRESENTATION_CONTEXT('2D SPACE',''
  ) );
#2762 = PCURVE('',#2763,#2768);
#2763 = PLANE('',#2764);
#2764 = AXIS2_PLACEMENT_3D('',#2765,#2766,#2767);
#2765 = CARTESIAN_POINT('',(224.15403266652,215.46236799638,
    -5.254298409895));
#2766 = DIRECTION('',(-1.,-0.,0.));
#2767 = DIRECTION('',(0.,-0.866025403784,-0.5));
#2768 = DEFINITIONAL_REPRESENTATION('',(#2769),#2773);
#2769 = LINE('',#2770,#2771);
#2770 = CARTESIAN_POINT('',(0.,0.));
#2771 = VECTOR('',#2772,1.);
#2772 = DIRECTION('',(2.720046410332E-15,-1.));
#2773 = ( GEOMETRIC_REPRESENTATION_CONTEXT(2) 
PARAMETRIC_REPRESENTATION_CONTEXT() REPRESENTATION_CONTEXT('2D SPACE',''
  ) );
#2774 = ADVANCED_FACE('',(#2775),#1475,.F.);
#2775 = FACE_BOUND('',#2776,.F.);
#2776 = EDGE_LOOP('',(#2777,#2778,#2799,#2800));
#2777 = ORIENTED_EDGE('',*,*,#1458,.T.);
#2778 = ORIENTED_EDGE('',*,*,#2779,.T.);
#2779 = EDGE_CURVE('',#1459,#2024,#2780,.T.);
#2780 = SURFACE_CURVE('',#2781,(#2785,#2792),.PCURVE_S1.);
#2781 = LINE('',#2782,#2783);
#2782 = CARTESIAN_POINT('',(224.15403266652,215.46236799638,
    -5.254298409895));
#2783 = VECTOR('',#2784,1.);
#2784 = DIRECTION('',(0.,-0.866025403784,-0.5));
#2785 = PCURVE('',#1475,#2786);
#2786 = DEFINITIONAL_REPRESENTATION('',(#2787),#2791);
#2787 = LINE('',#2788,#2789);
#2788 = CARTESIAN_POINT('',(1.590976840534,-5.148590295555));
#2789 = VECTOR('',#2790,1.);
#2790 = DIRECTION('',(0.5,0.866025403784));
#2791 = ( GEOMETRIC_REPRESENTATION_CONTEXT(2) 
PARAMETRIC_REPRESENTATION_CONTEXT() REPRESENTATION_CONTEXT('2D SPACE',''
  ) );
#2792 = PCURVE('',#2763,#2793);
#2793 = DEFINITIONAL_REPRESENTATION('',(#2794),#2798);
#2794 = LINE('',#2795,#2796);
#2795 = CARTESIAN_POINT('',(0.,0.));
#2796 = VECTOR('',#2797,1.);
#2797 = DIRECTION('',(1.,0.));
#2798 = ( GEOMETRIC_REPRESENTATION_CONTEXT(2) 
PARAMETRIC_REPRESENTATION_CONTEXT() REPRESENTATION_CONTEXT('2D SPACE',''
  ) );
#2799 = ORIENTED_EDGE('',*,*,#2023,.F.);
#2800 = ORIENTED_EDGE('',*,*,#1563,.F.);
#2801 = ADVANCED_FACE('',(#2802),#1655,.T.);
#2802 = FACE_BOUND('',#2803,.T.);
#2803 = EDGE_LOOP('',(#2804,#2805,#2831,#2832));
#2804 = ORIENTED_EDGE('',*,*,#1674,.T.);
#2805 = ORIENTED_EDGE('',*,*,#2806,.T.);
#2806 = EDGE_CURVE('',#1675,#2102,#2807,.T.);
#2807 = SURFACE_CURVE('',#2808,(#2812,#2819),.PCURVE_S1.);
#2808 = LINE('',#2809,#2810);
#2809 = CARTESIAN_POINT('',(229.72833107642,166.12113323481,
    -1.493628757302));
#2810 = VECTOR('',#2811,1.);
#2811 = DIRECTION('',(-0.5,0.,-0.866025403784));
#2812 = PCURVE('',#1655,#2813);
#2813 = DEFINITIONAL_REPRESENTATION('',(#2814),#2818);
#2814 = LINE('',#2815,#2816);
#2815 = CARTESIAN_POINT('',(1.053227341847,3.269468930297));
#2816 = VECTOR('',#2817,1.);
#2817 = DIRECTION('',(-0.866025403784,-0.5));
#2818 = ( GEOMETRIC_REPRESENTATION_CONTEXT(2) 
PARAMETRIC_REPRESENTATION_CONTEXT() REPRESENTATION_CONTEXT('2D SPACE',''
  ) );
#2819 = PCURVE('',#2820,#2825);
#2820 = PLANE('',#2821);
#2821 = AXIS2_PLACEMENT_3D('',#2822,#2823,#2824);
#2822 = CARTESIAN_POINT('',(229.72833107642,166.12113323481,
    -1.493628757302));
#2823 = DIRECTION('',(0.,1.,0.));
#2824 = DIRECTION('',(-0.5,0.,-0.866025403784));
#2825 = DEFINITIONAL_REPRESENTATION('',(#2826),#2830);
#2826 = LINE('',#2827,#2828);
#2827 = CARTESIAN_POINT('',(0.,0.));
#2828 = VECTOR('',#2829,1.);
#2829 = DIRECTION('',(1.,0.));
#2830 = ( GEOMETRIC_REPRESENTATION_CONTEXT(2) 
PARAMETRIC_REPRESENTATION_CONTEXT() REPRESENTATION_CONTEXT('2D SPACE',''
  ) );
#2831 = ORIENTED_EDGE('',*,*,#2101,.F.);
#2832 = ORIENTED_EDGE('',*,*,#1641,.F.);
#2833 = ADVANCED_FACE('',(#2834),#1714,.T.);
#2834 = FACE_BOUND('',#2835,.T.);
#2835 = EDGE_LOOP('',(#2836,#2864,#2891,#2912));
#2836 = ORIENTED_EDGE('',*,*,#2837,.T.);
#2837 = EDGE_CURVE('',#1699,#2838,#2840,.T.);
#2838 = VERTEX_POINT('',#2839);
#2839 = CARTESIAN_POINT('',(301.60843959053,40.240522957502,
    -42.9936287573));
#2840 = SURFACE_CURVE('',#2841,(#2845,#2852),.PCURVE_S1.);
#2841 = LINE('',#2842,#2843);
#2842 = CARTESIAN_POINT('',(229.72833107642,40.240522957502,
    -1.493628757302));
#2843 = VECTOR('',#2844,1.);
#2844 = DIRECTION('',(0.866025403784,0.,-0.5));
#2845 = PCURVE('',#1714,#2846);
#2846 = DEFINITIONAL_REPRESENTATION('',(#2847),#2851);
#2847 = LINE('',#2848,#2849);
#2848 = CARTESIAN_POINT('',(0.,0.));
#2849 = VECTOR('',#2850,1.);
#2850 = DIRECTION('',(0.,-1.));
#2851 = ( GEOMETRIC_REPRESENTATION_CONTEXT(2) 
PARAMETRIC_REPRESENTATION_CONTEXT() REPRESENTATION_CONTEXT('2D SPACE',''
  ) );
#2852 = PCURVE('',#2853,#2858);
#2853 = PLANE('',#2854);
#2854 = AXIS2_PLACEMENT_3D('',#2855,#2856,#2857);
#2855 = CARTESIAN_POINT('',(229.72833107642,40.240522957502,
    -1.493628757302));
#2856 = DIRECTION('',(0.,1.,0.));
#2857 = DIRECTION('',(-0.5,0.,-0.866025403784));
#2858 = DEFINITIONAL_REPRESENTATION('',(#2859),#2863);
#2859 = LINE('',#2860,#2861);
#2860 = CARTESIAN_POINT('',(0.,0.));
#2861 = VECTOR('',#2862,1.);
#2862 = DIRECTION('',(8.326672684689E-16,-1.));
#2863 = ( GEOMETRIC_REPRESENTATION_CONTEXT(2) 
PARAMETRIC_REPRESENTATION_CONTEXT() REPRESENTATION_CONTEXT('2D SPACE',''
  ) );
#2864 = ORIENTED_EDGE('',*,*,#2865,.T.);
#2865 = EDGE_CURVE('',#2838,#2866,#2868,.T.);
#2866 = VERTEX_POINT('',#2867);
#2867 = CARTESIAN_POINT('',(301.60843959053,166.12113323481,
    -42.9936287573));
#2868 = SURFACE_CURVE('',#2869,(#2873,#2880),.PCURVE_S1.);
#2869 = LINE('',#2870,#2871);
#2870 = CARTESIAN_POINT('',(301.60843959053,40.240522957502,
    -42.9936287573));
#2871 = VECTOR('',#2872,1.);
#2872 = DIRECTION('',(0.,1.,0.));
#2873 = PCURVE('',#1714,#2874);
#2874 = DEFINITIONAL_REPRESENTATION('',(#2875),#2879);
#2875 = LINE('',#2876,#2877);
#2876 = CARTESIAN_POINT('',(0.,-83.));
#2877 = VECTOR('',#2878,1.);
#2878 = DIRECTION('',(1.,0.));
#2879 = ( GEOMETRIC_REPRESENTATION_CONTEXT(2) 
PARAMETRIC_REPRESENTATION_CONTEXT() REPRESENTATION_CONTEXT('2D SPACE',''
  ) );
#2880 = PCURVE('',#2881,#2886);
#2881 = CYLINDRICAL_SURFACE('',#2882,9.618596819791);
#2882 = AXIS2_PLACEMENT_3D('',#2883,#2884,#2885);
#2883 = CARTESIAN_POINT('',(296.79914118063,40.240522957502,
    -51.323577952));
#2884 = DIRECTION('',(-0.,-1.,-0.));
#2885 = DIRECTION('',(-0.5,0.,-0.866025403784));
#2886 = DEFINITIONAL_REPRESENTATION('',(#2887),#2890);
#2887 = B_SPLINE_CURVE_WITH_KNOTS('',1,(#2888,#2889),.UNSPECIFIED.,.F.,
  .F.,(2,2),(0.,125.88061027731),.PIECEWISE_BEZIER_KNOTS.);
#2888 = CARTESIAN_POINT('',(-3.14159265359,0.));
#2889 = CARTESIAN_POINT('',(-3.14159265359,-125.8806102773));
#2890 = ( GEOMETRIC_REPRESENTATION_CONTEXT(2) 
PARAMETRIC_REPRESENTATION_CONTEXT() REPRESENTATION_CONTEXT('2D SPACE',''
  ) );
#2891 = ORIENTED_EDGE('',*,*,#2892,.F.);
#2892 = EDGE_CURVE('',#1675,#2866,#2893,.T.);
#2893 = SURFACE_CURVE('',#2894,(#2898,#2905),.PCURVE_S1.);
#2894 = LINE('',#2895,#2896);
#2895 = CARTESIAN_POINT('',(229.72833107642,166.12113323481,
    -1.493628757302));
#2896 = VECTOR('',#2897,1.);
#2897 = DIRECTION('',(0.866025403784,0.,-0.5));
#2898 = PCURVE('',#1714,#2899);
#2899 = DEFINITIONAL_REPRESENTATION('',(#2900),#2904);
#2900 = LINE('',#2901,#2902);
#2901 = CARTESIAN_POINT('',(125.88061027731,0.));
#2902 = VECTOR('',#2903,1.);
#2903 = DIRECTION('',(0.,-1.));
#2904 = ( GEOMETRIC_REPRESENTATION_CONTEXT(2) 
PARAMETRIC_REPRESENTATION_CONTEXT() REPRESENTATION_CONTEXT('2D SPACE',''
  ) );
#2905 = PCURVE('',#2820,#2906);
#2906 = DEFINITIONAL_REPRESENTATION('',(#2907),#2911);
#2907 = LINE('',#2908,#2909);
#2908 = CARTESIAN_POINT('',(0.,0.));
#2909 = VECTOR('',#2910,1.);
#2910 = DIRECTION('',(8.326672684689E-16,-1.));
#2911 = ( GEOMETRIC_REPRESENTATION_CONTEXT(2) 
PARAMETRIC_REPRESENTATION_CONTEXT() REPRESENTATION_CONTEXT('2D SPACE',''
  ) );
#2912 = ORIENTED_EDGE('',*,*,#1698,.F.);
#2913 = ADVANCED_FACE('',(#2914),#1741,.F.);
#2914 = FACE_BOUND('',#2915,.F.);
#2915 = EDGE_LOOP('',(#2916,#2917,#2938,#2939));
#2916 = ORIENTED_EDGE('',*,*,#1726,.T.);
#2917 = ORIENTED_EDGE('',*,*,#2918,.T.);
#2918 = EDGE_CURVE('',#1699,#2126,#2919,.T.);
#2919 = SURFACE_CURVE('',#2920,(#2924,#2931),.PCURVE_S1.);
#2920 = LINE('',#2921,#2922);
#2921 = CARTESIAN_POINT('',(229.72833107642,40.240522957502,
    -1.493628757302));
#2922 = VECTOR('',#2923,1.);
#2923 = DIRECTION('',(-0.5,0.,-0.866025403784));
#2924 = PCURVE('',#1741,#2925);
#2925 = DEFINITIONAL_REPRESENTATION('',(#2926),#2930);
#2926 = LINE('',#2927,#2928);
#2927 = CARTESIAN_POINT('',(1.053227341847,3.269468930297));
#2928 = VECTOR('',#2929,1.);
#2929 = DIRECTION('',(-0.866025403784,-0.5));
#2930 = ( GEOMETRIC_REPRESENTATION_CONTEXT(2) 
PARAMETRIC_REPRESENTATION_CONTEXT() REPRESENTATION_CONTEXT('2D SPACE',''
  ) );
#2931 = PCURVE('',#2853,#2932);
#2932 = DEFINITIONAL_REPRESENTATION('',(#2933),#2937);
#2933 = LINE('',#2934,#2935);
#2934 = CARTESIAN_POINT('',(0.,0.));
#2935 = VECTOR('',#2936,1.);
#2936 = DIRECTION('',(1.,0.));
#2937 = ( GEOMETRIC_REPRESENTATION_CONTEXT(2) 
PARAMETRIC_REPRESENTATION_CONTEXT() REPRESENTATION_CONTEXT('2D SPACE',''
  ) );
#2938 = ORIENTED_EDGE('',*,*,#2153,.F.);
#2939 = ORIENTED_EDGE('',*,*,#1756,.F.);
#2940 = ADVANCED_FACE('',(#2941),#1872,.F.);
#2941 = FACE_BOUND('',#2942,.F.);
#2942 = EDGE_LOOP('',(#2943,#2944,#2970,#2971));
#2943 = ORIENTED_EDGE('',*,*,#2179,.T.);
#2944 = ORIENTED_EDGE('',*,*,#2945,.T.);
#2945 = EDGE_CURVE('',#2180,#1891,#2946,.T.);
#2946 = SURFACE_CURVE('',#2947,(#2951,#2958),.PCURVE_S1.);
#2947 = LINE('',#2948,#2949);
#2948 = CARTESIAN_POINT('',(224.15403266652,-4.689298409895,
    -3.412103097791));
#2949 = VECTOR('',#2950,1.);
#2950 = DIRECTION('',(0.,0.5,0.866025403784));
#2951 = PCURVE('',#1872,#2952);
#2952 = DEFINITIONAL_REPRESENTATION('',(#2953),#2957);
#2953 = LINE('',#2954,#2955);
#2954 = CARTESIAN_POINT('',(1.1641729471,2.824926645026));
#2955 = VECTOR('',#2956,1.);
#2956 = DIRECTION('',(-0.866025403784,-0.5));
#2957 = ( GEOMETRIC_REPRESENTATION_CONTEXT(2) 
PARAMETRIC_REPRESENTATION_CONTEXT() REPRESENTATION_CONTEXT('2D SPACE',''
  ) );
#2958 = PCURVE('',#2959,#2964);
#2959 = PLANE('',#2960);
#2960 = AXIS2_PLACEMENT_3D('',#2961,#2962,#2963);
#2961 = CARTESIAN_POINT('',(224.15403266652,-4.689298409895,
    -3.412103097791));
#2962 = DIRECTION('',(-1.,0.,0.));
#2963 = DIRECTION('',(0.,0.5,0.866025403784));
#2964 = DEFINITIONAL_REPRESENTATION('',(#2965),#2969);
#2965 = LINE('',#2966,#2967);
#2966 = CARTESIAN_POINT('',(0.,0.));
#2967 = VECTOR('',#2968,1.);
#2968 = DIRECTION('',(1.,0.));
#2969 = ( GEOMETRIC_REPRESENTATION_CONTEXT(2) 
PARAMETRIC_REPRESENTATION_CONTEXT() REPRESENTATION_CONTEXT('2D SPACE',''
  ) );
#2970 = ORIENTED_EDGE('',*,*,#1890,.F.);
#2971 = ORIENTED_EDGE('',*,*,#1858,.T.);
#2972 = ADVANCED_FACE('',(#2973),#1928,.T.);
#2973 = FACE_BOUND('',#2974,.T.);
#2974 = EDGE_LOOP('',(#2975,#2976,#3003,#3024));
#2975 = ORIENTED_EDGE('',*,*,#2284,.T.);
#2976 = ORIENTED_EDGE('',*,*,#2977,.T.);
#2977 = EDGE_CURVE('',#2257,#2978,#2980,.T.);
#2978 = VERTEX_POINT('',#2979);
#2979 = CARTESIAN_POINT('',(224.15403266652,-93.28766739736,
    53.131020348175));
#2980 = SURFACE_CURVE('',#2981,(#2985,#2992),.PCURVE_S1.);
#2981 = LINE('',#2982,#2983);
#2982 = CARTESIAN_POINT('',(0.,-93.28766739736,53.131020348175));
#2983 = VECTOR('',#2984,1.);
#2984 = DIRECTION('',(1.,0.,0.));
#2985 = PCURVE('',#1928,#2986);
#2986 = DEFINITIONAL_REPRESENTATION('',(#2987),#2991);
#2987 = LINE('',#2988,#2989);
#2988 = CARTESIAN_POINT('',(0.,-105.));
#2989 = VECTOR('',#2990,1.);
#2990 = DIRECTION('',(1.,0.));
#2991 = ( GEOMETRIC_REPRESENTATION_CONTEXT(2) 
PARAMETRIC_REPRESENTATION_CONTEXT() REPRESENTATION_CONTEXT('2D SPACE',''
  ) );
#2992 = PCURVE('',#2993,#2998);
#2993 = CYLINDRICAL_SURFACE('',#2994,11.558596819791);
#2994 = AXIS2_PLACEMENT_3D('',#2995,#2996,#2997);
#2995 = CARTESIAN_POINT('',(0.,-99.06696580726,43.120981870134));
#2996 = DIRECTION('',(-1.,-0.,-0.));
#2997 = DIRECTION('',(0.,-0.5,-0.866025403784));
#2998 = DEFINITIONAL_REPRESENTATION('',(#2999),#3002);
#2999 = B_SPLINE_CURVE_WITH_KNOTS('',1,(#3000,#3001),.UNSPECIFIED.,.F.,
  .F.,(2,2),(0.,224.15403266652),.PIECEWISE_BEZIER_KNOTS.);
#3000 = CARTESIAN_POINT('',(-3.14159265359,0.));
#3001 = CARTESIAN_POINT('',(-3.14159265359,-224.1540326665));
#3002 = ( GEOMETRIC_REPRESENTATION_CONTEXT(2) 
PARAMETRIC_REPRESENTATION_CONTEXT() REPRESENTATION_CONTEXT('2D SPACE',''
  ) );
#3003 = ORIENTED_EDGE('',*,*,#3004,.F.);
#3004 = EDGE_CURVE('',#1891,#2978,#3005,.T.);
#3005 = SURFACE_CURVE('',#3006,(#3010,#3017),.PCURVE_S1.);
#3006 = LINE('',#3007,#3008);
#3007 = CARTESIAN_POINT('',(224.15403266652,-2.355,0.631020348175));
#3008 = VECTOR('',#3009,1.);
#3009 = DIRECTION('',(0.,-0.866025403784,0.5));
#3010 = PCURVE('',#1928,#3011);
#3011 = DEFINITIONAL_REPRESENTATION('',(#3012),#3016);
#3012 = LINE('',#3013,#3014);
#3013 = CARTESIAN_POINT('',(224.15403266652,0.));
#3014 = VECTOR('',#3015,1.);
#3015 = DIRECTION('',(0.,-1.));
#3016 = ( GEOMETRIC_REPRESENTATION_CONTEXT(2) 
PARAMETRIC_REPRESENTATION_CONTEXT() REPRESENTATION_CONTEXT('2D SPACE',''
  ) );
#3017 = PCURVE('',#2959,#3018);
#3018 = DEFINITIONAL_REPRESENTATION('',(#3019),#3023);
#3019 = LINE('',#3020,#3021);
#3020 = CARTESIAN_POINT('',(4.668596819791,0.));
#3021 = VECTOR('',#3022,1.);
#3022 = DIRECTION('',(-1.665334536938E-16,-1.));
#3023 = ( GEOMETRIC_REPRESENTATION_CONTEXT(2) 
PARAMETRIC_REPRESENTATION_CONTEXT() REPRESENTATION_CONTEXT('2D SPACE',''
  ) );
#3024 = ORIENTED_EDGE('',*,*,#1914,.F.);
#3025 = ADVANCED_FACE('',(#3026),#1985,.T.);
#3026 = FACE_BOUND('',#3027,.T.);
#3027 = EDGE_LOOP('',(#3028,#3055,#3078,#3099));
#3028 = ORIENTED_EDGE('',*,*,#3029,.T.);
#3029 = EDGE_CURVE('',#1970,#3030,#3032,.T.);
#3030 = VERTEX_POINT('',#3031);
#3031 = CARTESIAN_POINT('',(-75.1201085141,40.240522957502,
    -47.03675220326));
#3032 = SURFACE_CURVE('',#3033,(#3037,#3044),.PCURVE_S1.);
#3033 = LINE('',#3034,#3035);
#3034 = CARTESIAN_POINT('',(-3.24,40.240522957502,-5.536752203268));
#3035 = VECTOR('',#3036,1.);
#3036 = DIRECTION('',(-0.866025403784,0.,-0.5));
#3037 = PCURVE('',#1985,#3038);
#3038 = DEFINITIONAL_REPRESENTATION('',(#3039),#3043);
#3039 = LINE('',#3040,#3041);
#3040 = CARTESIAN_POINT('',(0.,0.));
#3041 = VECTOR('',#3042,1.);
#3042 = DIRECTION('',(0.,-1.));
#3043 = ( GEOMETRIC_REPRESENTATION_CONTEXT(2) 
PARAMETRIC_REPRESENTATION_CONTEXT() REPRESENTATION_CONTEXT('2D SPACE',''
  ) );
#3044 = PCURVE('',#3045,#3050);
#3045 = CYLINDRICAL_SURFACE('',#3046,5.68);
#3046 = AXIS2_PLACEMENT_3D('',#3047,#3048,#3049);
#3047 = CARTESIAN_POINT('',(-0.4,40.240522957502,-10.45577649676));
#3048 = DIRECTION('',(0.866025403784,-0.,0.5));
#3049 = DIRECTION('',(0.5,0.,-0.866025403784));
#3050 = DEFINITIONAL_REPRESENTATION('',(#3051),#3054);
#3051 = B_SPLINE_CURVE_WITH_KNOTS('',1,(#3052,#3053),.UNSPECIFIED.,.F.,
  .F.,(2,2),(0.,83.),.PIECEWISE_BEZIER_KNOTS.);
#3052 = CARTESIAN_POINT('',(3.14159265359,0.));
#3053 = CARTESIAN_POINT('',(3.14159265359,-83.));
#3054 = ( GEOMETRIC_REPRESENTATION_CONTEXT(2) 
PARAMETRIC_REPRESENTATION_CONTEXT() REPRESENTATION_CONTEXT('2D SPACE',''
  ) );
#3055 = ORIENTED_EDGE('',*,*,#3056,.T.);
#3056 = EDGE_CURVE('',#3030,#3057,#3059,.T.);
#3057 = VERTEX_POINT('',#3058);
#3058 = CARTESIAN_POINT('',(-75.1201085141,166.12113323481,
    -47.03675220326));
#3059 = SURFACE_CURVE('',#3060,(#3064,#3071),.PCURVE_S1.);
#3060 = LINE('',#3061,#3062);
#3061 = CARTESIAN_POINT('',(-75.1201085141,40.240522957502,
    -47.03675220326));
#3062 = VECTOR('',#3063,1.);
#3063 = DIRECTION('',(0.,1.,0.));
#3064 = PCURVE('',#1985,#3065);
#3065 = DEFINITIONAL_REPRESENTATION('',(#3066),#3070);
#3066 = LINE('',#3067,#3068);
#3067 = CARTESIAN_POINT('',(0.,-83.));
#3068 = VECTOR('',#3069,1.);
#3069 = DIRECTION('',(1.,0.));
#3070 = ( GEOMETRIC_REPRESENTATION_CONTEXT(2) 
PARAMETRIC_REPRESENTATION_CONTEXT() REPRESENTATION_CONTEXT('2D SPACE',''
  ) );
#3071 = PCURVE('',#2384,#3072);
#3072 = DEFINITIONAL_REPRESENTATION('',(#3073),#3077);
#3073 = LINE('',#3074,#3075);
#3074 = CARTESIAN_POINT('',(-2.334298409895,62.940305138657));
#3075 = VECTOR('',#3076,1.);
#3076 = DIRECTION('',(0.,-1.));
#3077 = ( GEOMETRIC_REPRESENTATION_CONTEXT(2) 
PARAMETRIC_REPRESENTATION_CONTEXT() REPRESENTATION_CONTEXT('2D SPACE',''
  ) );
#3078 = ORIENTED_EDGE('',*,*,#3079,.F.);
#3079 = EDGE_CURVE('',#1946,#3057,#3080,.T.);
#3080 = SURFACE_CURVE('',#3081,(#3085,#3092),.PCURVE_S1.);
#3081 = LINE('',#3082,#3083);
#3082 = CARTESIAN_POINT('',(-3.24,166.12113323481,-5.536752203268));
#3083 = VECTOR('',#3084,1.);
#3084 = DIRECTION('',(-0.866025403784,0.,-0.5));
#3085 = PCURVE('',#1985,#3086);
#3086 = DEFINITIONAL_REPRESENTATION('',(#3087),#3091);
#3087 = LINE('',#3088,#3089);
#3088 = CARTESIAN_POINT('',(125.88061027731,0.));
#3089 = VECTOR('',#3090,1.);
#3090 = DIRECTION('',(0.,-1.));
#3091 = ( GEOMETRIC_REPRESENTATION_CONTEXT(2) 
PARAMETRIC_REPRESENTATION_CONTEXT() REPRESENTATION_CONTEXT('2D SPACE',''
  ) );
#3092 = PCURVE('',#2410,#3093);
#3093 = DEFINITIONAL_REPRESENTATION('',(#3094),#3098);
#3094 = LINE('',#3095,#3096);
#3095 = CARTESIAN_POINT('',(4.668596819791,0.));
#3096 = VECTOR('',#3097,1.);
#3097 = DIRECTION('',(1.665334536938E-16,-1.));
#3098 = ( GEOMETRIC_REPRESENTATION_CONTEXT(2) 
PARAMETRIC_REPRESENTATION_CONTEXT() REPRESENTATION_CONTEXT('2D SPACE',''
  ) );
#3099 = ORIENTED_EDGE('',*,*,#1969,.F.);
#3100 = ADVANCED_FACE('',(#3101),#2063,.T.);
#3101 = FACE_BOUND('',#3102,.T.);
#3102 = EDGE_LOOP('',(#3103,#3104,#3127,#3150,#3171,#3192,#3213,#3241,
    #3262,#3283,#3304,#3327));
#3103 = ORIENTED_EDGE('',*,*,#2047,.F.);
#3104 = ORIENTED_EDGE('',*,*,#3105,.T.);
#3105 = EDGE_CURVE('',#2048,#3106,#3108,.T.);
#3106 = VERTEX_POINT('',#3107);
#3107 = CARTESIAN_POINT('',(0.,283.91924455041,-133.1622803685));
#3108 = SURFACE_CURVE('',#3109,(#3113,#3120),.PCURVE_S1.);
#3109 = LINE('',#3110,#3111);
#3110 = CARTESIAN_POINT('',(0.,211.41924455041,-7.588596819791));
#3111 = VECTOR('',#3112,1.);
#3112 = DIRECTION('',(-0.,0.5,-0.866025403784));
#3113 = PCURVE('',#2063,#3114);
#3114 = DEFINITIONAL_REPRESENTATION('',(#3115),#3119);
#3115 = LINE('',#3116,#3117);
#3116 = CARTESIAN_POINT('',(0.,0.));
#3117 = VECTOR('',#3118,1.);
#3118 = DIRECTION('',(0.,-1.));
#3119 = ( GEOMETRIC_REPRESENTATION_CONTEXT(2) 
PARAMETRIC_REPRESENTATION_CONTEXT() REPRESENTATION_CONTEXT('2D SPACE',''
  ) );
#3120 = PCURVE('',#2468,#3121);
#3121 = DEFINITIONAL_REPRESENTATION('',(#3122),#3126);
#3122 = LINE('',#3123,#3124);
#3123 = CARTESIAN_POINT('',(4.668596819791,0.));
#3124 = VECTOR('',#3125,1.);
#3125 = DIRECTION('',(2.720046410332E-15,-1.));
#3126 = ( GEOMETRIC_REPRESENTATION_CONTEXT(2) 
PARAMETRIC_REPRESENTATION_CONTEXT() REPRESENTATION_CONTEXT('2D SPACE',''
  ) );
#3127 = ORIENTED_EDGE('',*,*,#3128,.T.);
#3128 = EDGE_CURVE('',#3106,#3129,#3131,.T.);
#3129 = VERTEX_POINT('',#3130);
#3130 = CARTESIAN_POINT('',(27.833737916856,283.91924455041,
    -133.1622803685));
#3131 = SURFACE_CURVE('',#3132,(#3136,#3143),.PCURVE_S1.);
#3132 = LINE('',#3133,#3134);
#3133 = CARTESIAN_POINT('',(0.,283.91924455041,-133.1622803685));
#3134 = VECTOR('',#3135,1.);
#3135 = DIRECTION('',(1.,0.,0.));
#3136 = PCURVE('',#2063,#3137);
#3137 = DEFINITIONAL_REPRESENTATION('',(#3138),#3142);
#3138 = LINE('',#3139,#3140);
#3139 = CARTESIAN_POINT('',(0.,-145.));
#3140 = VECTOR('',#3141,1.);
#3141 = DIRECTION('',(1.,0.));
#3142 = ( GEOMETRIC_REPRESENTATION_CONTEXT(2) 
PARAMETRIC_REPRESENTATION_CONTEXT() REPRESENTATION_CONTEXT('2D SPACE',''
  ) );
#3143 = PCURVE('',#2525,#3144);
#3144 = DEFINITIONAL_REPRESENTATION('',(#3145),#3149);
#3145 = LINE('',#3146,#3147);
#3146 = CARTESIAN_POINT('',(-2.334298409895,112.07701633326));
#3147 = VECTOR('',#3148,1.);
#3148 = DIRECTION('',(0.,-1.));
#3149 = ( GEOMETRIC_REPRESENTATION_CONTEXT(2) 
PARAMETRIC_REPRESENTATION_CONTEXT() REPRESENTATION_CONTEXT('2D SPACE',''
  ) );
#3150 = ORIENTED_EDGE('',*,*,#3151,.F.);
#3151 = EDGE_CURVE('',#3152,#3129,#3154,.T.);
#3152 = VERTEX_POINT('',#3153);
#3153 = CARTESIAN_POINT('',(27.833737916856,278.33994614052,
    -123.498652052));
#3154 = SURFACE_CURVE('',#3155,(#3159,#3165),.PCURVE_S1.);
#3155 = LINE('',#3156,#3157);
#3156 = CARTESIAN_POINT('',(27.833737916856,247.66924455041,
    -70.37543859416));
#3157 = VECTOR('',#3158,1.);
#3158 = DIRECTION('',(0.,0.5,-0.866025403784));
#3159 = PCURVE('',#2063,#3160);
#3160 = DEFINITIONAL_REPRESENTATION('',(#3161),#3164);
#3161 = B_SPLINE_CURVE_WITH_KNOTS('',1,(#3162,#3163),.UNSPECIFIED.,.F.,
  .F.,(2,2),(61.341403180209,72.5),.PIECEWISE_BEZIER_KNOTS.);
#3162 = CARTESIAN_POINT('',(27.833737916856,-133.8414031802));
#3163 = CARTESIAN_POINT('',(27.833737916856,-145.));
#3164 = ( GEOMETRIC_REPRESENTATION_CONTEXT(2) 
PARAMETRIC_REPRESENTATION_CONTEXT() REPRESENTATION_CONTEXT('2D SPACE',''
  ) );
#3165 = PCURVE('',#2552,#3166);
#3166 = DEFINITIONAL_REPRESENTATION('',(#3167),#3170);
#3167 = B_SPLINE_CURVE_WITH_KNOTS('',1,(#3168,#3169),.UNSPECIFIED.,.F.,
  .F.,(2,2),(61.341403180209,72.5),.PIECEWISE_BEZIER_KNOTS.);
#3168 = CARTESIAN_POINT('',(2.334298409896,-11.15859681979));
#3169 = CARTESIAN_POINT('',(2.334298409895,0.));
#3170 = ( GEOMETRIC_REPRESENTATION_CONTEXT(2) 
PARAMETRIC_REPRESENTATION_CONTEXT() REPRESENTATION_CONTEXT('2D SPACE',''
  ) );
#3171 = ORIENTED_EDGE('',*,*,#3172,.F.);
#3172 = EDGE_CURVE('',#3173,#3152,#3175,.T.);
#3173 = VERTEX_POINT('',#3174);
#3174 = CARTESIAN_POINT('',(32.502334736647,278.33994614052,
    -123.498652052));
#3175 = SURFACE_CURVE('',#3176,(#3180,#3186),.PCURVE_S1.);
#3176 = LINE('',#3177,#3178);
#3177 = CARTESIAN_POINT('',(15.084018163376,278.33994614052,
    -123.498652052));
#3178 = VECTOR('',#3179,1.);
#3179 = DIRECTION('',(-1.,-0.,0.));
#3180 = PCURVE('',#2063,#3181);
#3181 = DEFINITIONAL_REPRESENTATION('',(#3182),#3185);
#3182 = B_SPLINE_CURVE_WITH_KNOTS('',1,(#3183,#3184),.UNSPECIFIED.,.F.,
  .F.,(2,2),(-17.41831657327,-12.74971975348),.PIECEWISE_BEZIER_KNOTS.);
#3183 = CARTESIAN_POINT('',(32.502334736647,-133.8414031802));
#3184 = CARTESIAN_POINT('',(27.833737916856,-133.8414031802));
#3185 = ( GEOMETRIC_REPRESENTATION_CONTEXT(2) 
PARAMETRIC_REPRESENTATION_CONTEXT() REPRESENTATION_CONTEXT('2D SPACE',''
  ) );
#3186 = PCURVE('',#2578,#3187);
#3187 = DEFINITIONAL_REPRESENTATION('',(#3188),#3191);
#3188 = B_SPLINE_CURVE_WITH_KNOTS('',1,(#3189,#3190),.UNSPECIFIED.,.F.,
  .F.,(2,2),(-17.41831657327,-12.74971975348),.PIECEWISE_BEZIER_KNOTS.);
#3189 = CARTESIAN_POINT('',(-2.334298409895,-2.334298409895));
#3190 = CARTESIAN_POINT('',(-2.334298409895,2.334298409895));
#3191 = ( GEOMETRIC_REPRESENTATION_CONTEXT(2) 
PARAMETRIC_REPRESENTATION_CONTEXT() REPRESENTATION_CONTEXT('2D SPACE',''
  ) );
#3192 = ORIENTED_EDGE('',*,*,#3193,.T.);
#3193 = EDGE_CURVE('',#3173,#3194,#3196,.T.);
#3194 = VERTEX_POINT('',#3195);
#3195 = CARTESIAN_POINT('',(32.502334736647,283.91924455041,
    -133.1622803685));
#3196 = SURFACE_CURVE('',#3197,(#3201,#3207),.PCURVE_S1.);
#3197 = LINE('',#3198,#3199);
#3198 = CARTESIAN_POINT('',(32.502334736647,247.66924455041,
    -70.37543859416));
#3199 = VECTOR('',#3200,1.);
#3200 = DIRECTION('',(0.,0.5,-0.866025403784));
#3201 = PCURVE('',#2063,#3202);
#3202 = DEFINITIONAL_REPRESENTATION('',(#3203),#3206);
#3203 = B_SPLINE_CURVE_WITH_KNOTS('',1,(#3204,#3205),.UNSPECIFIED.,.F.,
  .F.,(2,2),(61.341403180209,72.5),.PIECEWISE_BEZIER_KNOTS.);
#3204 = CARTESIAN_POINT('',(32.502334736647,-133.8414031802));
#3205 = CARTESIAN_POINT('',(32.502334736647,-145.));
#3206 = ( GEOMETRIC_REPRESENTATION_CONTEXT(2) 
PARAMETRIC_REPRESENTATION_CONTEXT() REPRESENTATION_CONTEXT('2D SPACE',''
  ) );
#3207 = PCURVE('',#2604,#3208);
#3208 = DEFINITIONAL_REPRESENTATION('',(#3209),#3212);
#3209 = B_SPLINE_CURVE_WITH_KNOTS('',1,(#3210,#3211),.UNSPECIFIED.,.F.,
  .F.,(2,2),(61.341403180209,72.5),.PIECEWISE_BEZIER_KNOTS.);
#3210 = CARTESIAN_POINT('',(2.334298409896,-11.15859681979));
#3211 = CARTESIAN_POINT('',(2.334298409895,0.));
#3212 = ( GEOMETRIC_REPRESENTATION_CONTEXT(2) 
PARAMETRIC_REPRESENTATION_CONTEXT() REPRESENTATION_CONTEXT('2D SPACE',''
  ) );
#3213 = ORIENTED_EDGE('',*,*,#3214,.T.);
#3214 = EDGE_CURVE('',#3194,#3215,#3217,.T.);
#3215 = VERTEX_POINT('',#3216);
#3216 = CARTESIAN_POINT('',(191.65169792988,283.91924455041,
    -133.1622803685));
#3217 = SURFACE_CURVE('',#3218,(#3222,#3229),.PCURVE_S1.);
#3218 = LINE('',#3219,#3220);
#3219 = CARTESIAN_POINT('',(32.502334736647,283.91924455041,
    -133.1622803685));
#3220 = VECTOR('',#3221,1.);
#3221 = DIRECTION('',(1.,0.,0.));
#3222 = PCURVE('',#2063,#3223);
#3223 = DEFINITIONAL_REPRESENTATION('',(#3224),#3228);
#3224 = LINE('',#3225,#3226);
#3225 = CARTESIAN_POINT('',(32.502334736647,-145.));
#3226 = VECTOR('',#3227,1.);
#3227 = DIRECTION('',(1.,0.));
#3228 = ( GEOMETRIC_REPRESENTATION_CONTEXT(2) 
PARAMETRIC_REPRESENTATION_CONTEXT() REPRESENTATION_CONTEXT('2D SPACE',''
  ) );
#3229 = PCURVE('',#3230,#3235);
#3230 = CYLINDRICAL_SURFACE('',#3231,11.158596819791);
#3231 = AXIS2_PLACEMENT_3D('',#3232,#3233,#3234);
#3232 = CARTESIAN_POINT('',(32.502334736647,293.58287286694,
    -127.5829819586));
#3233 = DIRECTION('',(-1.,0.,-0.));
#3234 = DIRECTION('',(0.,0.866025403784,0.5));
#3235 = DEFINITIONAL_REPRESENTATION('',(#3236),#3240);
#3236 = LINE('',#3237,#3238);
#3237 = CARTESIAN_POINT('',(-3.14159265359,0.));
#3238 = VECTOR('',#3239,1.);
#3239 = DIRECTION('',(-0.,-1.));
#3240 = ( GEOMETRIC_REPRESENTATION_CONTEXT(2) 
PARAMETRIC_REPRESENTATION_CONTEXT() REPRESENTATION_CONTEXT('2D SPACE',''
  ) );
#3241 = ORIENTED_EDGE('',*,*,#3242,.F.);
#3242 = EDGE_CURVE('',#3243,#3215,#3245,.T.);
#3243 = VERTEX_POINT('',#3244);
#3244 = CARTESIAN_POINT('',(191.65169792988,278.33994614052,
    -123.498652052));
#3245 = SURFACE_CURVE('',#3246,(#3250,#3256),.PCURVE_S1.);
#3246 = LINE('',#3247,#3248);
#3247 = CARTESIAN_POINT('',(191.65169792988,247.66924455041,
    -70.37543859416));
#3248 = VECTOR('',#3249,1.);
#3249 = DIRECTION('',(0.,0.5,-0.866025403784));
#3250 = PCURVE('',#2063,#3251);
#3251 = DEFINITIONAL_REPRESENTATION('',(#3252),#3255);
#3252 = B_SPLINE_CURVE_WITH_KNOTS('',1,(#3253,#3254),.UNSPECIFIED.,.F.,
  .F.,(2,2),(61.341403180209,72.5),.PIECEWISE_BEZIER_KNOTS.);
#3253 = CARTESIAN_POINT('',(191.65169792988,-133.8414031802));
#3254 = CARTESIAN_POINT('',(191.65169792988,-145.));
#3255 = ( GEOMETRIC_REPRESENTATION_CONTEXT(2) 
PARAMETRIC_REPRESENTATION_CONTEXT() REPRESENTATION_CONTEXT('2D SPACE',''
  ) );
#3256 = PCURVE('',#2658,#3257);
#3257 = DEFINITIONAL_REPRESENTATION('',(#3258),#3261);
#3258 = B_SPLINE_CURVE_WITH_KNOTS('',1,(#3259,#3260),.UNSPECIFIED.,.F.,
  .F.,(2,2),(61.341403180209,72.5),.PIECEWISE_BEZIER_KNOTS.);
#3259 = CARTESIAN_POINT('',(2.334298409896,-11.15859681979));
#3260 = CARTESIAN_POINT('',(2.334298409895,0.));
#3261 = ( GEOMETRIC_REPRESENTATION_CONTEXT(2) 
PARAMETRIC_REPRESENTATION_CONTEXT() REPRESENTATION_CONTEXT('2D SPACE',''
  ) );
#3262 = ORIENTED_EDGE('',*,*,#3263,.T.);
#3263 = EDGE_CURVE('',#3243,#3264,#3266,.T.);
#3264 = VERTEX_POINT('',#3265);
#3265 = CARTESIAN_POINT('',(196.32029474967,278.33994614052,
    -123.498652052));
#3266 = SURFACE_CURVE('',#3267,(#3271,#3277),.PCURVE_S1.);
#3267 = LINE('',#3268,#3269);
#3268 = CARTESIAN_POINT('',(96.992998169888,278.33994614052,
    -123.498652052));
#3269 = VECTOR('',#3270,1.);
#3270 = DIRECTION('',(1.,0.,0.));
#3271 = PCURVE('',#2063,#3272);
#3272 = DEFINITIONAL_REPRESENTATION('',(#3273),#3276);
#3273 = B_SPLINE_CURVE_WITH_KNOTS('',1,(#3274,#3275),.UNSPECIFIED.,.F.,
  .F.,(2,2),(94.658699759993,99.327296579784),.PIECEWISE_BEZIER_KNOTS.);
#3274 = CARTESIAN_POINT('',(191.65169792988,-133.8414031802));
#3275 = CARTESIAN_POINT('',(196.32029474967,-133.8414031802));
#3276 = ( GEOMETRIC_REPRESENTATION_CONTEXT(2) 
PARAMETRIC_REPRESENTATION_CONTEXT() REPRESENTATION_CONTEXT('2D SPACE',''
  ) );
#3277 = PCURVE('',#2684,#3278);
#3278 = DEFINITIONAL_REPRESENTATION('',(#3279),#3282);
#3279 = B_SPLINE_CURVE_WITH_KNOTS('',1,(#3280,#3281),.UNSPECIFIED.,.F.,
  .F.,(2,2),(94.658699759993,99.327296579784),.PIECEWISE_BEZIER_KNOTS.);
#3280 = CARTESIAN_POINT('',(2.334298409895,2.334298409895));
#3281 = CARTESIAN_POINT('',(2.334298409895,-2.334298409895));
#3282 = ( GEOMETRIC_REPRESENTATION_CONTEXT(2) 
PARAMETRIC_REPRESENTATION_CONTEXT() REPRESENTATION_CONTEXT('2D SPACE',''
  ) );
#3283 = ORIENTED_EDGE('',*,*,#3284,.T.);
#3284 = EDGE_CURVE('',#3264,#3285,#3287,.T.);
#3285 = VERTEX_POINT('',#3286);
#3286 = CARTESIAN_POINT('',(196.32029474967,283.91924455041,
    -133.1622803685));
#3287 = SURFACE_CURVE('',#3288,(#3292,#3298),.PCURVE_S1.);
#3288 = LINE('',#3289,#3290);
#3289 = CARTESIAN_POINT('',(196.32029474967,247.66924455041,
    -70.37543859416));
#3290 = VECTOR('',#3291,1.);
#3291 = DIRECTION('',(0.,0.5,-0.866025403784));
#3292 = PCURVE('',#2063,#3293);
#3293 = DEFINITIONAL_REPRESENTATION('',(#3294),#3297);
#3294 = B_SPLINE_CURVE_WITH_KNOTS('',1,(#3295,#3296),.UNSPECIFIED.,.F.,
  .F.,(2,2),(61.341403180209,72.5),.PIECEWISE_BEZIER_KNOTS.);
#3295 = CARTESIAN_POINT('',(196.32029474967,-133.8414031802));
#3296 = CARTESIAN_POINT('',(196.32029474967,-145.));
#3297 = ( GEOMETRIC_REPRESENTATION_CONTEXT(2) 
PARAMETRIC_REPRESENTATION_CONTEXT() REPRESENTATION_CONTEXT('2D SPACE',''
  ) );
#3298 = PCURVE('',#2710,#3299);
#3299 = DEFINITIONAL_REPRESENTATION('',(#3300),#3303);
#3300 = B_SPLINE_CURVE_WITH_KNOTS('',1,(#3301,#3302),.UNSPECIFIED.,.F.,
  .F.,(2,2),(61.341403180209,72.5),.PIECEWISE_BEZIER_KNOTS.);
#3301 = CARTESIAN_POINT('',(2.334298409896,-11.15859681979));
#3302 = CARTESIAN_POINT('',(2.334298409895,0.));
#3303 = ( GEOMETRIC_REPRESENTATION_CONTEXT(2) 
PARAMETRIC_REPRESENTATION_CONTEXT() REPRESENTATION_CONTEXT('2D SPACE',''
  ) );
#3304 = ORIENTED_EDGE('',*,*,#3305,.T.);
#3305 = EDGE_CURVE('',#3285,#3306,#3308,.T.);
#3306 = VERTEX_POINT('',#3307);
#3307 = CARTESIAN_POINT('',(224.15403266652,283.91924455041,
    -133.1622803685));
#3308 = SURFACE_CURVE('',#3309,(#3313,#3320),.PCURVE_S1.);
#3309 = LINE('',#3310,#3311);
#3310 = CARTESIAN_POINT('',(0.,283.91924455041,-133.1622803685));
#3311 = VECTOR('',#3312,1.);
#3312 = DIRECTION('',(1.,0.,0.));
#3313 = PCURVE('',#2063,#3314);
#3314 = DEFINITIONAL_REPRESENTATION('',(#3315),#3319);
#3315 = LINE('',#3316,#3317);
#3316 = CARTESIAN_POINT('',(0.,-145.));
#3317 = VECTOR('',#3318,1.);
#3318 = DIRECTION('',(1.,0.));
#3319 = ( GEOMETRIC_REPRESENTATION_CONTEXT(2) 
PARAMETRIC_REPRESENTATION_CONTEXT() REPRESENTATION_CONTEXT('2D SPACE',''
  ) );
#3320 = PCURVE('',#2737,#3321);
#3321 = DEFINITIONAL_REPRESENTATION('',(#3322),#3326);
#3322 = LINE('',#3323,#3324);
#3323 = CARTESIAN_POINT('',(-2.334298409895,112.07701633326));
#3324 = VECTOR('',#3325,1.);
#3325 = DIRECTION('',(0.,-1.));
#3326 = ( GEOMETRIC_REPRESENTATION_CONTEXT(2) 
PARAMETRIC_REPRESENTATION_CONTEXT() REPRESENTATION_CONTEXT('2D SPACE',''
  ) );
#3327 = ORIENTED_EDGE('',*,*,#3328,.F.);
#3328 = EDGE_CURVE('',#2024,#3306,#3329,.T.);
#3329 = SURFACE_CURVE('',#3330,(#3334,#3341),.PCURVE_S1.);
#3330 = LINE('',#3331,#3332);
#3331 = CARTESIAN_POINT('',(224.15403266652,211.41924455041,
    -7.588596819791));
#3332 = VECTOR('',#3333,1.);
#3333 = DIRECTION('',(-0.,0.5,-0.866025403784));
#3334 = PCURVE('',#2063,#3335);
#3335 = DEFINITIONAL_REPRESENTATION('',(#3336),#3340);
#3336 = LINE('',#3337,#3338);
#3337 = CARTESIAN_POINT('',(224.15403266652,0.));
#3338 = VECTOR('',#3339,1.);
#3339 = DIRECTION('',(0.,-1.));
#3340 = ( GEOMETRIC_REPRESENTATION_CONTEXT(2) 
PARAMETRIC_REPRESENTATION_CONTEXT() REPRESENTATION_CONTEXT('2D SPACE',''
  ) );
#3341 = PCURVE('',#2763,#3342);
#3342 = DEFINITIONAL_REPRESENTATION('',(#3343),#3347);
#3343 = LINE('',#3344,#3345);
#3344 = CARTESIAN_POINT('',(4.668596819791,0.));
#3345 = VECTOR('',#3346,1.);
#3346 = DIRECTION('',(2.720046410332E-15,-1.));
#3347 = ( GEOMETRIC_REPRESENTATION_CONTEXT(2) 
PARAMETRIC_REPRESENTATION_CONTEXT() REPRESENTATION_CONTEXT('2D SPACE',''
  ) );
#3348 = ADVANCED_FACE('',(#3349),#2141,.F.);
#3349 = FACE_BOUND('',#3350,.F.);
#3350 = EDGE_LOOP('',(#3351,#3374,#3401,#3422));
#3351 = ORIENTED_EDGE('',*,*,#3352,.T.);
#3352 = EDGE_CURVE('',#2126,#3353,#3355,.T.);
#3353 = VERTEX_POINT('',#3354);
#3354 = CARTESIAN_POINT('',(299.27414118063,40.240522957502,
    -47.03675220326));
#3355 = SURFACE_CURVE('',#3356,(#3360,#3367),.PCURVE_S1.);
#3356 = LINE('',#3357,#3358);
#3357 = CARTESIAN_POINT('',(227.39403266652,40.240522957502,
    -5.536752203268));
#3358 = VECTOR('',#3359,1.);
#3359 = DIRECTION('',(0.866025403784,0.,-0.5));
#3360 = PCURVE('',#2141,#3361);
#3361 = DEFINITIONAL_REPRESENTATION('',(#3362),#3366);
#3362 = LINE('',#3363,#3364);
#3363 = CARTESIAN_POINT('',(0.,0.));
#3364 = VECTOR('',#3365,1.);
#3365 = DIRECTION('',(0.,-1.));
#3366 = ( GEOMETRIC_REPRESENTATION_CONTEXT(2) 
PARAMETRIC_REPRESENTATION_CONTEXT() REPRESENTATION_CONTEXT('2D SPACE',''
  ) );
#3367 = PCURVE('',#2853,#3368);
#3368 = DEFINITIONAL_REPRESENTATION('',(#3369),#3373);
#3369 = LINE('',#3370,#3371);
#3370 = CARTESIAN_POINT('',(4.668596819791,0.));
#3371 = VECTOR('',#3372,1.);
#3372 = DIRECTION('',(8.326672684689E-16,-1.));
#3373 = ( GEOMETRIC_REPRESENTATION_CONTEXT(2) 
PARAMETRIC_REPRESENTATION_CONTEXT() REPRESENTATION_CONTEXT('2D SPACE',''
  ) );
#3374 = ORIENTED_EDGE('',*,*,#3375,.T.);
#3375 = EDGE_CURVE('',#3353,#3376,#3378,.T.);
#3376 = VERTEX_POINT('',#3377);
#3377 = CARTESIAN_POINT('',(299.27414118063,166.12113323481,
    -47.03675220326));
#3378 = SURFACE_CURVE('',#3379,(#3383,#3390),.PCURVE_S1.);
#3379 = LINE('',#3380,#3381);
#3380 = CARTESIAN_POINT('',(299.27414118063,40.240522957502,
    -47.03675220326));
#3381 = VECTOR('',#3382,1.);
#3382 = DIRECTION('',(0.,1.,0.));
#3383 = PCURVE('',#2141,#3384);
#3384 = DEFINITIONAL_REPRESENTATION('',(#3385),#3389);
#3385 = LINE('',#3386,#3387);
#3386 = CARTESIAN_POINT('',(0.,-83.));
#3387 = VECTOR('',#3388,1.);
#3388 = DIRECTION('',(1.,0.));
#3389 = ( GEOMETRIC_REPRESENTATION_CONTEXT(2) 
PARAMETRIC_REPRESENTATION_CONTEXT() REPRESENTATION_CONTEXT('2D SPACE',''
  ) );
#3390 = PCURVE('',#3391,#3396);
#3391 = CYLINDRICAL_SURFACE('',#3392,4.95);
#3392 = AXIS2_PLACEMENT_3D('',#3393,#3394,#3395);
#3393 = CARTESIAN_POINT('',(296.79914118063,40.240522957502,
    -51.323577952));
#3394 = DIRECTION('',(-0.,-1.,-0.));
#3395 = DIRECTION('',(-0.5,0.,-0.866025403784));
#3396 = DEFINITIONAL_REPRESENTATION('',(#3397),#3400);
#3397 = B_SPLINE_CURVE_WITH_KNOTS('',1,(#3398,#3399),.UNSPECIFIED.,.F.,
  .F.,(2,2),(0.,125.88061027731),.PIECEWISE_BEZIER_KNOTS.);
#3398 = CARTESIAN_POINT('',(-3.14159265359,0.));
#3399 = CARTESIAN_POINT('',(-3.14159265359,-125.8806102773));
#3400 = ( GEOMETRIC_REPRESENTATION_CONTEXT(2) 
PARAMETRIC_REPRESENTATION_CONTEXT() REPRESENTATION_CONTEXT('2D SPACE',''
  ) );
#3401 = ORIENTED_EDGE('',*,*,#3402,.F.);
#3402 = EDGE_CURVE('',#2102,#3376,#3403,.T.);
#3403 = SURFACE_CURVE('',#3404,(#3408,#3415),.PCURVE_S1.);
#3404 = LINE('',#3405,#3406);
#3405 = CARTESIAN_POINT('',(227.39403266652,166.12113323481,
    -5.536752203268));
#3406 = VECTOR('',#3407,1.);
#3407 = DIRECTION('',(0.866025403784,0.,-0.5));
#3408 = PCURVE('',#2141,#3409);
#3409 = DEFINITIONAL_REPRESENTATION('',(#3410),#3414);
#3410 = LINE('',#3411,#3412);
#3411 = CARTESIAN_POINT('',(125.88061027731,0.));
#3412 = VECTOR('',#3413,1.);
#3413 = DIRECTION('',(0.,-1.));
#3414 = ( GEOMETRIC_REPRESENTATION_CONTEXT(2) 
PARAMETRIC_REPRESENTATION_CONTEXT() REPRESENTATION_CONTEXT('2D SPACE',''
  ) );
#3415 = PCURVE('',#2820,#3416);
#3416 = DEFINITIONAL_REPRESENTATION('',(#3417),#3421);
#3417 = LINE('',#3418,#3419);
#3418 = CARTESIAN_POINT('',(4.668596819791,0.));
#3419 = VECTOR('',#3420,1.);
#3420 = DIRECTION('',(8.326672684689E-16,-1.));
#3421 = ( GEOMETRIC_REPRESENTATION_CONTEXT(2) 
PARAMETRIC_REPRESENTATION_CONTEXT() REPRESENTATION_CONTEXT('2D SPACE',''
  ) );
#3422 = ORIENTED_EDGE('',*,*,#2125,.F.);
#3423 = ADVANCED_FACE('',(#3424),#2217,.F.);
#3424 = FACE_BOUND('',#3425,.F.);
#3425 = EDGE_LOOP('',(#3426,#3427,#3454,#3475));
#3426 = ORIENTED_EDGE('',*,*,#2233,.T.);
#3427 = ORIENTED_EDGE('',*,*,#3428,.T.);
#3428 = EDGE_CURVE('',#2234,#3429,#3431,.T.);
#3429 = VERTEX_POINT('',#3430);
#3430 = CARTESIAN_POINT('',(224.15403266652,-95.62196580726,
    49.087896902209));
#3431 = SURFACE_CURVE('',#3432,(#3436,#3443),.PCURVE_S1.);
#3432 = LINE('',#3433,#3434);
#3433 = CARTESIAN_POINT('',(0.,-95.62196580726,49.087896902209));
#3434 = VECTOR('',#3435,1.);
#3435 = DIRECTION('',(1.,0.,0.));
#3436 = PCURVE('',#2217,#3437);
#3437 = DEFINITIONAL_REPRESENTATION('',(#3438),#3442);
#3438 = LINE('',#3439,#3440);
#3439 = CARTESIAN_POINT('',(0.,-105.));
#3440 = VECTOR('',#3441,1.);
#3441 = DIRECTION('',(1.,0.));
#3442 = ( GEOMETRIC_REPRESENTATION_CONTEXT(2) 
PARAMETRIC_REPRESENTATION_CONTEXT() REPRESENTATION_CONTEXT('2D SPACE',''
  ) );
#3443 = PCURVE('',#3444,#3449);
#3444 = CYLINDRICAL_SURFACE('',#3445,6.89);
#3445 = AXIS2_PLACEMENT_3D('',#3446,#3447,#3448);
#3446 = CARTESIAN_POINT('',(0.,-99.06696580726,43.120981870134));
#3447 = DIRECTION('',(-1.,-0.,-0.));
#3448 = DIRECTION('',(0.,-0.5,-0.866025403784));
#3449 = DEFINITIONAL_REPRESENTATION('',(#3450),#3453);
#3450 = B_SPLINE_CURVE_WITH_KNOTS('',1,(#3451,#3452),.UNSPECIFIED.,.F.,
  .F.,(2,2),(0.,224.15403266652),.PIECEWISE_BEZIER_KNOTS.);
#3451 = CARTESIAN_POINT('',(-3.14159265359,0.));
#3452 = CARTESIAN_POINT('',(-3.14159265359,-224.1540326665));
#3453 = ( GEOMETRIC_REPRESENTATION_CONTEXT(2) 
PARAMETRIC_REPRESENTATION_CONTEXT() REPRESENTATION_CONTEXT('2D SPACE',''
  ) );
#3454 = ORIENTED_EDGE('',*,*,#3455,.F.);
#3455 = EDGE_CURVE('',#2180,#3429,#3456,.T.);
#3456 = SURFACE_CURVE('',#3457,(#3461,#3468),.PCURVE_S1.);
#3457 = LINE('',#3458,#3459);
#3458 = CARTESIAN_POINT('',(224.15403266652,-4.689298409895,
    -3.412103097791));
#3459 = VECTOR('',#3460,1.);
#3460 = DIRECTION('',(0.,-0.866025403784,0.5));
#3461 = PCURVE('',#2217,#3462);
#3462 = DEFINITIONAL_REPRESENTATION('',(#3463),#3467);
#3463 = LINE('',#3464,#3465);
#3464 = CARTESIAN_POINT('',(224.15403266652,0.));
#3465 = VECTOR('',#3466,1.);
#3466 = DIRECTION('',(0.,-1.));
#3467 = ( GEOMETRIC_REPRESENTATION_CONTEXT(2) 
PARAMETRIC_REPRESENTATION_CONTEXT() REPRESENTATION_CONTEXT('2D SPACE',''
  ) );
#3468 = PCURVE('',#2959,#3469);
#3469 = DEFINITIONAL_REPRESENTATION('',(#3470),#3474);
#3470 = LINE('',#3471,#3472);
#3471 = CARTESIAN_POINT('',(0.,0.));
#3472 = VECTOR('',#3473,1.);
#3473 = DIRECTION('',(-1.665334536938E-16,-1.));
#3474 = ( GEOMETRIC_REPRESENTATION_CONTEXT(2) 
PARAMETRIC_REPRESENTATION_CONTEXT() REPRESENTATION_CONTEXT('2D SPACE',''
  ) );
#3475 = ORIENTED_EDGE('',*,*,#2203,.F.);
#3476 = ADVANCED_FACE('',(#3477),#2272,.F.);
#3477 = FACE_BOUND('',#3478,.F.);
#3478 = EDGE_LOOP('',(#3479,#3503,#3531,#3553));
#3479 = ORIENTED_EDGE('',*,*,#3480,.T.);
#3480 = EDGE_CURVE('',#2257,#3481,#3483,.T.);
#3481 = VERTEX_POINT('',#3482);
#3482 = CARTESIAN_POINT('',(0.,-109.0770042853,48.90028028003));
#3483 = SURFACE_CURVE('',#3484,(#3489,#3496),.PCURVE_S1.);
#3484 = CIRCLE('',#3485,11.558596819791);
#3485 = AXIS2_PLACEMENT_3D('',#3486,#3487,#3488);
#3486 = CARTESIAN_POINT('',(0.,-99.06696580726,43.120981870134));
#3487 = DIRECTION('',(1.,0.,0.));
#3488 = DIRECTION('',(0.,-0.5,-0.866025403784));
#3489 = PCURVE('',#2272,#3490);
#3490 = DEFINITIONAL_REPRESENTATION('',(#3491),#3495);
#3491 = CIRCLE('',#3492,11.558596819791);
#3492 = AXIS2_PLACEMENT_2D('',#3493,#3494);
#3493 = CARTESIAN_POINT('',(-7.838346459074,-2.100278603704));
#3494 = DIRECTION('',(-0.866025403784,0.5));
#3495 = ( GEOMETRIC_REPRESENTATION_CONTEXT(2) 
PARAMETRIC_REPRESENTATION_CONTEXT() REPRESENTATION_CONTEXT('2D SPACE',''
  ) );
#3496 = PCURVE('',#2993,#3497);
#3497 = DEFINITIONAL_REPRESENTATION('',(#3498),#3502);
#3498 = LINE('',#3499,#3500);
#3499 = CARTESIAN_POINT('',(-0.,0.));
#3500 = VECTOR('',#3501,1.);
#3501 = DIRECTION('',(-1.,0.));
#3502 = ( GEOMETRIC_REPRESENTATION_CONTEXT(2) 
PARAMETRIC_REPRESENTATION_CONTEXT() REPRESENTATION_CONTEXT('2D SPACE',''
  ) );
#3503 = ORIENTED_EDGE('',*,*,#3504,.T.);
#3504 = EDGE_CURVE('',#3481,#3505,#3507,.T.);
#3505 = VERTEX_POINT('',#3506);
#3506 = CARTESIAN_POINT('',(0.,-105.0338808393,46.565981870134));
#3507 = SURFACE_CURVE('',#3508,(#3512,#3519),.PCURVE_S1.);
#3508 = LINE('',#3509,#3510);
#3509 = CARTESIAN_POINT('',(0.,-109.0770042853,48.90028028003));
#3510 = VECTOR('',#3511,1.);
#3511 = DIRECTION('',(0.,0.866025403784,-0.5));
#3512 = PCURVE('',#2272,#3513);
#3513 = DEFINITIONAL_REPRESENTATION('',(#3514),#3518);
#3514 = LINE('',#3515,#3516);
#3515 = CARTESIAN_POINT('',(-2.059048049178,7.909759874337));
#3516 = VECTOR('',#3517,1.);
#3517 = DIRECTION('',(-0.5,-0.866025403784));
#3518 = ( GEOMETRIC_REPRESENTATION_CONTEXT(2) 
PARAMETRIC_REPRESENTATION_CONTEXT() REPRESENTATION_CONTEXT('2D SPACE',''
  ) );
#3519 = PCURVE('',#3520,#3525);
#3520 = PLANE('',#3521);
#3521 = AXIS2_PLACEMENT_3D('',#3522,#3523,#3524);
#3522 = CARTESIAN_POINT('',(0.,-109.0770042853,48.90028028003));
#3523 = DIRECTION('',(1.,0.,0.));
#3524 = DIRECTION('',(0.,0.866025403784,-0.5));
#3525 = DEFINITIONAL_REPRESENTATION('',(#3526),#3530);
#3526 = LINE('',#3527,#3528);
#3527 = CARTESIAN_POINT('',(0.,0.));
#3528 = VECTOR('',#3529,1.);
#3529 = DIRECTION('',(1.,0.));
#3530 = ( GEOMETRIC_REPRESENTATION_CONTEXT(2) 
PARAMETRIC_REPRESENTATION_CONTEXT() REPRESENTATION_CONTEXT('2D SPACE',''
  ) );
#3531 = ORIENTED_EDGE('',*,*,#3532,.F.);
#3532 = EDGE_CURVE('',#2234,#3505,#3533,.T.);
#3533 = SURFACE_CURVE('',#3534,(#3539,#3546),.PCURVE_S1.);
#3534 = CIRCLE('',#3535,6.89);
#3535 = AXIS2_PLACEMENT_3D('',#3536,#3537,#3538);
#3536 = CARTESIAN_POINT('',(0.,-99.06696580726,43.120981870134));
#3537 = DIRECTION('',(1.,0.,0.));
#3538 = DIRECTION('',(0.,-0.5,-0.866025403784));
#3539 = PCURVE('',#2272,#3540);
#3540 = DEFINITIONAL_REPRESENTATION('',(#3541),#3545);
#3541 = CIRCLE('',#3542,6.89);
#3542 = AXIS2_PLACEMENT_2D('',#3543,#3544);
#3543 = CARTESIAN_POINT('',(-7.838346459074,-2.100278603704));
#3544 = DIRECTION('',(-0.866025403784,0.5));
#3545 = ( GEOMETRIC_REPRESENTATION_CONTEXT(2) 
PARAMETRIC_REPRESENTATION_CONTEXT() REPRESENTATION_CONTEXT('2D SPACE',''
  ) );
#3546 = PCURVE('',#3444,#3547);
#3547 = DEFINITIONAL_REPRESENTATION('',(#3548),#3552);
#3548 = LINE('',#3549,#3550);
#3549 = CARTESIAN_POINT('',(-0.,0.));
#3550 = VECTOR('',#3551,1.);
#3551 = DIRECTION('',(-1.,0.));
#3552 = ( GEOMETRIC_REPRESENTATION_CONTEXT(2) 
PARAMETRIC_REPRESENTATION_CONTEXT() REPRESENTATION_CONTEXT('2D SPACE',''
  ) );
#3553 = ORIENTED_EDGE('',*,*,#2256,.T.);
#3554 = ADVANCED_FACE('',(#3555),#2324,.T.);
#3555 = FACE_BOUND('',#3556,.T.);
#3556 = EDGE_LOOP('',(#3557,#3581,#3609,#3631));
#3557 = ORIENTED_EDGE('',*,*,#3558,.T.);
#3558 = EDGE_CURVE('',#1272,#3559,#3561,.T.);
#3559 = VERTEX_POINT('',#3560);
#3560 = CARTESIAN_POINT('',(-4.881073869731,35.066224547606,
    -2.69432888192));
#3561 = SURFACE_CURVE('',#3562,(#3567,#3574),.PCURVE_S1.);
#3562 = CIRCLE('',#3563,10.348596819791);
#3563 = AXIS2_PLACEMENT_3D('',#3564,#3565,#3566);
#3564 = CARTESIAN_POINT('',(-0.4,40.240522957502,-10.45577649676));
#3565 = DIRECTION('',(0.866025403784,-0.,0.5));
#3566 = DIRECTION('',(0.5,0.,-0.866025403784));
#3567 = PCURVE('',#2324,#3568);
#3568 = DEFINITIONAL_REPRESENTATION('',(#3569),#3573);
#3569 = CIRCLE('',#3570,10.348596819791);
#3570 = AXIS2_PLACEMENT_2D('',#3571,#3572);
#3571 = CARTESIAN_POINT('',(-7.857685471088,-2.105460476356));
#3572 = DIRECTION('',(-1.,0.));
#3573 = ( GEOMETRIC_REPRESENTATION_CONTEXT(2) 
PARAMETRIC_REPRESENTATION_CONTEXT() REPRESENTATION_CONTEXT('2D SPACE',''
  ) );
#3574 = PCURVE('',#2357,#3575);
#3575 = DEFINITIONAL_REPRESENTATION('',(#3576),#3580);
#3576 = LINE('',#3577,#3578);
#3577 = CARTESIAN_POINT('',(0.,0.));
#3578 = VECTOR('',#3579,1.);
#3579 = DIRECTION('',(1.,0.));
#3580 = ( GEOMETRIC_REPRESENTATION_CONTEXT(2) 
PARAMETRIC_REPRESENTATION_CONTEXT() REPRESENTATION_CONTEXT('2D SPACE',''
  ) );
#3581 = ORIENTED_EDGE('',*,*,#3582,.T.);
#3582 = EDGE_CURVE('',#3559,#3583,#3585,.T.);
#3583 = VERTEX_POINT('',#3584);
#3584 = CARTESIAN_POINT('',(-2.859512146748,37.400522957502,
    -6.195776496763));
#3585 = SURFACE_CURVE('',#3586,(#3590,#3597),.PCURVE_S1.);
#3586 = LINE('',#3587,#3588);
#3587 = CARTESIAN_POINT('',(-4.881073869731,35.066224547606,
    -2.69432888192));
#3588 = VECTOR('',#3589,1.);
#3589 = DIRECTION('',(0.433012701892,0.5,-0.75));
#3590 = PCURVE('',#2324,#3591);
#3591 = DEFINITIONAL_REPRESENTATION('',(#3592),#3596);
#3592 = LINE('',#3593,#3594);
#3593 = CARTESIAN_POINT('',(1.104462268374,3.06883793354));
#3594 = VECTOR('',#3595,1.);
#3595 = DIRECTION('',(-0.866025403784,-0.5));
#3596 = ( GEOMETRIC_REPRESENTATION_CONTEXT(2) 
PARAMETRIC_REPRESENTATION_CONTEXT() REPRESENTATION_CONTEXT('2D SPACE',''
  ) );
#3597 = PCURVE('',#3598,#3603);
#3598 = PLANE('',#3599);
#3599 = AXIS2_PLACEMENT_3D('',#3600,#3601,#3602);
#3600 = CARTESIAN_POINT('',(-4.881073869731,35.066224547606,
    -2.69432888192));
#3601 = DIRECTION('',(0.866025403784,0.,0.5));
#3602 = DIRECTION('',(0.433012701892,0.5,-0.75));
#3603 = DEFINITIONAL_REPRESENTATION('',(#3604),#3608);
#3604 = LINE('',#3605,#3606);
#3605 = CARTESIAN_POINT('',(0.,0.));
#3606 = VECTOR('',#3607,1.);
#3607 = DIRECTION('',(1.,-5.551115123126E-17));
#3608 = ( GEOMETRIC_REPRESENTATION_CONTEXT(2) 
PARAMETRIC_REPRESENTATION_CONTEXT() REPRESENTATION_CONTEXT('2D SPACE',''
  ) );
#3609 = ORIENTED_EDGE('',*,*,#3610,.F.);
#3610 = EDGE_CURVE('',#1970,#3583,#3611,.T.);
#3611 = SURFACE_CURVE('',#3612,(#3617,#3624),.PCURVE_S1.);
#3612 = CIRCLE('',#3613,5.68);
#3613 = AXIS2_PLACEMENT_3D('',#3614,#3615,#3616);
#3614 = CARTESIAN_POINT('',(-0.4,40.240522957502,-10.45577649676));
#3615 = DIRECTION('',(0.866025403784,-0.,0.5));
#3616 = DIRECTION('',(0.5,0.,-0.866025403784));
#3617 = PCURVE('',#2324,#3618);
#3618 = DEFINITIONAL_REPRESENTATION('',(#3619),#3623);
#3619 = CIRCLE('',#3620,5.68);
#3620 = AXIS2_PLACEMENT_2D('',#3621,#3622);
#3621 = CARTESIAN_POINT('',(-7.857685471088,-2.105460476356));
#3622 = DIRECTION('',(-1.,0.));
#3623 = ( GEOMETRIC_REPRESENTATION_CONTEXT(2) 
PARAMETRIC_REPRESENTATION_CONTEXT() REPRESENTATION_CONTEXT('2D SPACE',''
  ) );
#3624 = PCURVE('',#3045,#3625);
#3625 = DEFINITIONAL_REPRESENTATION('',(#3626),#3630);
#3626 = LINE('',#3627,#3628);
#3627 = CARTESIAN_POINT('',(0.,0.));
#3628 = VECTOR('',#3629,1.);
#3629 = DIRECTION('',(1.,0.));
#3630 = ( GEOMETRIC_REPRESENTATION_CONTEXT(2) 
PARAMETRIC_REPRESENTATION_CONTEXT() REPRESENTATION_CONTEXT('2D SPACE',''
  ) );
#3631 = ORIENTED_EDGE('',*,*,#2310,.F.);
#3632 = ADVANCED_FACE('',(#3633),#2357,.T.);
#3633 = FACE_BOUND('',#3634,.T.);
#3634 = EDGE_LOOP('',(#3635,#3636,#3665,#3691));
#3635 = ORIENTED_EDGE('',*,*,#2341,.T.);
#3636 = ORIENTED_EDGE('',*,*,#3637,.T.);
#3637 = EDGE_CURVE('',#2342,#3638,#3640,.T.);
#3638 = VERTEX_POINT('',#3639);
#3639 = CARTESIAN_POINT('',(-76.76118238383,35.066224547606,
    -44.19432888192));
#3640 = SURFACE_CURVE('',#3641,(#3646,#3653),.PCURVE_S1.);
#3641 = CIRCLE('',#3642,10.348596819791);
#3642 = AXIS2_PLACEMENT_3D('',#3643,#3644,#3645);
#3643 = CARTESIAN_POINT('',(-72.2801085141,40.240522957502,
    -51.95577649676));
#3644 = DIRECTION('',(0.866025403784,-0.,0.5));
#3645 = DIRECTION('',(0.5,0.,-0.866025403784));
#3646 = PCURVE('',#2357,#3647);
#3647 = DEFINITIONAL_REPRESENTATION('',(#3648),#3652);
#3648 = LINE('',#3649,#3650);
#3649 = CARTESIAN_POINT('',(0.,-83.));
#3650 = VECTOR('',#3651,1.);
#3651 = DIRECTION('',(1.,0.));
#3652 = ( GEOMETRIC_REPRESENTATION_CONTEXT(2) 
PARAMETRIC_REPRESENTATION_CONTEXT() REPRESENTATION_CONTEXT('2D SPACE',''
  ) );
#3653 = PCURVE('',#3654,#3659);
#3654 = PLANE('',#3655);
#3655 = AXIS2_PLACEMENT_3D('',#3656,#3657,#3658);
#3656 = CARTESIAN_POINT('',(-76.20895124965,38.135062481146,
    -45.15082126385));
#3657 = DIRECTION('',(0.866025403784,-1.302020217225E-16,0.5));
#3658 = DIRECTION('',(-0.5,0.,0.866025403784));
#3659 = DEFINITIONAL_REPRESENTATION('',(#3660),#3664);
#3660 = CIRCLE('',#3661,10.348596819791);
#3661 = AXIS2_PLACEMENT_2D('',#3662,#3663);
#3662 = CARTESIAN_POINT('',(-7.857685471088,-2.105460476356));
#3663 = DIRECTION('',(-1.,0.));
#3664 = ( GEOMETRIC_REPRESENTATION_CONTEXT(2) 
PARAMETRIC_REPRESENTATION_CONTEXT() REPRESENTATION_CONTEXT('2D SPACE',''
  ) );
#3665 = ORIENTED_EDGE('',*,*,#3666,.F.);
#3666 = EDGE_CURVE('',#3559,#3638,#3667,.T.);
#3667 = SURFACE_CURVE('',#3668,(#3672,#3679),.PCURVE_S1.);
#3668 = LINE('',#3669,#3670);
#3669 = CARTESIAN_POINT('',(-4.881073869731,35.066224547606,
    -2.69432888192));
#3670 = VECTOR('',#3671,1.);
#3671 = DIRECTION('',(-0.866025403784,0.,-0.5));
#3672 = PCURVE('',#2357,#3673);
#3673 = DEFINITIONAL_REPRESENTATION('',(#3674),#3678);
#3674 = LINE('',#3675,#3676);
#3675 = CARTESIAN_POINT('',(3.665191429188,0.));
#3676 = VECTOR('',#3677,1.);
#3677 = DIRECTION('',(0.,-1.));
#3678 = ( GEOMETRIC_REPRESENTATION_CONTEXT(2) 
PARAMETRIC_REPRESENTATION_CONTEXT() REPRESENTATION_CONTEXT('2D SPACE',''
  ) );
#3679 = PCURVE('',#3680,#3685);
#3680 = PLANE('',#3681);
#3681 = AXIS2_PLACEMENT_3D('',#3682,#3683,#3684);
#3682 = CARTESIAN_POINT('',(-4.881073869731,35.066224547606,
    -2.69432888192));
#3683 = DIRECTION('',(0.433012701892,0.5,-0.75));
#3684 = DIRECTION('',(-0.866025403784,0.,-0.5));
#3685 = DEFINITIONAL_REPRESENTATION('',(#3686),#3690);
#3686 = LINE('',#3687,#3688);
#3687 = CARTESIAN_POINT('',(0.,0.));
#3688 = VECTOR('',#3689,1.);
#3689 = DIRECTION('',(1.,0.));
#3690 = ( GEOMETRIC_REPRESENTATION_CONTEXT(2) 
PARAMETRIC_REPRESENTATION_CONTEXT() REPRESENTATION_CONTEXT('2D SPACE',''
  ) );
#3691 = ORIENTED_EDGE('',*,*,#3558,.F.);
#3692 = ADVANCED_FACE('',(#3693),#2410,.F.);
#3693 = FACE_BOUND('',#3694,.F.);
#3694 = EDGE_LOOP('',(#3695,#3696,#3717,#3718));
#3695 = ORIENTED_EDGE('',*,*,#2396,.T.);
#3696 = ORIENTED_EDGE('',*,*,#3697,.T.);
#3697 = EDGE_CURVE('',#2369,#3057,#3698,.T.);
#3698 = SURFACE_CURVE('',#3699,(#3703,#3710),.PCURVE_S1.);
#3699 = LINE('',#3700,#3701);
#3700 = CARTESIAN_POINT('',(-77.454406924,166.12113323481,-42.9936287573
    ));
#3701 = VECTOR('',#3702,1.);
#3702 = DIRECTION('',(0.5,0.,-0.866025403784));
#3703 = PCURVE('',#2410,#3704);
#3704 = DEFINITIONAL_REPRESENTATION('',(#3705),#3709);
#3705 = LINE('',#3706,#3707);
#3706 = CARTESIAN_POINT('',(1.42108547152E-14,-83.));
#3707 = VECTOR('',#3708,1.);
#3708 = DIRECTION('',(1.,0.));
#3709 = ( GEOMETRIC_REPRESENTATION_CONTEXT(2) 
PARAMETRIC_REPRESENTATION_CONTEXT() REPRESENTATION_CONTEXT('2D SPACE',''
  ) );
#3710 = PCURVE('',#2384,#3711);
#3711 = DEFINITIONAL_REPRESENTATION('',(#3712),#3716);
#3712 = LINE('',#3713,#3714);
#3713 = CARTESIAN_POINT('',(2.334298409895,-62.94030513865));
#3714 = VECTOR('',#3715,1.);
#3715 = DIRECTION('',(-1.,0.));
#3716 = ( GEOMETRIC_REPRESENTATION_CONTEXT(2) 
PARAMETRIC_REPRESENTATION_CONTEXT() REPRESENTATION_CONTEXT('2D SPACE',''
  ) );
#3717 = ORIENTED_EDGE('',*,*,#3079,.F.);
#3718 = ORIENTED_EDGE('',*,*,#2427,.F.);
#3719 = ADVANCED_FACE('',(#3720),#2384,.F.);
#3720 = FACE_BOUND('',#3721,.F.);
#3721 = EDGE_LOOP('',(#3722,#3743,#3744,#3745));
#3722 = ORIENTED_EDGE('',*,*,#3723,.T.);
#3723 = EDGE_CURVE('',#2342,#3030,#3724,.T.);
#3724 = SURFACE_CURVE('',#3725,(#3729,#3736),.PCURVE_S1.);
#3725 = LINE('',#3726,#3727);
#3726 = CARTESIAN_POINT('',(-77.454406924,40.240522957502,-42.9936287573
    ));
#3727 = VECTOR('',#3728,1.);
#3728 = DIRECTION('',(0.5,0.,-0.866025403784));
#3729 = PCURVE('',#2384,#3730);
#3730 = DEFINITIONAL_REPRESENTATION('',(#3731),#3735);
#3731 = LINE('',#3732,#3733);
#3732 = CARTESIAN_POINT('',(2.334298409895,62.940305138657));
#3733 = VECTOR('',#3734,1.);
#3734 = DIRECTION('',(-1.,0.));
#3735 = ( GEOMETRIC_REPRESENTATION_CONTEXT(2) 
PARAMETRIC_REPRESENTATION_CONTEXT() REPRESENTATION_CONTEXT('2D SPACE',''
  ) );
#3736 = PCURVE('',#3654,#3737);
#3737 = DEFINITIONAL_REPRESENTATION('',(#3738),#3742);
#3738 = LINE('',#3739,#3740);
#3739 = CARTESIAN_POINT('',(2.490911348703,-2.105460476356));
#3740 = VECTOR('',#3741,1.);
#3741 = DIRECTION('',(-1.,1.232595164408E-32));
#3742 = ( GEOMETRIC_REPRESENTATION_CONTEXT(2) 
PARAMETRIC_REPRESENTATION_CONTEXT() REPRESENTATION_CONTEXT('2D SPACE',''
  ) );
#3743 = ORIENTED_EDGE('',*,*,#3056,.T.);
#3744 = ORIENTED_EDGE('',*,*,#3697,.F.);
#3745 = ORIENTED_EDGE('',*,*,#2368,.F.);
#3746 = ADVANCED_FACE('',(#3747),#2468,.T.);
#3747 = FACE_BOUND('',#3748,.T.);
#3748 = EDGE_LOOP('',(#3749,#3750,#3771,#3772));
#3749 = ORIENTED_EDGE('',*,*,#2486,.T.);
#3750 = ORIENTED_EDGE('',*,*,#3751,.T.);
#3751 = EDGE_CURVE('',#2487,#3106,#3752,.T.);
#3752 = SURFACE_CURVE('',#3753,(#3757,#3764),.PCURVE_S1.);
#3753 = LINE('',#3754,#3755);
#3754 = CARTESIAN_POINT('',(0.,287.96236799638,-130.8279819586));
#3755 = VECTOR('',#3756,1.);
#3756 = DIRECTION('',(0.,-0.866025403784,-0.5));
#3757 = PCURVE('',#2468,#3758);
#3758 = DEFINITIONAL_REPRESENTATION('',(#3759),#3763);
#3759 = LINE('',#3760,#3761);
#3760 = CARTESIAN_POINT('',(3.907985046681E-13,-145.));
#3761 = VECTOR('',#3762,1.);
#3762 = DIRECTION('',(1.,0.));
#3763 = ( GEOMETRIC_REPRESENTATION_CONTEXT(2) 
PARAMETRIC_REPRESENTATION_CONTEXT() REPRESENTATION_CONTEXT('2D SPACE',''
  ) );
#3764 = PCURVE('',#2525,#3765);
#3765 = DEFINITIONAL_REPRESENTATION('',(#3766),#3770);
#3766 = LINE('',#3767,#3768);
#3767 = CARTESIAN_POINT('',(2.334298409896,112.07701633326));
#3768 = VECTOR('',#3769,1.);
#3769 = DIRECTION('',(-1.,-0.));
#3770 = ( GEOMETRIC_REPRESENTATION_CONTEXT(2) 
PARAMETRIC_REPRESENTATION_CONTEXT() REPRESENTATION_CONTEXT('2D SPACE',''
  ) );
#3771 = ORIENTED_EDGE('',*,*,#3105,.F.);
#3772 = ORIENTED_EDGE('',*,*,#2454,.F.);
#3773 = ADVANCED_FACE('',(#3774),#2763,.F.);
#3774 = FACE_BOUND('',#3775,.F.);
#3775 = EDGE_LOOP('',(#3776,#3777,#3798,#3799));
#3776 = ORIENTED_EDGE('',*,*,#2749,.T.);
#3777 = ORIENTED_EDGE('',*,*,#3778,.T.);
#3778 = EDGE_CURVE('',#2722,#3306,#3779,.T.);
#3779 = SURFACE_CURVE('',#3780,(#3784,#3791),.PCURVE_S1.);
#3780 = LINE('',#3781,#3782);
#3781 = CARTESIAN_POINT('',(224.15403266652,287.96236799638,
    -130.8279819586));
#3782 = VECTOR('',#3783,1.);
#3783 = DIRECTION('',(0.,-0.866025403784,-0.5));
#3784 = PCURVE('',#2763,#3785);
#3785 = DEFINITIONAL_REPRESENTATION('',(#3786),#3790);
#3786 = LINE('',#3787,#3788);
#3787 = CARTESIAN_POINT('',(3.907985046681E-13,-145.));
#3788 = VECTOR('',#3789,1.);
#3789 = DIRECTION('',(1.,0.));
#3790 = ( GEOMETRIC_REPRESENTATION_CONTEXT(2) 
PARAMETRIC_REPRESENTATION_CONTEXT() REPRESENTATION_CONTEXT('2D SPACE',''
  ) );
#3791 = PCURVE('',#2737,#3792);
#3792 = DEFINITIONAL_REPRESENTATION('',(#3793),#3797);
#3793 = LINE('',#3794,#3795);
#3794 = CARTESIAN_POINT('',(2.334298409896,-112.0770163332));
#3795 = VECTOR('',#3796,1.);
#3796 = DIRECTION('',(-1.,-0.));
#3797 = ( GEOMETRIC_REPRESENTATION_CONTEXT(2) 
PARAMETRIC_REPRESENTATION_CONTEXT() REPRESENTATION_CONTEXT('2D SPACE',''
  ) );
#3798 = ORIENTED_EDGE('',*,*,#3328,.F.);
#3799 = ORIENTED_EDGE('',*,*,#2779,.F.);
#3800 = ADVANCED_FACE('',(#3801),#2737,.F.);
#3801 = FACE_BOUND('',#3802,.F.);
#3802 = EDGE_LOOP('',(#3803,#3804,#3825,#3826));
#3803 = ORIENTED_EDGE('',*,*,#2721,.F.);
#3804 = ORIENTED_EDGE('',*,*,#3805,.F.);
#3805 = EDGE_CURVE('',#3285,#2696,#3806,.T.);
#3806 = SURFACE_CURVE('',#3807,(#3811,#3818),.PCURVE_S1.);
#3807 = LINE('',#3808,#3809);
#3808 = CARTESIAN_POINT('',(196.32029474967,281.89768282743,
    -134.3294295734));
#3809 = VECTOR('',#3810,1.);
#3810 = DIRECTION('',(0.,0.866025403784,0.5));
#3811 = PCURVE('',#2737,#3812);
#3812 = DEFINITIONAL_REPRESENTATION('',(#3813),#3817);
#3813 = LINE('',#3814,#3815);
#3814 = CARTESIAN_POINT('',(-4.668596819791,-84.2432784164));
#3815 = VECTOR('',#3816,1.);
#3816 = DIRECTION('',(1.,0.));
#3817 = ( GEOMETRIC_REPRESENTATION_CONTEXT(2) 
PARAMETRIC_REPRESENTATION_CONTEXT() REPRESENTATION_CONTEXT('2D SPACE',''
  ) );
#3818 = PCURVE('',#2710,#3819);
#3819 = DEFINITIONAL_REPRESENTATION('',(#3820),#3824);
#3820 = LINE('',#3821,#3822);
#3821 = CARTESIAN_POINT('',(0.,0.));
#3822 = VECTOR('',#3823,1.);
#3823 = DIRECTION('',(1.,0.));
#3824 = ( GEOMETRIC_REPRESENTATION_CONTEXT(2) 
PARAMETRIC_REPRESENTATION_CONTEXT() REPRESENTATION_CONTEXT('2D SPACE',''
  ) );
#3825 = ORIENTED_EDGE('',*,*,#3305,.T.);
#3826 = ORIENTED_EDGE('',*,*,#3778,.F.);
#3827 = ADVANCED_FACE('',(#3828),#2710,.T.);
#3828 = FACE_BOUND('',#3829,.T.);
#3829 = EDGE_LOOP('',(#3830,#3831,#3832,#3853));
#3830 = ORIENTED_EDGE('',*,*,#3805,.F.);
#3831 = ORIENTED_EDGE('',*,*,#3284,.F.);
#3832 = ORIENTED_EDGE('',*,*,#3833,.T.);
#3833 = EDGE_CURVE('',#3264,#2670,#3834,.T.);
#3834 = SURFACE_CURVE('',#3835,(#3839,#3846),.PCURVE_S1.);
#3835 = LINE('',#3836,#3837);
#3836 = CARTESIAN_POINT('',(196.32029474967,276.31838441754,
    -124.6658012569));
#3837 = VECTOR('',#3838,1.);
#3838 = DIRECTION('',(0.,0.866025403784,0.5));
#3839 = PCURVE('',#2710,#3840);
#3840 = DEFINITIONAL_REPRESENTATION('',(#3841),#3845);
#3841 = LINE('',#3842,#3843);
#3842 = CARTESIAN_POINT('',(2.6645352591E-14,-11.15859681979));
#3843 = VECTOR('',#3844,1.);
#3844 = DIRECTION('',(1.,0.));
#3845 = ( GEOMETRIC_REPRESENTATION_CONTEXT(2) 
PARAMETRIC_REPRESENTATION_CONTEXT() REPRESENTATION_CONTEXT('2D SPACE',''
  ) );
#3846 = PCURVE('',#2684,#3847);
#3847 = DEFINITIONAL_REPRESENTATION('',(#3848),#3852);
#3848 = LINE('',#3849,#3850);
#3849 = CARTESIAN_POINT('',(4.668596819791,-2.334298409895));
#3850 = VECTOR('',#3851,1.);
#3851 = DIRECTION('',(-1.,0.));
#3852 = ( GEOMETRIC_REPRESENTATION_CONTEXT(2) 
PARAMETRIC_REPRESENTATION_CONTEXT() REPRESENTATION_CONTEXT('2D SPACE',''
  ) );
#3853 = ORIENTED_EDGE('',*,*,#2695,.T.);
#3854 = ADVANCED_FACE('',(#3855),#2684,.T.);
#3855 = FACE_BOUND('',#3856,.T.);
#3856 = EDGE_LOOP('',(#3857,#3858,#3879,#3880));
#3857 = ORIENTED_EDGE('',*,*,#3263,.F.);
#3858 = ORIENTED_EDGE('',*,*,#3859,.T.);
#3859 = EDGE_CURVE('',#3243,#2644,#3860,.T.);
#3860 = SURFACE_CURVE('',#3861,(#3865,#3872),.PCURVE_S1.);
#3861 = LINE('',#3862,#3863);
#3862 = CARTESIAN_POINT('',(191.65169792988,276.31838441754,
    -124.6658012569));
#3863 = VECTOR('',#3864,1.);
#3864 = DIRECTION('',(0.,0.866025403784,0.5));
#3865 = PCURVE('',#2684,#3866);
#3866 = DEFINITIONAL_REPRESENTATION('',(#3867),#3871);
#3867 = LINE('',#3868,#3869);
#3868 = CARTESIAN_POINT('',(4.668596819791,2.334298409895));
#3869 = VECTOR('',#3870,1.);
#3870 = DIRECTION('',(-1.,0.));
#3871 = ( GEOMETRIC_REPRESENTATION_CONTEXT(2) 
PARAMETRIC_REPRESENTATION_CONTEXT() REPRESENTATION_CONTEXT('2D SPACE',''
  ) );
#3872 = PCURVE('',#2658,#3873);
#3873 = DEFINITIONAL_REPRESENTATION('',(#3874),#3878);
#3874 = LINE('',#3875,#3876);
#3875 = CARTESIAN_POINT('',(2.6645352591E-14,-11.15859681979));
#3876 = VECTOR('',#3877,1.);
#3877 = DIRECTION('',(1.,0.));
#3878 = ( GEOMETRIC_REPRESENTATION_CONTEXT(2) 
PARAMETRIC_REPRESENTATION_CONTEXT() REPRESENTATION_CONTEXT('2D SPACE',''
  ) );
#3879 = ORIENTED_EDGE('',*,*,#2669,.T.);
#3880 = ORIENTED_EDGE('',*,*,#3833,.F.);
#3881 = ADVANCED_FACE('',(#3882),#2658,.F.);
#3882 = FACE_BOUND('',#3883,.F.);
#3883 = EDGE_LOOP('',(#3884,#3910,#3911,#3912));
#3884 = ORIENTED_EDGE('',*,*,#3885,.F.);
#3885 = EDGE_CURVE('',#3215,#2616,#3886,.T.);
#3886 = SURFACE_CURVE('',#3887,(#3891,#3898),.PCURVE_S1.);
#3887 = LINE('',#3888,#3889);
#3888 = CARTESIAN_POINT('',(191.65169792988,283.91924455041,
    -133.1622803685));
#3889 = VECTOR('',#3890,1.);
#3890 = DIRECTION('',(0.,0.866025403784,0.5));
#3891 = PCURVE('',#2658,#3892);
#3892 = DEFINITIONAL_REPRESENTATION('',(#3893),#3897);
#3893 = LINE('',#3894,#3895);
#3894 = CARTESIAN_POINT('',(2.334298409895,0.));
#3895 = VECTOR('',#3896,1.);
#3896 = DIRECTION('',(1.,0.));
#3897 = ( GEOMETRIC_REPRESENTATION_CONTEXT(2) 
PARAMETRIC_REPRESENTATION_CONTEXT() REPRESENTATION_CONTEXT('2D SPACE',''
  ) );
#3898 = PCURVE('',#3899,#3904);
#3899 = PLANE('',#3900);
#3900 = AXIS2_PLACEMENT_3D('',#3901,#3902,#3903);
#3901 = CARTESIAN_POINT('',(191.65169792988,291.56911740168,
    -135.0984196689));
#3902 = DIRECTION('',(1.,0.,0.));
#3903 = DIRECTION('',(-0.,0.,1.));
#3904 = DEFINITIONAL_REPRESENTATION('',(#3905),#3909);
#3905 = LINE('',#3906,#3907);
#3906 = CARTESIAN_POINT('',(1.93613930046,7.649872851271));
#3907 = VECTOR('',#3908,1.);
#3908 = DIRECTION('',(0.5,-0.866025403784));
#3909 = ( GEOMETRIC_REPRESENTATION_CONTEXT(2) 
PARAMETRIC_REPRESENTATION_CONTEXT() REPRESENTATION_CONTEXT('2D SPACE',''
  ) );
#3910 = ORIENTED_EDGE('',*,*,#3242,.F.);
#3911 = ORIENTED_EDGE('',*,*,#3859,.T.);
#3912 = ORIENTED_EDGE('',*,*,#2643,.T.);
#3913 = ADVANCED_FACE('',(#3914),#2631,.F.);
#3914 = FACE_BOUND('',#3915,.T.);
#3915 = EDGE_LOOP('',(#3916,#3917,#3941,#3969));
#3916 = ORIENTED_EDGE('',*,*,#2615,.T.);
#3917 = ORIENTED_EDGE('',*,*,#3918,.T.);
#3918 = EDGE_CURVE('',#2616,#3919,#3921,.T.);
#3919 = VERTEX_POINT('',#3920);
#3920 = CARTESIAN_POINT('',(191.65169792988,296.82787286694,
    -133.2034868292));
#3921 = SURFACE_CURVE('',#3922,(#3927,#3934),.PCURVE_S1.);
#3922 = CIRCLE('',#3923,6.49);
#3923 = AXIS2_PLACEMENT_3D('',#3924,#3925,#3926);
#3924 = CARTESIAN_POINT('',(191.65169792988,293.58287286694,
    -127.5829819586));
#3925 = DIRECTION('',(1.,-0.,0.));
#3926 = DIRECTION('',(0.,0.866025403784,0.5));
#3927 = PCURVE('',#2631,#3928);
#3928 = DEFINITIONAL_REPRESENTATION('',(#3929),#3933);
#3929 = LINE('',#3930,#3931);
#3930 = CARTESIAN_POINT('',(-0.,-159.1493631932));
#3931 = VECTOR('',#3932,1.);
#3932 = DIRECTION('',(-1.,0.));
#3933 = ( GEOMETRIC_REPRESENTATION_CONTEXT(2) 
PARAMETRIC_REPRESENTATION_CONTEXT() REPRESENTATION_CONTEXT('2D SPACE',''
  ) );
#3934 = PCURVE('',#3899,#3935);
#3935 = DEFINITIONAL_REPRESENTATION('',(#3936),#3940);
#3936 = CIRCLE('',#3937,6.49);
#3937 = AXIS2_PLACEMENT_2D('',#3938,#3939);
#3938 = CARTESIAN_POINT('',(7.515437710356,-2.013755465256));
#3939 = DIRECTION('',(0.5,-0.866025403784));
#3940 = ( GEOMETRIC_REPRESENTATION_CONTEXT(2) 
PARAMETRIC_REPRESENTATION_CONTEXT() REPRESENTATION_CONTEXT('2D SPACE',''
  ) );
#3941 = ORIENTED_EDGE('',*,*,#3942,.F.);
#3942 = EDGE_CURVE('',#3943,#3919,#3945,.T.);
#3943 = VERTEX_POINT('',#3944);
#3944 = CARTESIAN_POINT('',(32.502334736647,296.82787286694,
    -133.2034868292));
#3945 = SURFACE_CURVE('',#3946,(#3950,#3957),.PCURVE_S1.);
#3946 = LINE('',#3947,#3948);
#3947 = CARTESIAN_POINT('',(32.502334736647,296.82787286694,
    -133.2034868292));
#3948 = VECTOR('',#3949,1.);
#3949 = DIRECTION('',(1.,0.,0.));
#3950 = PCURVE('',#2631,#3951);
#3951 = DEFINITIONAL_REPRESENTATION('',(#3952),#3956);
#3952 = LINE('',#3953,#3954);
#3953 = CARTESIAN_POINT('',(-4.712388980385,0.));
#3954 = VECTOR('',#3955,1.);
#3955 = DIRECTION('',(-0.,-1.));
#3956 = ( GEOMETRIC_REPRESENTATION_CONTEXT(2) 
PARAMETRIC_REPRESENTATION_CONTEXT() REPRESENTATION_CONTEXT('2D SPACE',''
  ) );
#3957 = PCURVE('',#3958,#3963);
#3958 = PLANE('',#3959);
#3959 = AXIS2_PLACEMENT_3D('',#3960,#3961,#3962);
#3960 = CARTESIAN_POINT('',(32.502334736647,296.82787286694,
    -133.2034868292));
#3961 = DIRECTION('',(0.,0.5,-0.866025403784));
#3962 = DIRECTION('',(1.,0.,0.));
#3963 = DEFINITIONAL_REPRESENTATION('',(#3964),#3968);
#3964 = LINE('',#3965,#3966);
#3965 = CARTESIAN_POINT('',(0.,0.));
#3966 = VECTOR('',#3967,1.);
#3967 = DIRECTION('',(1.,0.));
#3968 = ( GEOMETRIC_REPRESENTATION_CONTEXT(2) 
PARAMETRIC_REPRESENTATION_CONTEXT() REPRESENTATION_CONTEXT('2D SPACE',''
  ) );
#3969 = ORIENTED_EDGE('',*,*,#3970,.F.);
#3970 = EDGE_CURVE('',#2590,#3943,#3971,.T.);
#3971 = SURFACE_CURVE('',#3972,(#3977,#3984),.PCURVE_S1.);
#3972 = CIRCLE('',#3973,6.49);
#3973 = AXIS2_PLACEMENT_3D('',#3974,#3975,#3976);
#3974 = CARTESIAN_POINT('',(32.502334736647,293.58287286694,
    -127.5829819586));
#3975 = DIRECTION('',(1.,-0.,0.));
#3976 = DIRECTION('',(0.,0.866025403784,0.5));
#3977 = PCURVE('',#2631,#3978);
#3978 = DEFINITIONAL_REPRESENTATION('',(#3979),#3983);
#3979 = LINE('',#3980,#3981);
#3980 = CARTESIAN_POINT('',(-0.,0.));
#3981 = VECTOR('',#3982,1.);
#3982 = DIRECTION('',(-1.,0.));
#3983 = ( GEOMETRIC_REPRESENTATION_CONTEXT(2) 
PARAMETRIC_REPRESENTATION_CONTEXT() REPRESENTATION_CONTEXT('2D SPACE',''
  ) );
#3984 = PCURVE('',#3985,#3990);
#3985 = PLANE('',#3986);
#3986 = AXIS2_PLACEMENT_3D('',#3987,#3988,#3989);
#3987 = CARTESIAN_POINT('',(32.502334736647,291.56911740168,
    -135.0984196689));
#3988 = DIRECTION('',(1.,0.,0.));
#3989 = DIRECTION('',(-0.,0.,1.));
#3990 = DEFINITIONAL_REPRESENTATION('',(#3991),#3995);
#3991 = CIRCLE('',#3992,6.49);
#3992 = AXIS2_PLACEMENT_2D('',#3993,#3994);
#3993 = CARTESIAN_POINT('',(7.515437710356,-2.013755465256));
#3994 = DIRECTION('',(0.5,-0.866025403784));
#3995 = ( GEOMETRIC_REPRESENTATION_CONTEXT(2) 
PARAMETRIC_REPRESENTATION_CONTEXT() REPRESENTATION_CONTEXT('2D SPACE',''
  ) );
#3996 = ADVANCED_FACE('',(#3997),#2604,.T.);
#3997 = FACE_BOUND('',#3998,.T.);
#3998 = EDGE_LOOP('',(#3999,#4020,#4021,#4042));
#3999 = ORIENTED_EDGE('',*,*,#4000,.F.);
#4000 = EDGE_CURVE('',#3194,#2590,#4001,.T.);
#4001 = SURFACE_CURVE('',#4002,(#4006,#4013),.PCURVE_S1.);
#4002 = LINE('',#4003,#4004);
#4003 = CARTESIAN_POINT('',(32.502334736647,283.91924455041,
    -133.1622803685));
#4004 = VECTOR('',#4005,1.);
#4005 = DIRECTION('',(0.,0.866025403784,0.5));
#4006 = PCURVE('',#2604,#4007);
#4007 = DEFINITIONAL_REPRESENTATION('',(#4008),#4012);
#4008 = LINE('',#4009,#4010);
#4009 = CARTESIAN_POINT('',(2.334298409895,0.));
#4010 = VECTOR('',#4011,1.);
#4011 = DIRECTION('',(1.,0.));
#4012 = ( GEOMETRIC_REPRESENTATION_CONTEXT(2) 
PARAMETRIC_REPRESENTATION_CONTEXT() REPRESENTATION_CONTEXT('2D SPACE',''
  ) );
#4013 = PCURVE('',#3985,#4014);
#4014 = DEFINITIONAL_REPRESENTATION('',(#4015),#4019);
#4015 = LINE('',#4016,#4017);
#4016 = CARTESIAN_POINT('',(1.93613930046,7.649872851271));
#4017 = VECTOR('',#4018,1.);
#4018 = DIRECTION('',(0.5,-0.866025403784));
#4019 = ( GEOMETRIC_REPRESENTATION_CONTEXT(2) 
PARAMETRIC_REPRESENTATION_CONTEXT() REPRESENTATION_CONTEXT('2D SPACE',''
  ) );
#4020 = ORIENTED_EDGE('',*,*,#3193,.F.);
#4021 = ORIENTED_EDGE('',*,*,#4022,.T.);
#4022 = EDGE_CURVE('',#3173,#2564,#4023,.T.);
#4023 = SURFACE_CURVE('',#4024,(#4028,#4035),.PCURVE_S1.);
#4024 = LINE('',#4025,#4026);
#4025 = CARTESIAN_POINT('',(32.502334736647,276.31838441754,
    -124.6658012569));
#4026 = VECTOR('',#4027,1.);
#4027 = DIRECTION('',(0.,0.866025403784,0.5));
#4028 = PCURVE('',#2604,#4029);
#4029 = DEFINITIONAL_REPRESENTATION('',(#4030),#4034);
#4030 = LINE('',#4031,#4032);
#4031 = CARTESIAN_POINT('',(2.6645352591E-14,-11.15859681979));
#4032 = VECTOR('',#4033,1.);
#4033 = DIRECTION('',(1.,0.));
#4034 = ( GEOMETRIC_REPRESENTATION_CONTEXT(2) 
PARAMETRIC_REPRESENTATION_CONTEXT() REPRESENTATION_CONTEXT('2D SPACE',''
  ) );
#4035 = PCURVE('',#2578,#4036);
#4036 = DEFINITIONAL_REPRESENTATION('',(#4037),#4041);
#4037 = LINE('',#4038,#4039);
#4038 = CARTESIAN_POINT('',(-4.668596819791,-2.334298409895));
#4039 = VECTOR('',#4040,1.);
#4040 = DIRECTION('',(1.,0.));
#4041 = ( GEOMETRIC_REPRESENTATION_CONTEXT(2) 
PARAMETRIC_REPRESENTATION_CONTEXT() REPRESENTATION_CONTEXT('2D SPACE',''
  ) );
#4042 = ORIENTED_EDGE('',*,*,#2589,.T.);
#4043 = ADVANCED_FACE('',(#4044),#2578,.F.);
#4044 = FACE_BOUND('',#4045,.F.);
#4045 = EDGE_LOOP('',(#4046,#4047,#4048,#4049));
#4046 = ORIENTED_EDGE('',*,*,#3172,.F.);
#4047 = ORIENTED_EDGE('',*,*,#4022,.T.);
#4048 = ORIENTED_EDGE('',*,*,#2563,.T.);
#4049 = ORIENTED_EDGE('',*,*,#4050,.F.);
#4050 = EDGE_CURVE('',#3152,#2538,#4051,.T.);
#4051 = SURFACE_CURVE('',#4052,(#4056,#4063),.PCURVE_S1.);
#4052 = LINE('',#4053,#4054);
#4053 = CARTESIAN_POINT('',(27.833737916856,276.31838441754,
    -124.6658012569));
#4054 = VECTOR('',#4055,1.);
#4055 = DIRECTION('',(0.,0.866025403784,0.5));
#4056 = PCURVE('',#2578,#4057);
#4057 = DEFINITIONAL_REPRESENTATION('',(#4058),#4062);
#4058 = LINE('',#4059,#4060);
#4059 = CARTESIAN_POINT('',(-4.668596819791,2.334298409895));
#4060 = VECTOR('',#4061,1.);
#4061 = DIRECTION('',(1.,0.));
#4062 = ( GEOMETRIC_REPRESENTATION_CONTEXT(2) 
PARAMETRIC_REPRESENTATION_CONTEXT() REPRESENTATION_CONTEXT('2D SPACE',''
  ) );
#4063 = PCURVE('',#2552,#4064);
#4064 = DEFINITIONAL_REPRESENTATION('',(#4065),#4069);
#4065 = LINE('',#4066,#4067);
#4066 = CARTESIAN_POINT('',(2.6645352591E-14,-11.15859681979));
#4067 = VECTOR('',#4068,1.);
#4068 = DIRECTION('',(1.,0.));
#4069 = ( GEOMETRIC_REPRESENTATION_CONTEXT(2) 
PARAMETRIC_REPRESENTATION_CONTEXT() REPRESENTATION_CONTEXT('2D SPACE',''
  ) );
#4070 = ADVANCED_FACE('',(#4071),#2552,.F.);
#4071 = FACE_BOUND('',#4072,.F.);
#4072 = EDGE_LOOP('',(#4073,#4094,#4095,#4096));
#4073 = ORIENTED_EDGE('',*,*,#4074,.F.);
#4074 = EDGE_CURVE('',#3129,#2510,#4075,.T.);
#4075 = SURFACE_CURVE('',#4076,(#4080,#4087),.PCURVE_S1.);
#4076 = LINE('',#4077,#4078);
#4077 = CARTESIAN_POINT('',(27.833737916856,281.89768282743,
    -134.3294295734));
#4078 = VECTOR('',#4079,1.);
#4079 = DIRECTION('',(0.,0.866025403784,0.5));
#4080 = PCURVE('',#2552,#4081);
#4081 = DEFINITIONAL_REPRESENTATION('',(#4082),#4086);
#4082 = LINE('',#4083,#4084);
#4083 = CARTESIAN_POINT('',(0.,0.));
#4084 = VECTOR('',#4085,1.);
#4085 = DIRECTION('',(1.,0.));
#4086 = ( GEOMETRIC_REPRESENTATION_CONTEXT(2) 
PARAMETRIC_REPRESENTATION_CONTEXT() REPRESENTATION_CONTEXT('2D SPACE',''
  ) );
#4087 = PCURVE('',#2525,#4088);
#4088 = DEFINITIONAL_REPRESENTATION('',(#4089),#4093);
#4089 = LINE('',#4090,#4091);
#4090 = CARTESIAN_POINT('',(-4.668596819791,84.243278416408));
#4091 = VECTOR('',#4092,1.);
#4092 = DIRECTION('',(1.,0.));
#4093 = ( GEOMETRIC_REPRESENTATION_CONTEXT(2) 
PARAMETRIC_REPRESENTATION_CONTEXT() REPRESENTATION_CONTEXT('2D SPACE',''
  ) );
#4094 = ORIENTED_EDGE('',*,*,#3151,.F.);
#4095 = ORIENTED_EDGE('',*,*,#4050,.T.);
#4096 = ORIENTED_EDGE('',*,*,#2537,.T.);
#4097 = ADVANCED_FACE('',(#4098),#2525,.F.);
#4098 = FACE_BOUND('',#4099,.F.);
#4099 = EDGE_LOOP('',(#4100,#4101,#4102,#4103));
#4100 = ORIENTED_EDGE('',*,*,#2509,.F.);
#4101 = ORIENTED_EDGE('',*,*,#3751,.T.);
#4102 = ORIENTED_EDGE('',*,*,#3128,.T.);
#4103 = ORIENTED_EDGE('',*,*,#4074,.T.);
#4104 = ADVANCED_FACE('',(#4105),#2820,.T.);
#4105 = FACE_BOUND('',#4106,.T.);
#4106 = EDGE_LOOP('',(#4107,#4108,#4134,#4135));
#4107 = ORIENTED_EDGE('',*,*,#2892,.T.);
#4108 = ORIENTED_EDGE('',*,*,#4109,.T.);
#4109 = EDGE_CURVE('',#2866,#3376,#4110,.T.);
#4110 = SURFACE_CURVE('',#4111,(#4115,#4122),.PCURVE_S1.);
#4111 = LINE('',#4112,#4113);
#4112 = CARTESIAN_POINT('',(301.60843959053,166.12113323481,
    -42.9936287573));
#4113 = VECTOR('',#4114,1.);
#4114 = DIRECTION('',(-0.5,0.,-0.866025403784));
#4115 = PCURVE('',#2820,#4116);
#4116 = DEFINITIONAL_REPRESENTATION('',(#4117),#4121);
#4117 = LINE('',#4118,#4119);
#4118 = CARTESIAN_POINT('',(6.394884621841E-14,-83.));
#4119 = VECTOR('',#4120,1.);
#4120 = DIRECTION('',(1.,0.));
#4121 = ( GEOMETRIC_REPRESENTATION_CONTEXT(2) 
PARAMETRIC_REPRESENTATION_CONTEXT() REPRESENTATION_CONTEXT('2D SPACE',''
  ) );
#4122 = PCURVE('',#4123,#4128);
#4123 = PLANE('',#4124);
#4124 = AXIS2_PLACEMENT_3D('',#4125,#4126,#4127);
#4125 = CARTESIAN_POINT('',(303.08369203638,166.12113323481,
    -49.63963762541));
#4126 = DIRECTION('',(0.,1.,0.));
#4127 = DIRECTION('',(0.,-0.,1.));
#4128 = DEFINITIONAL_REPRESENTATION('',(#4129),#4133);
#4129 = LINE('',#4130,#4131);
#4130 = CARTESIAN_POINT('',(6.646008868108,-1.475252445855));
#4131 = VECTOR('',#4132,1.);
#4132 = DIRECTION('',(-0.866025403784,-0.5));
#4133 = ( GEOMETRIC_REPRESENTATION_CONTEXT(2) 
PARAMETRIC_REPRESENTATION_CONTEXT() REPRESENTATION_CONTEXT('2D SPACE',''
  ) );
#4134 = ORIENTED_EDGE('',*,*,#3402,.F.);
#4135 = ORIENTED_EDGE('',*,*,#2806,.F.);
#4136 = ADVANCED_FACE('',(#4137),#2853,.F.);
#4137 = FACE_BOUND('',#4138,.F.);
#4138 = EDGE_LOOP('',(#4139,#4140,#4166,#4167));
#4139 = ORIENTED_EDGE('',*,*,#2837,.T.);
#4140 = ORIENTED_EDGE('',*,*,#4141,.T.);
#4141 = EDGE_CURVE('',#2838,#3353,#4142,.T.);
#4142 = SURFACE_CURVE('',#4143,(#4147,#4154),.PCURVE_S1.);
#4143 = LINE('',#4144,#4145);
#4144 = CARTESIAN_POINT('',(301.60843959053,40.240522957502,
    -42.9936287573));
#4145 = VECTOR('',#4146,1.);
#4146 = DIRECTION('',(-0.5,0.,-0.866025403784));
#4147 = PCURVE('',#2853,#4148);
#4148 = DEFINITIONAL_REPRESENTATION('',(#4149),#4153);
#4149 = LINE('',#4150,#4151);
#4150 = CARTESIAN_POINT('',(6.394884621841E-14,-83.));
#4151 = VECTOR('',#4152,1.);
#4152 = DIRECTION('',(1.,0.));
#4153 = ( GEOMETRIC_REPRESENTATION_CONTEXT(2) 
PARAMETRIC_REPRESENTATION_CONTEXT() REPRESENTATION_CONTEXT('2D SPACE',''
  ) );
#4154 = PCURVE('',#4155,#4160);
#4155 = PLANE('',#4156);
#4156 = AXIS2_PLACEMENT_3D('',#4157,#4158,#4159);
#4157 = CARTESIAN_POINT('',(303.08369203638,40.240522957502,
    -49.63963762541));
#4158 = DIRECTION('',(0.,1.,0.));
#4159 = DIRECTION('',(0.,-0.,1.));
#4160 = DEFINITIONAL_REPRESENTATION('',(#4161),#4165);
#4161 = LINE('',#4162,#4163);
#4162 = CARTESIAN_POINT('',(6.646008868108,-1.475252445855));
#4163 = VECTOR('',#4164,1.);
#4164 = DIRECTION('',(-0.866025403784,-0.5));
#4165 = ( GEOMETRIC_REPRESENTATION_CONTEXT(2) 
PARAMETRIC_REPRESENTATION_CONTEXT() REPRESENTATION_CONTEXT('2D SPACE',''
  ) );
#4166 = ORIENTED_EDGE('',*,*,#3352,.F.);
#4167 = ORIENTED_EDGE('',*,*,#2918,.F.);
#4168 = ADVANCED_FACE('',(#4169),#2881,.T.);
#4169 = FACE_BOUND('',#4170,.F.);
#4170 = EDGE_LOOP('',(#4171,#4172,#4196,#4224));
#4171 = ORIENTED_EDGE('',*,*,#2865,.T.);
#4172 = ORIENTED_EDGE('',*,*,#4173,.T.);
#4173 = EDGE_CURVE('',#2866,#4174,#4176,.T.);
#4174 = VERTEX_POINT('',#4175);
#4175 = CARTESIAN_POINT('',(305.12909037533,166.12113323481,
    -56.13287636189));
#4176 = SURFACE_CURVE('',#4177,(#4182,#4189),.PCURVE_S1.);
#4177 = CIRCLE('',#4178,9.618596819791);
#4178 = AXIS2_PLACEMENT_3D('',#4179,#4180,#4181);
#4179 = CARTESIAN_POINT('',(296.79914118063,166.12113323481,
    -51.323577952));
#4180 = DIRECTION('',(0.,1.,0.));
#4181 = DIRECTION('',(-0.5,0.,-0.866025403784));
#4182 = PCURVE('',#2881,#4183);
#4183 = DEFINITIONAL_REPRESENTATION('',(#4184),#4188);
#4184 = LINE('',#4185,#4186);
#4185 = CARTESIAN_POINT('',(-0.,-125.8806102773));
#4186 = VECTOR('',#4187,1.);
#4187 = DIRECTION('',(-1.,0.));
#4188 = ( GEOMETRIC_REPRESENTATION_CONTEXT(2) 
PARAMETRIC_REPRESENTATION_CONTEXT() REPRESENTATION_CONTEXT('2D SPACE',''
  ) );
#4189 = PCURVE('',#4123,#4190);
#4190 = DEFINITIONAL_REPRESENTATION('',(#4191),#4195);
#4191 = CIRCLE('',#4192,9.618596819791);
#4192 = AXIS2_PLACEMENT_2D('',#4193,#4194);
#4193 = CARTESIAN_POINT('',(-1.683940326591,-6.284550855751));
#4194 = DIRECTION('',(-0.866025403784,-0.5));
#4195 = ( GEOMETRIC_REPRESENTATION_CONTEXT(2) 
PARAMETRIC_REPRESENTATION_CONTEXT() REPRESENTATION_CONTEXT('2D SPACE',''
  ) );
#4196 = ORIENTED_EDGE('',*,*,#4197,.F.);
#4197 = EDGE_CURVE('',#4198,#4174,#4200,.T.);
#4198 = VERTEX_POINT('',#4199);
#4199 = CARTESIAN_POINT('',(305.12909037533,40.240522957502,
    -56.13287636189));
#4200 = SURFACE_CURVE('',#4201,(#4205,#4212),.PCURVE_S1.);
#4201 = LINE('',#4202,#4203);
#4202 = CARTESIAN_POINT('',(305.12909037533,40.240522957502,
    -56.13287636189));
#4203 = VECTOR('',#4204,1.);
#4204 = DIRECTION('',(0.,1.,0.));
#4205 = PCURVE('',#2881,#4206);
#4206 = DEFINITIONAL_REPRESENTATION('',(#4207),#4211);
#4207 = LINE('',#4208,#4209);
#4208 = CARTESIAN_POINT('',(-4.712388980385,0.));
#4209 = VECTOR('',#4210,1.);
#4210 = DIRECTION('',(-0.,-1.));
#4211 = ( GEOMETRIC_REPRESENTATION_CONTEXT(2) 
PARAMETRIC_REPRESENTATION_CONTEXT() REPRESENTATION_CONTEXT('2D SPACE',''
  ) );
#4212 = PCURVE('',#4213,#4218);
#4213 = PLANE('',#4214);
#4214 = AXIS2_PLACEMENT_3D('',#4215,#4216,#4217);
#4215 = CARTESIAN_POINT('',(305.12909037533,40.240522957502,
    -56.13287636189));
#4216 = DIRECTION('',(0.866025403784,0.,-0.5));
#4217 = DIRECTION('',(0.,1.,0.));
#4218 = DEFINITIONAL_REPRESENTATION('',(#4219),#4223);
#4219 = LINE('',#4220,#4221);
#4220 = CARTESIAN_POINT('',(0.,0.));
#4221 = VECTOR('',#4222,1.);
#4222 = DIRECTION('',(1.,0.));
#4223 = ( GEOMETRIC_REPRESENTATION_CONTEXT(2) 
PARAMETRIC_REPRESENTATION_CONTEXT() REPRESENTATION_CONTEXT('2D SPACE',''
  ) );
#4224 = ORIENTED_EDGE('',*,*,#4225,.F.);
#4225 = EDGE_CURVE('',#2838,#4198,#4226,.T.);
#4226 = SURFACE_CURVE('',#4227,(#4232,#4239),.PCURVE_S1.);
#4227 = CIRCLE('',#4228,9.618596819791);
#4228 = AXIS2_PLACEMENT_3D('',#4229,#4230,#4231);
#4229 = CARTESIAN_POINT('',(296.79914118063,40.240522957502,
    -51.323577952));
#4230 = DIRECTION('',(0.,1.,0.));
#4231 = DIRECTION('',(-0.5,0.,-0.866025403784));
#4232 = PCURVE('',#2881,#4233);
#4233 = DEFINITIONAL_REPRESENTATION('',(#4234),#4238);
#4234 = LINE('',#4235,#4236);
#4235 = CARTESIAN_POINT('',(-0.,0.));
#4236 = VECTOR('',#4237,1.);
#4237 = DIRECTION('',(-1.,0.));
#4238 = ( GEOMETRIC_REPRESENTATION_CONTEXT(2) 
PARAMETRIC_REPRESENTATION_CONTEXT() REPRESENTATION_CONTEXT('2D SPACE',''
  ) );
#4239 = PCURVE('',#4155,#4240);
#4240 = DEFINITIONAL_REPRESENTATION('',(#4241),#4245);
#4241 = CIRCLE('',#4242,9.618596819791);
#4242 = AXIS2_PLACEMENT_2D('',#4243,#4244);
#4243 = CARTESIAN_POINT('',(-1.683940326591,-6.284550855751));
#4244 = DIRECTION('',(-0.866025403784,-0.5));
#4245 = ( GEOMETRIC_REPRESENTATION_CONTEXT(2) 
PARAMETRIC_REPRESENTATION_CONTEXT() REPRESENTATION_CONTEXT('2D SPACE',''
  ) );
#4246 = ADVANCED_FACE('',(#4247),#2959,.F.);
#4247 = FACE_BOUND('',#4248,.F.);
#4248 = EDGE_LOOP('',(#4249,#4250,#4276,#4277));
#4249 = ORIENTED_EDGE('',*,*,#3455,.T.);
#4250 = ORIENTED_EDGE('',*,*,#4251,.T.);
#4251 = EDGE_CURVE('',#3429,#2978,#4252,.T.);
#4252 = SURFACE_CURVE('',#4253,(#4257,#4264),.PCURVE_S1.);
#4253 = LINE('',#4254,#4255);
#4254 = CARTESIAN_POINT('',(224.15403266652,-95.62196580726,
    49.087896902209));
#4255 = VECTOR('',#4256,1.);
#4256 = DIRECTION('',(0.,0.5,0.866025403784));
#4257 = PCURVE('',#2959,#4258);
#4258 = DEFINITIONAL_REPRESENTATION('',(#4259),#4263);
#4259 = LINE('',#4260,#4261);
#4260 = CARTESIAN_POINT('',(-7.105427357601E-15,-105.));
#4261 = VECTOR('',#4262,1.);
#4262 = DIRECTION('',(1.,0.));
#4263 = ( GEOMETRIC_REPRESENTATION_CONTEXT(2) 
PARAMETRIC_REPRESENTATION_CONTEXT() REPRESENTATION_CONTEXT('2D SPACE',''
  ) );
#4264 = PCURVE('',#4265,#4270);
#4265 = PLANE('',#4266);
#4266 = AXIS2_PLACEMENT_3D('',#4267,#4268,#4269);
#4267 = CARTESIAN_POINT('',(224.15403266652,-101.1672444109,
    50.959328329208));
#4268 = DIRECTION('',(1.,0.,0.));
#4269 = DIRECTION('',(-0.,0.,1.));
#4270 = DEFINITIONAL_REPRESENTATION('',(#4271),#4275);
#4271 = LINE('',#4272,#4273);
#4272 = CARTESIAN_POINT('',(-1.871431426999,-5.545278603704));
#4273 = VECTOR('',#4274,1.);
#4274 = DIRECTION('',(0.866025403784,-0.5));
#4275 = ( GEOMETRIC_REPRESENTATION_CONTEXT(2) 
PARAMETRIC_REPRESENTATION_CONTEXT() REPRESENTATION_CONTEXT('2D SPACE',''
  ) );
#4276 = ORIENTED_EDGE('',*,*,#3004,.F.);
#4277 = ORIENTED_EDGE('',*,*,#2945,.F.);
#4278 = ADVANCED_FACE('',(#4279),#2993,.T.);
#4279 = FACE_BOUND('',#4280,.F.);
#4280 = EDGE_LOOP('',(#4281,#4282,#4306,#4332));
#4281 = ORIENTED_EDGE('',*,*,#2977,.T.);
#4282 = ORIENTED_EDGE('',*,*,#4283,.T.);
#4283 = EDGE_CURVE('',#2978,#4284,#4286,.T.);
#4284 = VERTEX_POINT('',#4285);
#4285 = CARTESIAN_POINT('',(224.15403266652,-109.0770042853,
    48.90028028003));
#4286 = SURFACE_CURVE('',#4287,(#4292,#4299),.PCURVE_S1.);
#4287 = CIRCLE('',#4288,11.558596819791);
#4288 = AXIS2_PLACEMENT_3D('',#4289,#4290,#4291);
#4289 = CARTESIAN_POINT('',(224.15403266652,-99.06696580726,
    43.120981870134));
#4290 = DIRECTION('',(1.,0.,0.));
#4291 = DIRECTION('',(0.,-0.5,-0.866025403784));
#4292 = PCURVE('',#2993,#4293);
#4293 = DEFINITIONAL_REPRESENTATION('',(#4294),#4298);
#4294 = LINE('',#4295,#4296);
#4295 = CARTESIAN_POINT('',(-0.,-224.1540326665));
#4296 = VECTOR('',#4297,1.);
#4297 = DIRECTION('',(-1.,0.));
#4298 = ( GEOMETRIC_REPRESENTATION_CONTEXT(2) 
PARAMETRIC_REPRESENTATION_CONTEXT() REPRESENTATION_CONTEXT('2D SPACE',''
  ) );
#4299 = PCURVE('',#4265,#4300);
#4300 = DEFINITIONAL_REPRESENTATION('',(#4301),#4305);
#4301 = CIRCLE('',#4302,11.558596819791);
#4302 = AXIS2_PLACEMENT_2D('',#4303,#4304);
#4303 = CARTESIAN_POINT('',(-7.838346459074,-2.100278603704));
#4304 = DIRECTION('',(-0.866025403784,0.5));
#4305 = ( GEOMETRIC_REPRESENTATION_CONTEXT(2) 
PARAMETRIC_REPRESENTATION_CONTEXT() REPRESENTATION_CONTEXT('2D SPACE',''
  ) );
#4306 = ORIENTED_EDGE('',*,*,#4307,.F.);
#4307 = EDGE_CURVE('',#3481,#4284,#4308,.T.);
#4308 = SURFACE_CURVE('',#4309,(#4313,#4320),.PCURVE_S1.);
#4309 = LINE('',#4310,#4311);
#4310 = CARTESIAN_POINT('',(0.,-109.0770042853,48.90028028003));
#4311 = VECTOR('',#4312,1.);
#4312 = DIRECTION('',(1.,0.,0.));
#4313 = PCURVE('',#2993,#4314);
#4314 = DEFINITIONAL_REPRESENTATION('',(#4315),#4319);
#4315 = LINE('',#4316,#4317);
#4316 = CARTESIAN_POINT('',(-4.712388980385,0.));
#4317 = VECTOR('',#4318,1.);
#4318 = DIRECTION('',(-0.,-1.));
#4319 = ( GEOMETRIC_REPRESENTATION_CONTEXT(2) 
PARAMETRIC_REPRESENTATION_CONTEXT() REPRESENTATION_CONTEXT('2D SPACE',''
  ) );
#4320 = PCURVE('',#4321,#4326);
#4321 = PLANE('',#4322);
#4322 = AXIS2_PLACEMENT_3D('',#4323,#4324,#4325);
#4323 = CARTESIAN_POINT('',(0.,-109.0770042853,48.90028028003));
#4324 = DIRECTION('',(0.,-0.866025403784,0.5));
#4325 = DIRECTION('',(1.,0.,0.));
#4326 = DEFINITIONAL_REPRESENTATION('',(#4327),#4331);
#4327 = LINE('',#4328,#4329);
#4328 = CARTESIAN_POINT('',(0.,0.));
#4329 = VECTOR('',#4330,1.);
#4330 = DIRECTION('',(1.,0.));
#4331 = ( GEOMETRIC_REPRESENTATION_CONTEXT(2) 
PARAMETRIC_REPRESENTATION_CONTEXT() REPRESENTATION_CONTEXT('2D SPACE',''
  ) );
#4332 = ORIENTED_EDGE('',*,*,#3480,.F.);
#4333 = ADVANCED_FACE('',(#4334),#3045,.F.);
#4334 = FACE_BOUND('',#4335,.F.);
#4335 = EDGE_LOOP('',(#4336,#4337,#4361,#4387));
#4336 = ORIENTED_EDGE('',*,*,#3029,.T.);
#4337 = ORIENTED_EDGE('',*,*,#4338,.T.);
#4338 = EDGE_CURVE('',#3030,#4339,#4341,.T.);
#4339 = VERTEX_POINT('',#4340);
#4340 = CARTESIAN_POINT('',(-74.73962066085,37.400522957502,
    -47.69577649676));
#4341 = SURFACE_CURVE('',#4342,(#4347,#4354),.PCURVE_S1.);
#4342 = CIRCLE('',#4343,5.68);
#4343 = AXIS2_PLACEMENT_3D('',#4344,#4345,#4346);
#4344 = CARTESIAN_POINT('',(-72.2801085141,40.240522957502,
    -51.95577649676));
#4345 = DIRECTION('',(0.866025403784,-0.,0.5));
#4346 = DIRECTION('',(0.5,0.,-0.866025403784));
#4347 = PCURVE('',#3045,#4348);
#4348 = DEFINITIONAL_REPRESENTATION('',(#4349),#4353);
#4349 = LINE('',#4350,#4351);
#4350 = CARTESIAN_POINT('',(0.,-83.));
#4351 = VECTOR('',#4352,1.);
#4352 = DIRECTION('',(1.,0.));
#4353 = ( GEOMETRIC_REPRESENTATION_CONTEXT(2) 
PARAMETRIC_REPRESENTATION_CONTEXT() REPRESENTATION_CONTEXT('2D SPACE',''
  ) );
#4354 = PCURVE('',#3654,#4355);
#4355 = DEFINITIONAL_REPRESENTATION('',(#4356),#4360);
#4356 = CIRCLE('',#4357,5.68);
#4357 = AXIS2_PLACEMENT_2D('',#4358,#4359);
#4358 = CARTESIAN_POINT('',(-7.857685471088,-2.105460476356));
#4359 = DIRECTION('',(-1.,0.));
#4360 = ( GEOMETRIC_REPRESENTATION_CONTEXT(2) 
PARAMETRIC_REPRESENTATION_CONTEXT() REPRESENTATION_CONTEXT('2D SPACE',''
  ) );
#4361 = ORIENTED_EDGE('',*,*,#4362,.F.);
#4362 = EDGE_CURVE('',#3583,#4339,#4363,.T.);
#4363 = SURFACE_CURVE('',#4364,(#4368,#4375),.PCURVE_S1.);
#4364 = LINE('',#4365,#4366);
#4365 = CARTESIAN_POINT('',(-2.859512146748,37.400522957502,
    -6.195776496763));
#4366 = VECTOR('',#4367,1.);
#4367 = DIRECTION('',(-0.866025403784,0.,-0.5));
#4368 = PCURVE('',#3045,#4369);
#4369 = DEFINITIONAL_REPRESENTATION('',(#4370),#4374);
#4370 = LINE('',#4371,#4372);
#4371 = CARTESIAN_POINT('',(3.665191429188,0.));
#4372 = VECTOR('',#4373,1.);
#4373 = DIRECTION('',(0.,-1.));
#4374 = ( GEOMETRIC_REPRESENTATION_CONTEXT(2) 
PARAMETRIC_REPRESENTATION_CONTEXT() REPRESENTATION_CONTEXT('2D SPACE',''
  ) );
#4375 = PCURVE('',#4376,#4381);
#4376 = PLANE('',#4377);
#4377 = AXIS2_PLACEMENT_3D('',#4378,#4379,#4380);
#4378 = CARTESIAN_POINT('',(-2.859512146748,37.400522957502,
    -6.195776496763));
#4379 = DIRECTION('',(0.433012701892,0.5,-0.75));
#4380 = DIRECTION('',(-0.866025403784,0.,-0.5));
#4381 = DEFINITIONAL_REPRESENTATION('',(#4382),#4386);
#4382 = LINE('',#4383,#4384);
#4383 = CARTESIAN_POINT('',(0.,0.));
#4384 = VECTOR('',#4385,1.);
#4385 = DIRECTION('',(1.,0.));
#4386 = ( GEOMETRIC_REPRESENTATION_CONTEXT(2) 
PARAMETRIC_REPRESENTATION_CONTEXT() REPRESENTATION_CONTEXT('2D SPACE',''
  ) );
#4387 = ORIENTED_EDGE('',*,*,#3610,.F.);
#4388 = ADVANCED_FACE('',(#4389),#3230,.T.);
#4389 = FACE_BOUND('',#4390,.F.);
#4390 = EDGE_LOOP('',(#4391,#4392,#4416,#4444));
#4391 = ORIENTED_EDGE('',*,*,#3214,.T.);
#4392 = ORIENTED_EDGE('',*,*,#4393,.T.);
#4393 = EDGE_CURVE('',#3215,#4394,#4396,.T.);
#4394 = VERTEX_POINT('',#4395);
#4395 = CARTESIAN_POINT('',(191.65169792988,299.16217127684,
    -137.2466102751));
#4396 = SURFACE_CURVE('',#4397,(#4402,#4409),.PCURVE_S1.);
#4397 = CIRCLE('',#4398,11.158596819791);
#4398 = AXIS2_PLACEMENT_3D('',#4399,#4400,#4401);
#4399 = CARTESIAN_POINT('',(191.65169792988,293.58287286694,
    -127.5829819586));
#4400 = DIRECTION('',(1.,-0.,0.));
#4401 = DIRECTION('',(0.,0.866025403784,0.5));
#4402 = PCURVE('',#3230,#4403);
#4403 = DEFINITIONAL_REPRESENTATION('',(#4404),#4408);
#4404 = LINE('',#4405,#4406);
#4405 = CARTESIAN_POINT('',(-0.,-159.1493631932));
#4406 = VECTOR('',#4407,1.);
#4407 = DIRECTION('',(-1.,0.));
#4408 = ( GEOMETRIC_REPRESENTATION_CONTEXT(2) 
PARAMETRIC_REPRESENTATION_CONTEXT() REPRESENTATION_CONTEXT('2D SPACE',''
  ) );
#4409 = PCURVE('',#3899,#4410);
#4410 = DEFINITIONAL_REPRESENTATION('',(#4411),#4415);
#4411 = CIRCLE('',#4412,11.158596819791);
#4412 = AXIS2_PLACEMENT_2D('',#4413,#4414);
#4413 = CARTESIAN_POINT('',(7.515437710356,-2.013755465256));
#4414 = DIRECTION('',(0.5,-0.866025403784));
#4415 = ( GEOMETRIC_REPRESENTATION_CONTEXT(2) 
PARAMETRIC_REPRESENTATION_CONTEXT() REPRESENTATION_CONTEXT('2D SPACE',''
  ) );
#4416 = ORIENTED_EDGE('',*,*,#4417,.F.);
#4417 = EDGE_CURVE('',#4418,#4394,#4420,.T.);
#4418 = VERTEX_POINT('',#4419);
#4419 = CARTESIAN_POINT('',(32.502334736647,299.16217127684,
    -137.2466102751));
#4420 = SURFACE_CURVE('',#4421,(#4425,#4432),.PCURVE_S1.);
#4421 = LINE('',#4422,#4423);
#4422 = CARTESIAN_POINT('',(32.502334736647,299.16217127684,
    -137.2466102751));
#4423 = VECTOR('',#4424,1.);
#4424 = DIRECTION('',(1.,0.,0.));
#4425 = PCURVE('',#3230,#4426);
#4426 = DEFINITIONAL_REPRESENTATION('',(#4427),#4431);
#4427 = LINE('',#4428,#4429);
#4428 = CARTESIAN_POINT('',(-4.712388980385,0.));
#4429 = VECTOR('',#4430,1.);
#4430 = DIRECTION('',(-0.,-1.));
#4431 = ( GEOMETRIC_REPRESENTATION_CONTEXT(2) 
PARAMETRIC_REPRESENTATION_CONTEXT() REPRESENTATION_CONTEXT('2D SPACE',''
  ) );
#4432 = PCURVE('',#4433,#4438);
#4433 = PLANE('',#4434);
#4434 = AXIS2_PLACEMENT_3D('',#4435,#4436,#4437);
#4435 = CARTESIAN_POINT('',(32.502334736647,299.16217127684,
    -137.2466102751));
#4436 = DIRECTION('',(0.,0.5,-0.866025403784));
#4437 = DIRECTION('',(1.,0.,0.));
#4438 = DEFINITIONAL_REPRESENTATION('',(#4439),#4443);
#4439 = LINE('',#4440,#4441);
#4440 = CARTESIAN_POINT('',(0.,0.));
#4441 = VECTOR('',#4442,1.);
#4442 = DIRECTION('',(1.,0.));
#4443 = ( GEOMETRIC_REPRESENTATION_CONTEXT(2) 
PARAMETRIC_REPRESENTATION_CONTEXT() REPRESENTATION_CONTEXT('2D SPACE',''
  ) );
#4444 = ORIENTED_EDGE('',*,*,#4445,.F.);
#4445 = EDGE_CURVE('',#3194,#4418,#4446,.T.);
#4446 = SURFACE_CURVE('',#4447,(#4452,#4459),.PCURVE_S1.);
#4447 = CIRCLE('',#4448,11.158596819791);
#4448 = AXIS2_PLACEMENT_3D('',#4449,#4450,#4451);
#4449 = CARTESIAN_POINT('',(32.502334736647,293.58287286694,
    -127.5829819586));
#4450 = DIRECTION('',(1.,-0.,0.));
#4451 = DIRECTION('',(0.,0.866025403784,0.5));
#4452 = PCURVE('',#3230,#4453);
#4453 = DEFINITIONAL_REPRESENTATION('',(#4454),#4458);
#4454 = LINE('',#4455,#4456);
#4455 = CARTESIAN_POINT('',(-0.,0.));
#4456 = VECTOR('',#4457,1.);
#4457 = DIRECTION('',(-1.,0.));
#4458 = ( GEOMETRIC_REPRESENTATION_CONTEXT(2) 
PARAMETRIC_REPRESENTATION_CONTEXT() REPRESENTATION_CONTEXT('2D SPACE',''
  ) );
#4459 = PCURVE('',#3985,#4460);
#4460 = DEFINITIONAL_REPRESENTATION('',(#4461),#4465);
#4461 = CIRCLE('',#4462,11.158596819791);
#4462 = AXIS2_PLACEMENT_2D('',#4463,#4464);
#4463 = CARTESIAN_POINT('',(7.515437710356,-2.013755465256));
#4464 = DIRECTION('',(0.5,-0.866025403784));
#4465 = ( GEOMETRIC_REPRESENTATION_CONTEXT(2) 
PARAMETRIC_REPRESENTATION_CONTEXT() REPRESENTATION_CONTEXT('2D SPACE',''
  ) );
#4466 = ADVANCED_FACE('',(#4467),#3391,.F.);
#4467 = FACE_BOUND('',#4468,.T.);
#4468 = EDGE_LOOP('',(#4469,#4470,#4494,#4522));
#4469 = ORIENTED_EDGE('',*,*,#3375,.T.);
#4470 = ORIENTED_EDGE('',*,*,#4471,.T.);
#4471 = EDGE_CURVE('',#3376,#4472,#4474,.T.);
#4472 = VERTEX_POINT('',#4473);
#4473 = CARTESIAN_POINT('',(301.08596692936,166.12113323481,
    -53.798577952));
#4474 = SURFACE_CURVE('',#4475,(#4480,#4487),.PCURVE_S1.);
#4475 = CIRCLE('',#4476,4.95);
#4476 = AXIS2_PLACEMENT_3D('',#4477,#4478,#4479);
#4477 = CARTESIAN_POINT('',(296.79914118063,166.12113323481,
    -51.323577952));
#4478 = DIRECTION('',(0.,1.,0.));
#4479 = DIRECTION('',(-0.5,0.,-0.866025403784));
#4480 = PCURVE('',#3391,#4481);
#4481 = DEFINITIONAL_REPRESENTATION('',(#4482),#4486);
#4482 = LINE('',#4483,#4484);
#4483 = CARTESIAN_POINT('',(-0.,-125.8806102773));
#4484 = VECTOR('',#4485,1.);
#4485 = DIRECTION('',(-1.,0.));
#4486 = ( GEOMETRIC_REPRESENTATION_CONTEXT(2) 
PARAMETRIC_REPRESENTATION_CONTEXT() REPRESENTATION_CONTEXT('2D SPACE',''
  ) );
#4487 = PCURVE('',#4123,#4488);
#4488 = DEFINITIONAL_REPRESENTATION('',(#4489),#4493);
#4489 = CIRCLE('',#4490,4.95);
#4490 = AXIS2_PLACEMENT_2D('',#4491,#4492);
#4491 = CARTESIAN_POINT('',(-1.683940326591,-6.284550855751));
#4492 = DIRECTION('',(-0.866025403784,-0.5));
#4493 = ( GEOMETRIC_REPRESENTATION_CONTEXT(2) 
PARAMETRIC_REPRESENTATION_CONTEXT() REPRESENTATION_CONTEXT('2D SPACE',''
  ) );
#4494 = ORIENTED_EDGE('',*,*,#4495,.F.);
#4495 = EDGE_CURVE('',#4496,#4472,#4498,.T.);
#4496 = VERTEX_POINT('',#4497);
#4497 = CARTESIAN_POINT('',(301.08596692936,40.240522957502,
    -53.798577952));
#4498 = SURFACE_CURVE('',#4499,(#4503,#4510),.PCURVE_S1.);
#4499 = LINE('',#4500,#4501);
#4500 = CARTESIAN_POINT('',(301.08596692936,40.240522957502,
    -53.798577952));
#4501 = VECTOR('',#4502,1.);
#4502 = DIRECTION('',(0.,1.,0.));
#4503 = PCURVE('',#3391,#4504);
#4504 = DEFINITIONAL_REPRESENTATION('',(#4505),#4509);
#4505 = LINE('',#4506,#4507);
#4506 = CARTESIAN_POINT('',(-4.712388980385,0.));
#4507 = VECTOR('',#4508,1.);
#4508 = DIRECTION('',(-0.,-1.));
#4509 = ( GEOMETRIC_REPRESENTATION_CONTEXT(2) 
PARAMETRIC_REPRESENTATION_CONTEXT() REPRESENTATION_CONTEXT('2D SPACE',''
  ) );
#4510 = PCURVE('',#4511,#4516);
#4511 = PLANE('',#4512);
#4512 = AXIS2_PLACEMENT_3D('',#4513,#4514,#4515);
#4513 = CARTESIAN_POINT('',(301.08596692936,40.240522957502,
    -53.798577952));
#4514 = DIRECTION('',(0.866025403784,0.,-0.5));
#4515 = DIRECTION('',(0.,1.,0.));
#4516 = DEFINITIONAL_REPRESENTATION('',(#4517),#4521);
#4517 = LINE('',#4518,#4519);
#4518 = CARTESIAN_POINT('',(0.,0.));
#4519 = VECTOR('',#4520,1.);
#4520 = DIRECTION('',(1.,0.));
#4521 = ( GEOMETRIC_REPRESENTATION_CONTEXT(2) 
PARAMETRIC_REPRESENTATION_CONTEXT() REPRESENTATION_CONTEXT('2D SPACE',''
  ) );
#4522 = ORIENTED_EDGE('',*,*,#4523,.F.);
#4523 = EDGE_CURVE('',#3353,#4496,#4524,.T.);
#4524 = SURFACE_CURVE('',#4525,(#4530,#4537),.PCURVE_S1.);
#4525 = CIRCLE('',#4526,4.95);
#4526 = AXIS2_PLACEMENT_3D('',#4527,#4528,#4529);
#4527 = CARTESIAN_POINT('',(296.79914118063,40.240522957502,
    -51.323577952));
#4528 = DIRECTION('',(0.,1.,0.));
#4529 = DIRECTION('',(-0.5,0.,-0.866025403784));
#4530 = PCURVE('',#3391,#4531);
#4531 = DEFINITIONAL_REPRESENTATION('',(#4532),#4536);
#4532 = LINE('',#4533,#4534);
#4533 = CARTESIAN_POINT('',(-0.,0.));
#4534 = VECTOR('',#4535,1.);
#4535 = DIRECTION('',(-1.,0.));
#4536 = ( GEOMETRIC_REPRESENTATION_CONTEXT(2) 
PARAMETRIC_REPRESENTATION_CONTEXT() REPRESENTATION_CONTEXT('2D SPACE',''
  ) );
#4537 = PCURVE('',#4155,#4538);
#4538 = DEFINITIONAL_REPRESENTATION('',(#4539),#4543);
#4539 = CIRCLE('',#4540,4.95);
#4540 = AXIS2_PLACEMENT_2D('',#4541,#4542);
#4541 = CARTESIAN_POINT('',(-1.683940326591,-6.284550855751));
#4542 = DIRECTION('',(-0.866025403784,-0.5));
#4543 = ( GEOMETRIC_REPRESENTATION_CONTEXT(2) 
PARAMETRIC_REPRESENTATION_CONTEXT() REPRESENTATION_CONTEXT('2D SPACE',''
  ) );
#4544 = ADVANCED_FACE('',(#4545),#3444,.F.);
#4545 = FACE_BOUND('',#4546,.T.);
#4546 = EDGE_LOOP('',(#4547,#4548,#4572,#4598));
#4547 = ORIENTED_EDGE('',*,*,#3428,.T.);
#4548 = ORIENTED_EDGE('',*,*,#4549,.T.);
#4549 = EDGE_CURVE('',#3429,#4550,#4552,.T.);
#4550 = VERTEX_POINT('',#4551);
#4551 = CARTESIAN_POINT('',(224.15403266652,-105.0338808393,
    46.565981870134));
#4552 = SURFACE_CURVE('',#4553,(#4558,#4565),.PCURVE_S1.);
#4553 = CIRCLE('',#4554,6.89);
#4554 = AXIS2_PLACEMENT_3D('',#4555,#4556,#4557);
#4555 = CARTESIAN_POINT('',(224.15403266652,-99.06696580726,
    43.120981870134));
#4556 = DIRECTION('',(1.,0.,0.));
#4557 = DIRECTION('',(0.,-0.5,-0.866025403784));
#4558 = PCURVE('',#3444,#4559);
#4559 = DEFINITIONAL_REPRESENTATION('',(#4560),#4564);
#4560 = LINE('',#4561,#4562);
#4561 = CARTESIAN_POINT('',(-0.,-224.1540326665));
#4562 = VECTOR('',#4563,1.);
#4563 = DIRECTION('',(-1.,0.));
#4564 = ( GEOMETRIC_REPRESENTATION_CONTEXT(2) 
PARAMETRIC_REPRESENTATION_CONTEXT() REPRESENTATION_CONTEXT('2D SPACE',''
  ) );
#4565 = PCURVE('',#4265,#4566);
#4566 = DEFINITIONAL_REPRESENTATION('',(#4567),#4571);
#4567 = CIRCLE('',#4568,6.89);
#4568 = AXIS2_PLACEMENT_2D('',#4569,#4570);
#4569 = CARTESIAN_POINT('',(-7.838346459074,-2.100278603704));
#4570 = DIRECTION('',(-0.866025403784,0.5));
#4571 = ( GEOMETRIC_REPRESENTATION_CONTEXT(2) 
PARAMETRIC_REPRESENTATION_CONTEXT() REPRESENTATION_CONTEXT('2D SPACE',''
  ) );
#4572 = ORIENTED_EDGE('',*,*,#4573,.F.);
#4573 = EDGE_CURVE('',#3505,#4550,#4574,.T.);
#4574 = SURFACE_CURVE('',#4575,(#4579,#4586),.PCURVE_S1.);
#4575 = LINE('',#4576,#4577);
#4576 = CARTESIAN_POINT('',(0.,-105.0338808393,46.565981870134));
#4577 = VECTOR('',#4578,1.);
#4578 = DIRECTION('',(1.,0.,0.));
#4579 = PCURVE('',#3444,#4580);
#4580 = DEFINITIONAL_REPRESENTATION('',(#4581),#4585);
#4581 = LINE('',#4582,#4583);
#4582 = CARTESIAN_POINT('',(-4.712388980385,0.));
#4583 = VECTOR('',#4584,1.);
#4584 = DIRECTION('',(-0.,-1.));
#4585 = ( GEOMETRIC_REPRESENTATION_CONTEXT(2) 
PARAMETRIC_REPRESENTATION_CONTEXT() REPRESENTATION_CONTEXT('2D SPACE',''
  ) );
#4586 = PCURVE('',#4587,#4592);
#4587 = PLANE('',#4588);
#4588 = AXIS2_PLACEMENT_3D('',#4589,#4590,#4591);
#4589 = CARTESIAN_POINT('',(0.,-105.0338808393,46.565981870134));
#4590 = DIRECTION('',(0.,-0.866025403784,0.5));
#4591 = DIRECTION('',(1.,0.,0.));
#4592 = DEFINITIONAL_REPRESENTATION('',(#4593),#4597);
#4593 = LINE('',#4594,#4595);
#4594 = CARTESIAN_POINT('',(0.,0.));
#4595 = VECTOR('',#4596,1.);
#4596 = DIRECTION('',(1.,0.));
#4597 = ( GEOMETRIC_REPRESENTATION_CONTEXT(2) 
PARAMETRIC_REPRESENTATION_CONTEXT() REPRESENTATION_CONTEXT('2D SPACE',''
  ) );
#4598 = ORIENTED_EDGE('',*,*,#3532,.F.);
#4599 = ADVANCED_FACE('',(#4600),#3520,.F.);
#4600 = FACE_BOUND('',#4601,.F.);
#4601 = EDGE_LOOP('',(#4602,#4625,#4653,#4674));
#4602 = ORIENTED_EDGE('',*,*,#4603,.T.);
#4603 = EDGE_CURVE('',#3481,#4604,#4606,.T.);
#4604 = VERTEX_POINT('',#4605);
#4605 = CARTESIAN_POINT('',(0.,-149.0770042853,-20.38175202272));
#4606 = SURFACE_CURVE('',#4607,(#4611,#4618),.PCURVE_S1.);
#4607 = LINE('',#4608,#4609);
#4608 = CARTESIAN_POINT('',(0.,-109.0770042853,48.90028028003));
#4609 = VECTOR('',#4610,1.);
#4610 = DIRECTION('',(0.,-0.5,-0.866025403784));
#4611 = PCURVE('',#3520,#4612);
#4612 = DEFINITIONAL_REPRESENTATION('',(#4613),#4617);
#4613 = LINE('',#4614,#4615);
#4614 = CARTESIAN_POINT('',(0.,0.));
#4615 = VECTOR('',#4616,1.);
#4616 = DIRECTION('',(-1.998401444325E-15,-1.));
#4617 = ( GEOMETRIC_REPRESENTATION_CONTEXT(2) 
PARAMETRIC_REPRESENTATION_CONTEXT() REPRESENTATION_CONTEXT('2D SPACE',''
  ) );
#4618 = PCURVE('',#4321,#4619);
#4619 = DEFINITIONAL_REPRESENTATION('',(#4620),#4624);
#4620 = LINE('',#4621,#4622);
#4621 = CARTESIAN_POINT('',(0.,0.));
#4622 = VECTOR('',#4623,1.);
#4623 = DIRECTION('',(0.,-1.));
#4624 = ( GEOMETRIC_REPRESENTATION_CONTEXT(2) 
PARAMETRIC_REPRESENTATION_CONTEXT() REPRESENTATION_CONTEXT('2D SPACE',''
  ) );
#4625 = ORIENTED_EDGE('',*,*,#4626,.T.);
#4626 = EDGE_CURVE('',#4604,#4627,#4629,.T.);
#4627 = VERTEX_POINT('',#4628);
#4628 = CARTESIAN_POINT('',(0.,-145.0338808393,-22.71605043262));
#4629 = SURFACE_CURVE('',#4630,(#4634,#4641),.PCURVE_S1.);
#4630 = LINE('',#4631,#4632);
#4631 = CARTESIAN_POINT('',(0.,-149.0770042853,-20.38175202272));
#4632 = VECTOR('',#4633,1.);
#4633 = DIRECTION('',(0.,0.866025403784,-0.5));
#4634 = PCURVE('',#3520,#4635);
#4635 = DEFINITIONAL_REPRESENTATION('',(#4636),#4640);
#4636 = LINE('',#4637,#4638);
#4637 = CARTESIAN_POINT('',(-1.563194018672E-13,-80.));
#4638 = VECTOR('',#4639,1.);
#4639 = DIRECTION('',(1.,0.));
#4640 = ( GEOMETRIC_REPRESENTATION_CONTEXT(2) 
PARAMETRIC_REPRESENTATION_CONTEXT() REPRESENTATION_CONTEXT('2D SPACE',''
  ) );
#4641 = PCURVE('',#4642,#4647);
#4642 = PLANE('',#4643);
#4643 = AXIS2_PLACEMENT_3D('',#4644,#4645,#4646);
#4644 = CARTESIAN_POINT('',(112.07701633326,-147.0554425623,
    -21.54890122767));
#4645 = DIRECTION('',(-0.,-0.5,-0.866025403784));
#4646 = DIRECTION('',(0.,-0.866025403784,0.5));
#4647 = DEFINITIONAL_REPRESENTATION('',(#4648),#4652);
#4648 = LINE('',#4649,#4650);
#4649 = CARTESIAN_POINT('',(2.334298409895,112.07701633326));
#4650 = VECTOR('',#4651,1.);
#4651 = DIRECTION('',(-1.,0.));
#4652 = ( GEOMETRIC_REPRESENTATION_CONTEXT(2) 
PARAMETRIC_REPRESENTATION_CONTEXT() REPRESENTATION_CONTEXT('2D SPACE',''
  ) );
#4653 = ORIENTED_EDGE('',*,*,#4654,.F.);
#4654 = EDGE_CURVE('',#3505,#4627,#4655,.T.);
#4655 = SURFACE_CURVE('',#4656,(#4660,#4667),.PCURVE_S1.);
#4656 = LINE('',#4657,#4658);
#4657 = CARTESIAN_POINT('',(0.,-105.0338808393,46.565981870134));
#4658 = VECTOR('',#4659,1.);
#4659 = DIRECTION('',(0.,-0.5,-0.866025403784));
#4660 = PCURVE('',#3520,#4661);
#4661 = DEFINITIONAL_REPRESENTATION('',(#4662),#4666);
#4662 = LINE('',#4663,#4664);
#4663 = CARTESIAN_POINT('',(4.668596819791,0.));
#4664 = VECTOR('',#4665,1.);
#4665 = DIRECTION('',(-1.998401444325E-15,-1.));
#4666 = ( GEOMETRIC_REPRESENTATION_CONTEXT(2) 
PARAMETRIC_REPRESENTATION_CONTEXT() REPRESENTATION_CONTEXT('2D SPACE',''
  ) );
#4667 = PCURVE('',#4587,#4668);
#4668 = DEFINITIONAL_REPRESENTATION('',(#4669),#4673);
#4669 = LINE('',#4670,#4671);
#4670 = CARTESIAN_POINT('',(0.,0.));
#4671 = VECTOR('',#4672,1.);
#4672 = DIRECTION('',(0.,-1.));
#4673 = ( GEOMETRIC_REPRESENTATION_CONTEXT(2) 
PARAMETRIC_REPRESENTATION_CONTEXT() REPRESENTATION_CONTEXT('2D SPACE',''
  ) );
#4674 = ORIENTED_EDGE('',*,*,#3504,.F.);
#4675 = ADVANCED_FACE('',(#4676),#3598,.T.);
#4676 = FACE_BOUND('',#4677,.T.);
#4677 = EDGE_LOOP('',(#4678,#4701,#4729,#4750));
#4678 = ORIENTED_EDGE('',*,*,#4679,.T.);
#4679 = EDGE_CURVE('',#3559,#4680,#4682,.T.);
#4680 = VERTEX_POINT('',#4681);
#4681 = CARTESIAN_POINT('',(15.118926130269,-34.21580775514,
    -37.33534503329));
#4682 = SURFACE_CURVE('',#4683,(#4687,#4694),.PCURVE_S1.);
#4683 = LINE('',#4684,#4685);
#4684 = CARTESIAN_POINT('',(-4.881073869731,35.066224547606,
    -2.69432888192));
#4685 = VECTOR('',#4686,1.);
#4686 = DIRECTION('',(0.25,-0.866025403784,-0.433012701892));
#4687 = PCURVE('',#3598,#4688);
#4688 = DEFINITIONAL_REPRESENTATION('',(#4689),#4693);
#4689 = LINE('',#4690,#4691);
#4690 = CARTESIAN_POINT('',(0.,0.));
#4691 = VECTOR('',#4692,1.);
#4692 = DIRECTION('',(-8.881784197001E-16,-1.));
#4693 = ( GEOMETRIC_REPRESENTATION_CONTEXT(2) 
PARAMETRIC_REPRESENTATION_CONTEXT() REPRESENTATION_CONTEXT('2D SPACE',''
  ) );
#4694 = PCURVE('',#3680,#4695);
#4695 = DEFINITIONAL_REPRESENTATION('',(#4696),#4700);
#4696 = LINE('',#4697,#4698);
#4697 = CARTESIAN_POINT('',(0.,0.));
#4698 = VECTOR('',#4699,1.);
#4699 = DIRECTION('',(-2.775557561563E-17,-1.));
#4700 = ( GEOMETRIC_REPRESENTATION_CONTEXT(2) 
PARAMETRIC_REPRESENTATION_CONTEXT() REPRESENTATION_CONTEXT('2D SPACE',''
  ) );
#4701 = ORIENTED_EDGE('',*,*,#4702,.F.);
#4702 = EDGE_CURVE('',#4703,#4680,#4705,.T.);
#4703 = VERTEX_POINT('',#4704);
#4704 = CARTESIAN_POINT('',(17.140487853252,-31.88150934525,
    -40.83679264814));
#4705 = SURFACE_CURVE('',#4706,(#4710,#4717),.PCURVE_S1.);
#4706 = LINE('',#4707,#4708);
#4707 = CARTESIAN_POINT('',(17.140487853252,-31.88150934525,
    -40.83679264814));
#4708 = VECTOR('',#4709,1.);
#4709 = DIRECTION('',(-0.433012701892,-0.5,0.75));
#4710 = PCURVE('',#3598,#4711);
#4711 = DEFINITIONAL_REPRESENTATION('',(#4712),#4716);
#4712 = LINE('',#4713,#4714);
#4713 = CARTESIAN_POINT('',(4.668596819791,-80.));
#4714 = VECTOR('',#4715,1.);
#4715 = DIRECTION('',(-1.,5.551115123126E-17));
#4716 = ( GEOMETRIC_REPRESENTATION_CONTEXT(2) 
PARAMETRIC_REPRESENTATION_CONTEXT() REPRESENTATION_CONTEXT('2D SPACE',''
  ) );
#4717 = PCURVE('',#4718,#4723);
#4718 = PLANE('',#4719);
#4719 = AXIS2_PLACEMENT_3D('',#4720,#4721,#4722);
#4720 = CARTESIAN_POINT('',(-63.33962066085,-2.090235455069,
    -67.44115570304));
#4721 = DIRECTION('',(0.10063043842,0.800034035171,0.591455034158));
#4722 = DIRECTION('',(0.895753043458,-0.331580371204,0.296109679965));
#4723 = DEFINITIONAL_REPRESENTATION('',(#4724),#4728);
#4724 = LINE('',#4725,#4726);
#4725 = CARTESIAN_POINT('',(89.846313224305,1.06581410364E-14));
#4726 = VECTOR('',#4727,1.);
#4727 = DIRECTION('',(3.885780586188E-16,-1.));
#4728 = ( GEOMETRIC_REPRESENTATION_CONTEXT(2) 
PARAMETRIC_REPRESENTATION_CONTEXT() REPRESENTATION_CONTEXT('2D SPACE',''
  ) );
#4729 = ORIENTED_EDGE('',*,*,#4730,.T.);
#4730 = EDGE_CURVE('',#4703,#3583,#4731,.T.);
#4731 = SURFACE_CURVE('',#4732,(#4736,#4743),.PCURVE_S1.);
#4732 = LINE('',#4733,#4734);
#4733 = CARTESIAN_POINT('',(17.140487853252,-31.88150934525,
    -40.83679264814));
#4734 = VECTOR('',#4735,1.);
#4735 = DIRECTION('',(-0.25,0.866025403784,0.433012701892));
#4736 = PCURVE('',#3598,#4737);
#4737 = DEFINITIONAL_REPRESENTATION('',(#4738),#4742);
#4738 = LINE('',#4739,#4740);
#4739 = CARTESIAN_POINT('',(4.668596819791,-80.));
#4740 = VECTOR('',#4741,1.);
#4741 = DIRECTION('',(9.992007221626E-16,1.));
#4742 = ( GEOMETRIC_REPRESENTATION_CONTEXT(2) 
PARAMETRIC_REPRESENTATION_CONTEXT() REPRESENTATION_CONTEXT('2D SPACE',''
  ) );
#4743 = PCURVE('',#4376,#4744);
#4744 = DEFINITIONAL_REPRESENTATION('',(#4745),#4749);
#4745 = LINE('',#4746,#4747);
#4746 = CARTESIAN_POINT('',(-3.552713678801E-15,-80.));
#4747 = VECTOR('',#4748,1.);
#4748 = DIRECTION('',(8.326672684689E-17,1.));
#4749 = ( GEOMETRIC_REPRESENTATION_CONTEXT(2) 
PARAMETRIC_REPRESENTATION_CONTEXT() REPRESENTATION_CONTEXT('2D SPACE',''
  ) );
#4750 = ORIENTED_EDGE('',*,*,#3582,.F.);
#4751 = ADVANCED_FACE('',(#4752),#3680,.F.);
#4752 = FACE_BOUND('',#4753,.F.);
#4753 = EDGE_LOOP('',(#4754,#4755,#4778,#4804));
#4754 = ORIENTED_EDGE('',*,*,#4679,.T.);
#4755 = ORIENTED_EDGE('',*,*,#4756,.F.);
#4756 = EDGE_CURVE('',#4757,#4680,#4759,.T.);
#4757 = VERTEX_POINT('',#4758);
#4758 = CARTESIAN_POINT('',(-65.36118238383,-4.424533864964,
    -63.9397080882));
#4759 = SURFACE_CURVE('',#4760,(#4764,#4771),.PCURVE_S1.);
#4760 = LINE('',#4761,#4762);
#4761 = CARTESIAN_POINT('',(-65.36118238383,-4.424533864964,
    -63.9397080882));
#4762 = VECTOR('',#4763,1.);
#4763 = DIRECTION('',(0.895753043458,-0.331580371204,0.296109679965));
#4764 = PCURVE('',#3680,#4765);
#4765 = DEFINITIONAL_REPRESENTATION('',(#4766),#4770);
#4766 = LINE('',#4767,#4768);
#4767 = CARTESIAN_POINT('',(83.,-45.6));
#4768 = VECTOR('',#4769,1.);
#4769 = DIRECTION('',(-0.923799731134,-0.382876033145));
#4770 = ( GEOMETRIC_REPRESENTATION_CONTEXT(2) 
PARAMETRIC_REPRESENTATION_CONTEXT() REPRESENTATION_CONTEXT('2D SPACE',''
  ) );
#4771 = PCURVE('',#4718,#4772);
#4772 = DEFINITIONAL_REPRESENTATION('',(#4773),#4777);
#4773 = LINE('',#4774,#4775);
#4774 = CARTESIAN_POINT('',(-8.881784197001E-16,-4.668596819791));
#4775 = VECTOR('',#4776,1.);
#4776 = DIRECTION('',(1.,8.326672684689E-17));
#4777 = ( GEOMETRIC_REPRESENTATION_CONTEXT(2) 
PARAMETRIC_REPRESENTATION_CONTEXT() REPRESENTATION_CONTEXT('2D SPACE',''
  ) );
#4778 = ORIENTED_EDGE('',*,*,#4779,.F.);
#4779 = EDGE_CURVE('',#3638,#4757,#4780,.T.);
#4780 = SURFACE_CURVE('',#4781,(#4785,#4792),.PCURVE_S1.);
#4781 = LINE('',#4782,#4783);
#4782 = CARTESIAN_POINT('',(-76.76118238383,35.066224547606,
    -44.19432888192));
#4783 = VECTOR('',#4784,1.);
#4784 = DIRECTION('',(0.25,-0.866025403784,-0.433012701892));
#4785 = PCURVE('',#3680,#4786);
#4786 = DEFINITIONAL_REPRESENTATION('',(#4787),#4791);
#4787 = LINE('',#4788,#4789);
#4788 = CARTESIAN_POINT('',(83.,0.));
#4789 = VECTOR('',#4790,1.);
#4790 = DIRECTION('',(0.,-1.));
#4791 = ( GEOMETRIC_REPRESENTATION_CONTEXT(2) 
PARAMETRIC_REPRESENTATION_CONTEXT() REPRESENTATION_CONTEXT('2D SPACE',''
  ) );
#4792 = PCURVE('',#4793,#4798);
#4793 = PLANE('',#4794);
#4794 = AXIS2_PLACEMENT_3D('',#4795,#4796,#4797);
#4795 = CARTESIAN_POINT('',(-76.76118238383,35.066224547606,
    -44.19432888192));
#4796 = DIRECTION('',(0.866025403784,-2.498001805407E-16,0.5));
#4797 = DIRECTION('',(0.433012701892,0.5,-0.75));
#4798 = DEFINITIONAL_REPRESENTATION('',(#4799),#4803);
#4799 = LINE('',#4800,#4801);
#4800 = CARTESIAN_POINT('',(0.,0.));
#4801 = VECTOR('',#4802,1.);
#4802 = DIRECTION('',(-2.22044604925E-16,-1.));
#4803 = ( GEOMETRIC_REPRESENTATION_CONTEXT(2) 
PARAMETRIC_REPRESENTATION_CONTEXT() REPRESENTATION_CONTEXT('2D SPACE',''
  ) );
#4804 = ORIENTED_EDGE('',*,*,#3666,.F.);
#4805 = ADVANCED_FACE('',(#4806),#3654,.F.);
#4806 = FACE_BOUND('',#4807,.F.);
#4807 = EDGE_LOOP('',(#4808,#4809,#4830,#4831));
#4808 = ORIENTED_EDGE('',*,*,#3637,.T.);
#4809 = ORIENTED_EDGE('',*,*,#4810,.T.);
#4810 = EDGE_CURVE('',#3638,#4339,#4811,.T.);
#4811 = SURFACE_CURVE('',#4812,(#4816,#4823),.PCURVE_S1.);
#4812 = LINE('',#4813,#4814);
#4813 = CARTESIAN_POINT('',(-76.76118238383,35.066224547606,
    -44.19432888192));
#4814 = VECTOR('',#4815,1.);
#4815 = DIRECTION('',(0.433012701892,0.5,-0.75));
#4816 = PCURVE('',#3654,#4817);
#4817 = DEFINITIONAL_REPRESENTATION('',(#4818),#4822);
#4818 = LINE('',#4819,#4820);
#4819 = CARTESIAN_POINT('',(1.104462268374,3.06883793354));
#4820 = VECTOR('',#4821,1.);
#4821 = DIRECTION('',(-0.866025403784,-0.5));
#4822 = ( GEOMETRIC_REPRESENTATION_CONTEXT(2) 
PARAMETRIC_REPRESENTATION_CONTEXT() REPRESENTATION_CONTEXT('2D SPACE',''
  ) );
#4823 = PCURVE('',#4793,#4824);
#4824 = DEFINITIONAL_REPRESENTATION('',(#4825),#4829);
#4825 = LINE('',#4826,#4827);
#4826 = CARTESIAN_POINT('',(0.,0.));
#4827 = VECTOR('',#4828,1.);
#4828 = DIRECTION('',(1.,6.106226635438E-16));
#4829 = ( GEOMETRIC_REPRESENTATION_CONTEXT(2) 
PARAMETRIC_REPRESENTATION_CONTEXT() REPRESENTATION_CONTEXT('2D SPACE',''
  ) );
#4830 = ORIENTED_EDGE('',*,*,#4338,.F.);
#4831 = ORIENTED_EDGE('',*,*,#3723,.F.);
#4832 = ADVANCED_FACE('',(#4833),#3899,.T.);
#4833 = FACE_BOUND('',#4834,.T.);
#4834 = EDGE_LOOP('',(#4835,#4836,#4862,#4863));
#4835 = ORIENTED_EDGE('',*,*,#4393,.T.);
#4836 = ORIENTED_EDGE('',*,*,#4837,.T.);
#4837 = EDGE_CURVE('',#4394,#3919,#4838,.T.);
#4838 = SURFACE_CURVE('',#4839,(#4843,#4850),.PCURVE_S1.);
#4839 = LINE('',#4840,#4841);
#4840 = CARTESIAN_POINT('',(191.65169792988,299.16217127684,
    -137.2466102751));
#4841 = VECTOR('',#4842,1.);
#4842 = DIRECTION('',(0.,-0.5,0.866025403784));
#4843 = PCURVE('',#3899,#4844);
#4844 = DEFINITIONAL_REPRESENTATION('',(#4845),#4849);
#4845 = LINE('',#4846,#4847);
#4846 = CARTESIAN_POINT('',(-2.148190606171,-7.593053875152));
#4847 = VECTOR('',#4848,1.);
#4848 = DIRECTION('',(0.866025403784,0.5));
#4849 = ( GEOMETRIC_REPRESENTATION_CONTEXT(2) 
PARAMETRIC_REPRESENTATION_CONTEXT() REPRESENTATION_CONTEXT('2D SPACE',''
  ) );
#4850 = PCURVE('',#4851,#4856);
#4851 = PLANE('',#4852);
#4852 = AXIS2_PLACEMENT_3D('',#4853,#4854,#4855);
#4853 = CARTESIAN_POINT('',(191.65169792988,299.16217127684,
    -137.2466102751));
#4854 = DIRECTION('',(1.,0.,-0.));
#4855 = DIRECTION('',(0.,-0.5,0.866025403784));
#4856 = DEFINITIONAL_REPRESENTATION('',(#4857),#4861);
#4857 = LINE('',#4858,#4859);
#4858 = CARTESIAN_POINT('',(0.,0.));
#4859 = VECTOR('',#4860,1.);
#4860 = DIRECTION('',(1.,0.));
#4861 = ( GEOMETRIC_REPRESENTATION_CONTEXT(2) 
PARAMETRIC_REPRESENTATION_CONTEXT() REPRESENTATION_CONTEXT('2D SPACE',''
  ) );
#4862 = ORIENTED_EDGE('',*,*,#3918,.F.);
#4863 = ORIENTED_EDGE('',*,*,#3885,.F.);
#4864 = ADVANCED_FACE('',(#4865),#3958,.F.);
#4865 = FACE_BOUND('',#4866,.F.);
#4866 = EDGE_LOOP('',(#4867,#4895,#4923,#4944));
#4867 = ORIENTED_EDGE('',*,*,#4868,.T.);
#4868 = EDGE_CURVE('',#3943,#4869,#4871,.T.);
#4869 = VERTEX_POINT('',#4870);
#4870 = CARTESIAN_POINT('',(32.502334736647,392.95669268701,
    -77.7034868292));
#4871 = SURFACE_CURVE('',#4872,(#4876,#4883),.PCURVE_S1.);
#4872 = LINE('',#4873,#4874);
#4873 = CARTESIAN_POINT('',(32.502334736647,296.82787286694,
    -133.2034868292));
#4874 = VECTOR('',#4875,1.);
#4875 = DIRECTION('',(6.401285907749E-17,0.866025403784,0.5));
#4876 = PCURVE('',#3958,#4877);
#4877 = DEFINITIONAL_REPRESENTATION('',(#4878),#4882);
#4878 = LINE('',#4879,#4880);
#4879 = CARTESIAN_POINT('',(0.,0.));
#4880 = VECTOR('',#4881,1.);
#4881 = DIRECTION('',(6.401285907749E-17,-1.));
#4882 = ( GEOMETRIC_REPRESENTATION_CONTEXT(2) 
PARAMETRIC_REPRESENTATION_CONTEXT() REPRESENTATION_CONTEXT('2D SPACE',''
  ) );
#4883 = PCURVE('',#4884,#4889);
#4884 = PLANE('',#4885);
#4885 = AXIS2_PLACEMENT_3D('',#4886,#4887,#4888);
#4886 = CARTESIAN_POINT('',(32.502334736647,299.16217127684,
    -137.2466102751));
#4887 = DIRECTION('',(1.,0.,-0.));
#4888 = DIRECTION('',(0.,-0.5,0.866025403784));
#4889 = DEFINITIONAL_REPRESENTATION('',(#4890),#4894);
#4890 = LINE('',#4891,#4892);
#4891 = CARTESIAN_POINT('',(4.668596819791,0.));
#4892 = VECTOR('',#4893,1.);
#4893 = DIRECTION('',(-3.10862446895E-15,-1.));
#4894 = ( GEOMETRIC_REPRESENTATION_CONTEXT(2) 
PARAMETRIC_REPRESENTATION_CONTEXT() REPRESENTATION_CONTEXT('2D SPACE',''
  ) );
#4895 = ORIENTED_EDGE('',*,*,#4896,.F.);
#4896 = EDGE_CURVE('',#4897,#4869,#4899,.T.);
#4897 = VERTEX_POINT('',#4898);
#4898 = CARTESIAN_POINT('',(191.65169792988,326.62780701116,
    -115.9984868292));
#4899 = SURFACE_CURVE('',#4900,(#4904,#4911),.PCURVE_S1.);
#4900 = LINE('',#4901,#4902);
#4901 = CARTESIAN_POINT('',(191.65169792988,326.62780701116,
    -115.9984868292));
#4902 = VECTOR('',#4903,1.);
#4903 = DIRECTION('',(-0.901084578904,0.375546183906,0.216821690372));
#4904 = PCURVE('',#3958,#4905);
#4905 = DEFINITIONAL_REPRESENTATION('',(#4906),#4910);
#4906 = LINE('',#4907,#4908);
#4907 = CARTESIAN_POINT('',(159.14936319323,-34.41));
#4908 = VECTOR('',#4909,1.);
#4909 = DIRECTION('',(-0.901084578904,-0.433643380743));
#4910 = ( GEOMETRIC_REPRESENTATION_CONTEXT(2) 
PARAMETRIC_REPRESENTATION_CONTEXT() REPRESENTATION_CONTEXT('2D SPACE',''
  ) );
#4911 = PCURVE('',#4912,#4917);
#4912 = PLANE('',#4913);
#4913 = AXIS2_PLACEMENT_3D('',#4914,#4915,#4916);
#4914 = CARTESIAN_POINT('',(191.65169792988,326.62780701116,
    -115.9984868292));
#4915 = DIRECTION('',(0.433643380743,0.780362136289,0.450542289452));
#4916 = DIRECTION('',(-0.901084578904,0.375546183906,0.216821690372));
#4917 = DEFINITIONAL_REPRESENTATION('',(#4918),#4922);
#4918 = LINE('',#4919,#4920);
#4919 = CARTESIAN_POINT('',(0.,0.));
#4920 = VECTOR('',#4921,1.);
#4921 = DIRECTION('',(1.,-2.775557561563E-17));
#4922 = ( GEOMETRIC_REPRESENTATION_CONTEXT(2) 
PARAMETRIC_REPRESENTATION_CONTEXT() REPRESENTATION_CONTEXT('2D SPACE',''
  ) );
#4923 = ORIENTED_EDGE('',*,*,#4924,.F.);
#4924 = EDGE_CURVE('',#3919,#4897,#4925,.T.);
#4925 = SURFACE_CURVE('',#4926,(#4930,#4937),.PCURVE_S1.);
#4926 = LINE('',#4927,#4928);
#4927 = CARTESIAN_POINT('',(191.65169792988,296.82787286694,
    -133.2034868292));
#4928 = VECTOR('',#4929,1.);
#4929 = DIRECTION('',(0.,0.866025403784,0.5));
#4930 = PCURVE('',#3958,#4931);
#4931 = DEFINITIONAL_REPRESENTATION('',(#4932),#4936);
#4932 = LINE('',#4933,#4934);
#4933 = CARTESIAN_POINT('',(159.14936319323,0.));
#4934 = VECTOR('',#4935,1.);
#4935 = DIRECTION('',(0.,-1.));
#4936 = ( GEOMETRIC_REPRESENTATION_CONTEXT(2) 
PARAMETRIC_REPRESENTATION_CONTEXT() REPRESENTATION_CONTEXT('2D SPACE',''
  ) );
#4937 = PCURVE('',#4851,#4938);
#4938 = DEFINITIONAL_REPRESENTATION('',(#4939),#4943);
#4939 = LINE('',#4940,#4941);
#4940 = CARTESIAN_POINT('',(4.668596819791,0.));
#4941 = VECTOR('',#4942,1.);
#4942 = DIRECTION('',(-2.997602166488E-15,-1.));
#4943 = ( GEOMETRIC_REPRESENTATION_CONTEXT(2) 
PARAMETRIC_REPRESENTATION_CONTEXT() REPRESENTATION_CONTEXT('2D SPACE',''
  ) );
#4944 = ORIENTED_EDGE('',*,*,#3942,.F.);
#4945 = ADVANCED_FACE('',(#4946),#3985,.F.);
#4946 = FACE_BOUND('',#4947,.F.);
#4947 = EDGE_LOOP('',(#4948,#4949,#4970,#4971));
#4948 = ORIENTED_EDGE('',*,*,#4445,.T.);
#4949 = ORIENTED_EDGE('',*,*,#4950,.T.);
#4950 = EDGE_CURVE('',#4418,#3943,#4951,.T.);
#4951 = SURFACE_CURVE('',#4952,(#4956,#4963),.PCURVE_S1.);
#4952 = LINE('',#4953,#4954);
#4953 = CARTESIAN_POINT('',(32.502334736647,299.16217127684,
    -137.2466102751));
#4954 = VECTOR('',#4955,1.);
#4955 = DIRECTION('',(0.,-0.5,0.866025403784));
#4956 = PCURVE('',#3985,#4957);
#4957 = DEFINITIONAL_REPRESENTATION('',(#4958),#4962);
#4958 = LINE('',#4959,#4960);
#4959 = CARTESIAN_POINT('',(-2.148190606171,-7.593053875152));
#4960 = VECTOR('',#4961,1.);
#4961 = DIRECTION('',(0.866025403784,0.5));
#4962 = ( GEOMETRIC_REPRESENTATION_CONTEXT(2) 
PARAMETRIC_REPRESENTATION_CONTEXT() REPRESENTATION_CONTEXT('2D SPACE',''
  ) );
#4963 = PCURVE('',#4884,#4964);
#4964 = DEFINITIONAL_REPRESENTATION('',(#4965),#4969);
#4965 = LINE('',#4966,#4967);
#4966 = CARTESIAN_POINT('',(0.,0.));
#4967 = VECTOR('',#4968,1.);
#4968 = DIRECTION('',(1.,0.));
#4969 = ( GEOMETRIC_REPRESENTATION_CONTEXT(2) 
PARAMETRIC_REPRESENTATION_CONTEXT() REPRESENTATION_CONTEXT('2D SPACE',''
  ) );
#4970 = ORIENTED_EDGE('',*,*,#3970,.F.);
#4971 = ORIENTED_EDGE('',*,*,#4000,.F.);
#4972 = ADVANCED_FACE('',(#4973),#4123,.T.);
#4973 = FACE_BOUND('',#4974,.T.);
#4974 = EDGE_LOOP('',(#4975,#4976,#5002,#5003));
#4975 = ORIENTED_EDGE('',*,*,#4173,.T.);
#4976 = ORIENTED_EDGE('',*,*,#4977,.T.);
#4977 = EDGE_CURVE('',#4174,#4472,#4978,.T.);
#4978 = SURFACE_CURVE('',#4979,(#4983,#4990),.PCURVE_S1.);
#4979 = LINE('',#4980,#4981);
#4980 = CARTESIAN_POINT('',(305.12909037533,166.12113323481,
    -56.13287636189));
#4981 = VECTOR('',#4982,1.);
#4982 = DIRECTION('',(-0.866025403784,0.,0.5));
#4983 = PCURVE('',#4123,#4984);
#4984 = DEFINITIONAL_REPRESENTATION('',(#4985),#4989);
#4985 = LINE('',#4986,#4987);
#4986 = CARTESIAN_POINT('',(-6.493238736486,2.045398338948));
#4987 = VECTOR('',#4988,1.);
#4988 = DIRECTION('',(0.5,-0.866025403784));
#4989 = ( GEOMETRIC_REPRESENTATION_CONTEXT(2) 
PARAMETRIC_REPRESENTATION_CONTEXT() REPRESENTATION_CONTEXT('2D SPACE',''
  ) );
#4990 = PCURVE('',#4991,#4996);
#4991 = PLANE('',#4992);
#4992 = AXIS2_PLACEMENT_3D('',#4993,#4994,#4995);
#4993 = CARTESIAN_POINT('',(305.12909037533,166.12113323481,
    -56.13287636189));
#4994 = DIRECTION('',(0.,1.,0.));
#4995 = DIRECTION('',(-0.866025403784,0.,0.5));
#4996 = DEFINITIONAL_REPRESENTATION('',(#4997),#5001);
#4997 = LINE('',#4998,#4999);
#4998 = CARTESIAN_POINT('',(0.,0.));
#4999 = VECTOR('',#5000,1.);
#5000 = DIRECTION('',(1.,0.));
#5001 = ( GEOMETRIC_REPRESENTATION_CONTEXT(2) 
PARAMETRIC_REPRESENTATION_CONTEXT() REPRESENTATION_CONTEXT('2D SPACE',''
  ) );
#5002 = ORIENTED_EDGE('',*,*,#4471,.F.);
#5003 = ORIENTED_EDGE('',*,*,#4109,.F.);
#5004 = ADVANCED_FACE('',(#5005),#4155,.F.);
#5005 = FACE_BOUND('',#5006,.F.);
#5006 = EDGE_LOOP('',(#5007,#5008,#5034,#5035));
#5007 = ORIENTED_EDGE('',*,*,#4225,.T.);
#5008 = ORIENTED_EDGE('',*,*,#5009,.T.);
#5009 = EDGE_CURVE('',#4198,#4496,#5010,.T.);
#5010 = SURFACE_CURVE('',#5011,(#5015,#5022),.PCURVE_S1.);
#5011 = LINE('',#5012,#5013);
#5012 = CARTESIAN_POINT('',(305.12909037533,40.240522957502,
    -56.13287636189));
#5013 = VECTOR('',#5014,1.);
#5014 = DIRECTION('',(-0.866025403784,0.,0.5));
#5015 = PCURVE('',#4155,#5016);
#5016 = DEFINITIONAL_REPRESENTATION('',(#5017),#5021);
#5017 = LINE('',#5018,#5019);
#5018 = CARTESIAN_POINT('',(-6.493238736486,2.045398338948));
#5019 = VECTOR('',#5020,1.);
#5020 = DIRECTION('',(0.5,-0.866025403784));
#5021 = ( GEOMETRIC_REPRESENTATION_CONTEXT(2) 
PARAMETRIC_REPRESENTATION_CONTEXT() REPRESENTATION_CONTEXT('2D SPACE',''
  ) );
#5022 = PCURVE('',#5023,#5028);
#5023 = PLANE('',#5024);
#5024 = AXIS2_PLACEMENT_3D('',#5025,#5026,#5027);
#5025 = CARTESIAN_POINT('',(305.12909037533,40.240522957502,
    -56.13287636189));
#5026 = DIRECTION('',(0.,1.,0.));
#5027 = DIRECTION('',(-0.866025403784,0.,0.5));
#5028 = DEFINITIONAL_REPRESENTATION('',(#5029),#5033);
#5029 = LINE('',#5030,#5031);
#5030 = CARTESIAN_POINT('',(0.,0.));
#5031 = VECTOR('',#5032,1.);
#5032 = DIRECTION('',(1.,0.));
#5033 = ( GEOMETRIC_REPRESENTATION_CONTEXT(2) 
PARAMETRIC_REPRESENTATION_CONTEXT() REPRESENTATION_CONTEXT('2D SPACE',''
  ) );
#5034 = ORIENTED_EDGE('',*,*,#4523,.F.);
#5035 = ORIENTED_EDGE('',*,*,#4141,.F.);
#5036 = ADVANCED_FACE('',(#5037),#4213,.T.);
#5037 = FACE_BOUND('',#5038,.T.);
#5038 = EDGE_LOOP('',(#5039,#5062,#5090,#5111));
#5039 = ORIENTED_EDGE('',*,*,#5040,.T.);
#5040 = EDGE_CURVE('',#4198,#5041,#5043,.T.);
#5041 = VERTEX_POINT('',#5042);
#5042 = CARTESIAN_POINT('',(249.62909037533,40.240522957502,
    -152.2616961819));
#5043 = SURFACE_CURVE('',#5044,(#5048,#5055),.PCURVE_S1.);
#5044 = LINE('',#5045,#5046);
#5045 = CARTESIAN_POINT('',(305.12909037533,40.240522957502,
    -56.13287636189));
#5046 = VECTOR('',#5047,1.);
#5047 = DIRECTION('',(-0.5,0.,-0.866025403784));
#5048 = PCURVE('',#4213,#5049);
#5049 = DEFINITIONAL_REPRESENTATION('',(#5050),#5054);
#5050 = LINE('',#5051,#5052);
#5051 = CARTESIAN_POINT('',(0.,0.));
#5052 = VECTOR('',#5053,1.);
#5053 = DIRECTION('',(0.,-1.));
#5054 = ( GEOMETRIC_REPRESENTATION_CONTEXT(2) 
PARAMETRIC_REPRESENTATION_CONTEXT() REPRESENTATION_CONTEXT('2D SPACE',''
  ) );
#5055 = PCURVE('',#5023,#5056);
#5056 = DEFINITIONAL_REPRESENTATION('',(#5057),#5061);
#5057 = LINE('',#5058,#5059);
#5058 = CARTESIAN_POINT('',(0.,0.));
#5059 = VECTOR('',#5060,1.);
#5060 = DIRECTION('',(7.105427357601E-15,-1.));
#5061 = ( GEOMETRIC_REPRESENTATION_CONTEXT(2) 
PARAMETRIC_REPRESENTATION_CONTEXT() REPRESENTATION_CONTEXT('2D SPACE',''
  ) );
#5062 = ORIENTED_EDGE('',*,*,#5063,.T.);
#5063 = EDGE_CURVE('',#5041,#5064,#5066,.T.);
#5064 = VERTEX_POINT('',#5065);
#5065 = CARTESIAN_POINT('',(249.62909037533,166.12113323481,
    -152.2616961819));
#5066 = SURFACE_CURVE('',#5067,(#5071,#5078),.PCURVE_S1.);
#5067 = LINE('',#5068,#5069);
#5068 = CARTESIAN_POINT('',(249.62909037533,40.240522957502,
    -152.2616961819));
#5069 = VECTOR('',#5070,1.);
#5070 = DIRECTION('',(0.,1.,0.));
#5071 = PCURVE('',#4213,#5072);
#5072 = DEFINITIONAL_REPRESENTATION('',(#5073),#5077);
#5073 = LINE('',#5074,#5075);
#5074 = CARTESIAN_POINT('',(0.,-111.));
#5075 = VECTOR('',#5076,1.);
#5076 = DIRECTION('',(1.,0.));
#5077 = ( GEOMETRIC_REPRESENTATION_CONTEXT(2) 
PARAMETRIC_REPRESENTATION_CONTEXT() REPRESENTATION_CONTEXT('2D SPACE',''
  ) );
#5078 = PCURVE('',#5079,#5084);
#5079 = PLANE('',#5080);
#5080 = AXIS2_PLACEMENT_3D('',#5081,#5082,#5083);
#5081 = CARTESIAN_POINT('',(247.60752865235,103.18082809615,
    -151.094546977));
#5082 = DIRECTION('',(-0.5,-0.,-0.866025403784));
#5083 = DIRECTION('',(-0.866025403784,0.,0.5));
#5084 = DEFINITIONAL_REPRESENTATION('',(#5085),#5089);
#5085 = LINE('',#5086,#5087);
#5086 = CARTESIAN_POINT('',(-2.334298409896,-62.94030513865));
#5087 = VECTOR('',#5088,1.);
#5088 = DIRECTION('',(0.,1.));
#5089 = ( GEOMETRIC_REPRESENTATION_CONTEXT(2) 
PARAMETRIC_REPRESENTATION_CONTEXT() REPRESENTATION_CONTEXT('2D SPACE',''
  ) );
#5090 = ORIENTED_EDGE('',*,*,#5091,.F.);
#5091 = EDGE_CURVE('',#4174,#5064,#5092,.T.);
#5092 = SURFACE_CURVE('',#5093,(#5097,#5104),.PCURVE_S1.);
#5093 = LINE('',#5094,#5095);
#5094 = CARTESIAN_POINT('',(305.12909037533,166.12113323481,
    -56.13287636189));
#5095 = VECTOR('',#5096,1.);
#5096 = DIRECTION('',(-0.5,0.,-0.866025403784));
#5097 = PCURVE('',#4213,#5098);
#5098 = DEFINITIONAL_REPRESENTATION('',(#5099),#5103);
#5099 = LINE('',#5100,#5101);
#5100 = CARTESIAN_POINT('',(125.88061027731,0.));
#5101 = VECTOR('',#5102,1.);
#5102 = DIRECTION('',(0.,-1.));
#5103 = ( GEOMETRIC_REPRESENTATION_CONTEXT(2) 
PARAMETRIC_REPRESENTATION_CONTEXT() REPRESENTATION_CONTEXT('2D SPACE',''
  ) );
#5104 = PCURVE('',#4991,#5105);
#5105 = DEFINITIONAL_REPRESENTATION('',(#5106),#5110);
#5106 = LINE('',#5107,#5108);
#5107 = CARTESIAN_POINT('',(0.,0.));
#5108 = VECTOR('',#5109,1.);
#5109 = DIRECTION('',(7.105427357601E-15,-1.));
#5110 = ( GEOMETRIC_REPRESENTATION_CONTEXT(2) 
PARAMETRIC_REPRESENTATION_CONTEXT() REPRESENTATION_CONTEXT('2D SPACE',''
  ) );
#5111 = ORIENTED_EDGE('',*,*,#4197,.F.);
#5112 = ADVANCED_FACE('',(#5113),#4265,.T.);
#5113 = FACE_BOUND('',#5114,.T.);
#5114 = EDGE_LOOP('',(#5115,#5116,#5142,#5143));
#5115 = ORIENTED_EDGE('',*,*,#4283,.T.);
#5116 = ORIENTED_EDGE('',*,*,#5117,.T.);
#5117 = EDGE_CURVE('',#4284,#4550,#5118,.T.);
#5118 = SURFACE_CURVE('',#5119,(#5123,#5130),.PCURVE_S1.);
#5119 = LINE('',#5120,#5121);
#5120 = CARTESIAN_POINT('',(224.15403266652,-109.0770042853,
    48.90028028003));
#5121 = VECTOR('',#5122,1.);
#5122 = DIRECTION('',(0.,0.866025403784,-0.5));
#5123 = PCURVE('',#4265,#5124);
#5124 = DEFINITIONAL_REPRESENTATION('',(#5125),#5129);
#5125 = LINE('',#5126,#5127);
#5126 = CARTESIAN_POINT('',(-2.059048049178,7.909759874337));
#5127 = VECTOR('',#5128,1.);
#5128 = DIRECTION('',(-0.5,-0.866025403784));
#5129 = ( GEOMETRIC_REPRESENTATION_CONTEXT(2) 
PARAMETRIC_REPRESENTATION_CONTEXT() REPRESENTATION_CONTEXT('2D SPACE',''
  ) );
#5130 = PCURVE('',#5131,#5136);
#5131 = PLANE('',#5132);
#5132 = AXIS2_PLACEMENT_3D('',#5133,#5134,#5135);
#5133 = CARTESIAN_POINT('',(224.15403266652,-109.0770042853,
    48.90028028003));
#5134 = DIRECTION('',(1.,0.,0.));
#5135 = DIRECTION('',(0.,0.866025403784,-0.5));
#5136 = DEFINITIONAL_REPRESENTATION('',(#5137),#5141);
#5137 = LINE('',#5138,#5139);
#5138 = CARTESIAN_POINT('',(0.,0.));
#5139 = VECTOR('',#5140,1.);
#5140 = DIRECTION('',(1.,0.));
#5141 = ( GEOMETRIC_REPRESENTATION_CONTEXT(2) 
PARAMETRIC_REPRESENTATION_CONTEXT() REPRESENTATION_CONTEXT('2D SPACE',''
  ) );
#5142 = ORIENTED_EDGE('',*,*,#4549,.F.);
#5143 = ORIENTED_EDGE('',*,*,#4251,.T.);
#5144 = ADVANCED_FACE('',(#5145),#4321,.T.);
#5145 = FACE_BOUND('',#5146,.T.);
#5146 = EDGE_LOOP('',(#5147,#5148,#5171,#5192));
#5147 = ORIENTED_EDGE('',*,*,#4603,.T.);
#5148 = ORIENTED_EDGE('',*,*,#5149,.T.);
#5149 = EDGE_CURVE('',#4604,#5150,#5152,.T.);
#5150 = VERTEX_POINT('',#5151);
#5151 = CARTESIAN_POINT('',(224.15403266652,-149.0770042853,
    -20.38175202272));
#5152 = SURFACE_CURVE('',#5153,(#5157,#5164),.PCURVE_S1.);
#5153 = LINE('',#5154,#5155);
#5154 = CARTESIAN_POINT('',(0.,-149.0770042853,-20.38175202272));
#5155 = VECTOR('',#5156,1.);
#5156 = DIRECTION('',(1.,0.,0.));
#5157 = PCURVE('',#4321,#5158);
#5158 = DEFINITIONAL_REPRESENTATION('',(#5159),#5163);
#5159 = LINE('',#5160,#5161);
#5160 = CARTESIAN_POINT('',(0.,-80.));
#5161 = VECTOR('',#5162,1.);
#5162 = DIRECTION('',(1.,0.));
#5163 = ( GEOMETRIC_REPRESENTATION_CONTEXT(2) 
PARAMETRIC_REPRESENTATION_CONTEXT() REPRESENTATION_CONTEXT('2D SPACE',''
  ) );
#5164 = PCURVE('',#4642,#5165);
#5165 = DEFINITIONAL_REPRESENTATION('',(#5166),#5170);
#5166 = LINE('',#5167,#5168);
#5167 = CARTESIAN_POINT('',(2.334298409895,112.07701633326));
#5168 = VECTOR('',#5169,1.);
#5169 = DIRECTION('',(0.,-1.));
#5170 = ( GEOMETRIC_REPRESENTATION_CONTEXT(2) 
PARAMETRIC_REPRESENTATION_CONTEXT() REPRESENTATION_CONTEXT('2D SPACE',''
  ) );
#5171 = ORIENTED_EDGE('',*,*,#5172,.F.);
#5172 = EDGE_CURVE('',#4284,#5150,#5173,.T.);
#5173 = SURFACE_CURVE('',#5174,(#5178,#5185),.PCURVE_S1.);
#5174 = LINE('',#5175,#5176);
#5175 = CARTESIAN_POINT('',(224.15403266652,-109.0770042853,
    48.90028028003));
#5176 = VECTOR('',#5177,1.);
#5177 = DIRECTION('',(0.,-0.5,-0.866025403784));
#5178 = PCURVE('',#4321,#5179);
#5179 = DEFINITIONAL_REPRESENTATION('',(#5180),#5184);
#5180 = LINE('',#5181,#5182);
#5181 = CARTESIAN_POINT('',(224.15403266652,0.));
#5182 = VECTOR('',#5183,1.);
#5183 = DIRECTION('',(0.,-1.));
#5184 = ( GEOMETRIC_REPRESENTATION_CONTEXT(2) 
PARAMETRIC_REPRESENTATION_CONTEXT() REPRESENTATION_CONTEXT('2D SPACE',''
  ) );
#5185 = PCURVE('',#5131,#5186);
#5186 = DEFINITIONAL_REPRESENTATION('',(#5187),#5191);
#5187 = LINE('',#5188,#5189);
#5188 = CARTESIAN_POINT('',(0.,0.));
#5189 = VECTOR('',#5190,1.);
#5190 = DIRECTION('',(-1.998401444325E-15,-1.));
#5191 = ( GEOMETRIC_REPRESENTATION_CONTEXT(2) 
PARAMETRIC_REPRESENTATION_CONTEXT() REPRESENTATION_CONTEXT('2D SPACE',''
  ) );
#5192 = ORIENTED_EDGE('',*,*,#4307,.F.);
#5193 = ADVANCED_FACE('',(#5194),#4376,.T.);
#5194 = FACE_BOUND('',#5195,.T.);
#5195 = EDGE_LOOP('',(#5196,#5197,#5220,#5241));
#5196 = ORIENTED_EDGE('',*,*,#4730,.F.);
#5197 = ORIENTED_EDGE('',*,*,#5198,.F.);
#5198 = EDGE_CURVE('',#5199,#4703,#5201,.T.);
#5199 = VERTEX_POINT('',#5200);
#5200 = CARTESIAN_POINT('',(-63.33962066085,-2.090235455069,
    -67.44115570304));
#5201 = SURFACE_CURVE('',#5202,(#5206,#5213),.PCURVE_S1.);
#5202 = LINE('',#5203,#5204);
#5203 = CARTESIAN_POINT('',(-63.33962066085,-2.090235455069,
    -67.44115570304));
#5204 = VECTOR('',#5205,1.);
#5205 = DIRECTION('',(0.895753043458,-0.331580371204,0.296109679965));
#5206 = PCURVE('',#4376,#5207);
#5207 = DEFINITIONAL_REPRESENTATION('',(#5208),#5212);
#5208 = LINE('',#5209,#5210);
#5209 = CARTESIAN_POINT('',(83.,-45.6));
#5210 = VECTOR('',#5211,1.);
#5211 = DIRECTION('',(-0.923799731134,-0.382876033145));
#5212 = ( GEOMETRIC_REPRESENTATION_CONTEXT(2) 
PARAMETRIC_REPRESENTATION_CONTEXT() REPRESENTATION_CONTEXT('2D SPACE',''
  ) );
#5213 = PCURVE('',#4718,#5214);
#5214 = DEFINITIONAL_REPRESENTATION('',(#5215),#5219);
#5215 = LINE('',#5216,#5217);
#5216 = CARTESIAN_POINT('',(0.,0.));
#5217 = VECTOR('',#5218,1.);
#5218 = DIRECTION('',(1.,8.326672684689E-17));
#5219 = ( GEOMETRIC_REPRESENTATION_CONTEXT(2) 
PARAMETRIC_REPRESENTATION_CONTEXT() REPRESENTATION_CONTEXT('2D SPACE',''
  ) );
#5220 = ORIENTED_EDGE('',*,*,#5221,.F.);
#5221 = EDGE_CURVE('',#4339,#5199,#5222,.T.);
#5222 = SURFACE_CURVE('',#5223,(#5227,#5234),.PCURVE_S1.);
#5223 = LINE('',#5224,#5225);
#5224 = CARTESIAN_POINT('',(-74.73962066085,37.400522957502,
    -47.69577649676));
#5225 = VECTOR('',#5226,1.);
#5226 = DIRECTION('',(0.25,-0.866025403784,-0.433012701892));
#5227 = PCURVE('',#4376,#5228);
#5228 = DEFINITIONAL_REPRESENTATION('',(#5229),#5233);
#5229 = LINE('',#5230,#5231);
#5230 = CARTESIAN_POINT('',(83.,0.));
#5231 = VECTOR('',#5232,1.);
#5232 = DIRECTION('',(0.,-1.));
#5233 = ( GEOMETRIC_REPRESENTATION_CONTEXT(2) 
PARAMETRIC_REPRESENTATION_CONTEXT() REPRESENTATION_CONTEXT('2D SPACE',''
  ) );
#5234 = PCURVE('',#4793,#5235);
#5235 = DEFINITIONAL_REPRESENTATION('',(#5236),#5240);
#5236 = LINE('',#5237,#5238);
#5237 = CARTESIAN_POINT('',(4.668596819791,2.22044604925E-16));
#5238 = VECTOR('',#5239,1.);
#5239 = DIRECTION('',(-2.22044604925E-16,-1.));
#5240 = ( GEOMETRIC_REPRESENTATION_CONTEXT(2) 
PARAMETRIC_REPRESENTATION_CONTEXT() REPRESENTATION_CONTEXT('2D SPACE',''
  ) );
#5241 = ORIENTED_EDGE('',*,*,#4362,.F.);
#5242 = ADVANCED_FACE('',(#5243),#4433,.T.);
#5243 = FACE_BOUND('',#5244,.T.);
#5244 = EDGE_LOOP('',(#5245,#5268,#5291,#5312));
#5245 = ORIENTED_EDGE('',*,*,#5246,.F.);
#5246 = EDGE_CURVE('',#5247,#4418,#5249,.T.);
#5247 = VERTEX_POINT('',#5248);
#5248 = CARTESIAN_POINT('',(32.502334736647,395.29099109691,
    -81.74661027516));
#5249 = SURFACE_CURVE('',#5250,(#5254,#5261),.PCURVE_S1.);
#5250 = LINE('',#5251,#5252);
#5251 = CARTESIAN_POINT('',(32.502334736647,395.29099109691,
    -81.74661027516));
#5252 = VECTOR('',#5253,1.);
#5253 = DIRECTION('',(-6.401285907749E-17,-0.866025403784,-0.5));
#5254 = PCURVE('',#4433,#5255);
#5255 = DEFINITIONAL_REPRESENTATION('',(#5256),#5260);
#5256 = LINE('',#5257,#5258);
#5257 = CARTESIAN_POINT('',(7.105427357601E-15,-111.));
#5258 = VECTOR('',#5259,1.);
#5259 = DIRECTION('',(-6.401285907749E-17,1.));
#5260 = ( GEOMETRIC_REPRESENTATION_CONTEXT(2) 
PARAMETRIC_REPRESENTATION_CONTEXT() REPRESENTATION_CONTEXT('2D SPACE',''
  ) );
#5261 = PCURVE('',#4884,#5262);
#5262 = DEFINITIONAL_REPRESENTATION('',(#5263),#5267);
#5263 = LINE('',#5264,#5265);
#5264 = CARTESIAN_POINT('',(-3.410605131648E-13,-111.));
#5265 = VECTOR('',#5266,1.);
#5266 = DIRECTION('',(3.10862446895E-15,1.));
#5267 = ( GEOMETRIC_REPRESENTATION_CONTEXT(2) 
PARAMETRIC_REPRESENTATION_CONTEXT() REPRESENTATION_CONTEXT('2D SPACE',''
  ) );
#5268 = ORIENTED_EDGE('',*,*,#5269,.F.);
#5269 = EDGE_CURVE('',#5270,#5247,#5272,.T.);
#5270 = VERTEX_POINT('',#5271);
#5271 = CARTESIAN_POINT('',(191.65169792988,328.96210542106,
    -120.0416102751));
#5272 = SURFACE_CURVE('',#5273,(#5277,#5284),.PCURVE_S1.);
#5273 = LINE('',#5274,#5275);
#5274 = CARTESIAN_POINT('',(191.65169792988,328.96210542106,
    -120.0416102751));
#5275 = VECTOR('',#5276,1.);
#5276 = DIRECTION('',(-0.901084578904,0.375546183906,0.216821690372));
#5277 = PCURVE('',#4433,#5278);
#5278 = DEFINITIONAL_REPRESENTATION('',(#5279),#5283);
#5279 = LINE('',#5280,#5281);
#5280 = CARTESIAN_POINT('',(159.14936319323,-34.41));
#5281 = VECTOR('',#5282,1.);
#5282 = DIRECTION('',(-0.901084578904,-0.433643380743));
#5283 = ( GEOMETRIC_REPRESENTATION_CONTEXT(2) 
PARAMETRIC_REPRESENTATION_CONTEXT() REPRESENTATION_CONTEXT('2D SPACE',''
  ) );
#5284 = PCURVE('',#4912,#5285);
#5285 = DEFINITIONAL_REPRESENTATION('',(#5286),#5290);
#5286 = LINE('',#5287,#5288);
#5287 = CARTESIAN_POINT('',(6.106226635438E-15,-4.668596819791));
#5288 = VECTOR('',#5289,1.);
#5289 = DIRECTION('',(1.,-2.775557561563E-17));
#5290 = ( GEOMETRIC_REPRESENTATION_CONTEXT(2) 
PARAMETRIC_REPRESENTATION_CONTEXT() REPRESENTATION_CONTEXT('2D SPACE',''
  ) );
#5291 = ORIENTED_EDGE('',*,*,#5292,.F.);
#5292 = EDGE_CURVE('',#4394,#5270,#5293,.T.);
#5293 = SURFACE_CURVE('',#5294,(#5298,#5305),.PCURVE_S1.);
#5294 = LINE('',#5295,#5296);
#5295 = CARTESIAN_POINT('',(191.65169792988,299.16217127684,
    -137.2466102751));
#5296 = VECTOR('',#5297,1.);
#5297 = DIRECTION('',(0.,0.866025403784,0.5));
#5298 = PCURVE('',#4433,#5299);
#5299 = DEFINITIONAL_REPRESENTATION('',(#5300),#5304);
#5300 = LINE('',#5301,#5302);
#5301 = CARTESIAN_POINT('',(159.14936319323,0.));
#5302 = VECTOR('',#5303,1.);
#5303 = DIRECTION('',(0.,-1.));
#5304 = ( GEOMETRIC_REPRESENTATION_CONTEXT(2) 
PARAMETRIC_REPRESENTATION_CONTEXT() REPRESENTATION_CONTEXT('2D SPACE',''
  ) );
#5305 = PCURVE('',#4851,#5306);
#5306 = DEFINITIONAL_REPRESENTATION('',(#5307),#5311);
#5307 = LINE('',#5308,#5309);
#5308 = CARTESIAN_POINT('',(0.,0.));
#5309 = VECTOR('',#5310,1.);
#5310 = DIRECTION('',(-2.997602166488E-15,-1.));
#5311 = ( GEOMETRIC_REPRESENTATION_CONTEXT(2) 
PARAMETRIC_REPRESENTATION_CONTEXT() REPRESENTATION_CONTEXT('2D SPACE',''
  ) );
#5312 = ORIENTED_EDGE('',*,*,#4417,.F.);
#5313 = ADVANCED_FACE('',(#5314),#4511,.F.);
#5314 = FACE_BOUND('',#5315,.F.);
#5315 = EDGE_LOOP('',(#5316,#5339,#5362,#5383));
#5316 = ORIENTED_EDGE('',*,*,#5317,.T.);
#5317 = EDGE_CURVE('',#4496,#5318,#5320,.T.);
#5318 = VERTEX_POINT('',#5319);
#5319 = CARTESIAN_POINT('',(245.58596692936,40.240522957502,
    -149.927397772));
#5320 = SURFACE_CURVE('',#5321,(#5325,#5332),.PCURVE_S1.);
#5321 = LINE('',#5322,#5323);
#5322 = CARTESIAN_POINT('',(301.08596692936,40.240522957502,
    -53.798577952));
#5323 = VECTOR('',#5324,1.);
#5324 = DIRECTION('',(-0.5,0.,-0.866025403784));
#5325 = PCURVE('',#4511,#5326);
#5326 = DEFINITIONAL_REPRESENTATION('',(#5327),#5331);
#5327 = LINE('',#5328,#5329);
#5328 = CARTESIAN_POINT('',(0.,0.));
#5329 = VECTOR('',#5330,1.);
#5330 = DIRECTION('',(0.,-1.));
#5331 = ( GEOMETRIC_REPRESENTATION_CONTEXT(2) 
PARAMETRIC_REPRESENTATION_CONTEXT() REPRESENTATION_CONTEXT('2D SPACE',''
  ) );
#5332 = PCURVE('',#5023,#5333);
#5333 = DEFINITIONAL_REPRESENTATION('',(#5334),#5338);
#5334 = LINE('',#5335,#5336);
#5335 = CARTESIAN_POINT('',(4.668596819791,4.440892098501E-16));
#5336 = VECTOR('',#5337,1.);
#5337 = DIRECTION('',(7.105427357601E-15,-1.));
#5338 = ( GEOMETRIC_REPRESENTATION_CONTEXT(2) 
PARAMETRIC_REPRESENTATION_CONTEXT() REPRESENTATION_CONTEXT('2D SPACE',''
  ) );
#5339 = ORIENTED_EDGE('',*,*,#5340,.T.);
#5340 = EDGE_CURVE('',#5318,#5341,#5343,.T.);
#5341 = VERTEX_POINT('',#5342);
#5342 = CARTESIAN_POINT('',(245.58596692936,166.12113323481,
    -149.927397772));
#5343 = SURFACE_CURVE('',#5344,(#5348,#5355),.PCURVE_S1.);
#5344 = LINE('',#5345,#5346);
#5345 = CARTESIAN_POINT('',(245.58596692936,40.240522957502,
    -149.927397772));
#5346 = VECTOR('',#5347,1.);
#5347 = DIRECTION('',(0.,1.,0.));
#5348 = PCURVE('',#4511,#5349);
#5349 = DEFINITIONAL_REPRESENTATION('',(#5350),#5354);
#5350 = LINE('',#5351,#5352);
#5351 = CARTESIAN_POINT('',(0.,-111.));
#5352 = VECTOR('',#5353,1.);
#5353 = DIRECTION('',(1.,0.));
#5354 = ( GEOMETRIC_REPRESENTATION_CONTEXT(2) 
PARAMETRIC_REPRESENTATION_CONTEXT() REPRESENTATION_CONTEXT('2D SPACE',''
  ) );
#5355 = PCURVE('',#5079,#5356);
#5356 = DEFINITIONAL_REPRESENTATION('',(#5357),#5361);
#5357 = LINE('',#5358,#5359);
#5358 = CARTESIAN_POINT('',(2.334298409895,-62.94030513865));
#5359 = VECTOR('',#5360,1.);
#5360 = DIRECTION('',(0.,1.));
#5361 = ( GEOMETRIC_REPRESENTATION_CONTEXT(2) 
PARAMETRIC_REPRESENTATION_CONTEXT() REPRESENTATION_CONTEXT('2D SPACE',''
  ) );
#5362 = ORIENTED_EDGE('',*,*,#5363,.F.);
#5363 = EDGE_CURVE('',#4472,#5341,#5364,.T.);
#5364 = SURFACE_CURVE('',#5365,(#5369,#5376),.PCURVE_S1.);
#5365 = LINE('',#5366,#5367);
#5366 = CARTESIAN_POINT('',(301.08596692936,166.12113323481,
    -53.798577952));
#5367 = VECTOR('',#5368,1.);
#5368 = DIRECTION('',(-0.5,0.,-0.866025403784));
#5369 = PCURVE('',#4511,#5370);
#5370 = DEFINITIONAL_REPRESENTATION('',(#5371),#5375);
#5371 = LINE('',#5372,#5373);
#5372 = CARTESIAN_POINT('',(125.88061027731,0.));
#5373 = VECTOR('',#5374,1.);
#5374 = DIRECTION('',(0.,-1.));
#5375 = ( GEOMETRIC_REPRESENTATION_CONTEXT(2) 
PARAMETRIC_REPRESENTATION_CONTEXT() REPRESENTATION_CONTEXT('2D SPACE',''
  ) );
#5376 = PCURVE('',#4991,#5377);
#5377 = DEFINITIONAL_REPRESENTATION('',(#5378),#5382);
#5378 = LINE('',#5379,#5380);
#5379 = CARTESIAN_POINT('',(4.668596819791,4.440892098501E-16));
#5380 = VECTOR('',#5381,1.);
#5381 = DIRECTION('',(7.105427357601E-15,-1.));
#5382 = ( GEOMETRIC_REPRESENTATION_CONTEXT(2) 
PARAMETRIC_REPRESENTATION_CONTEXT() REPRESENTATION_CONTEXT('2D SPACE',''
  ) );
#5383 = ORIENTED_EDGE('',*,*,#4495,.F.);
#5384 = ADVANCED_FACE('',(#5385),#4587,.F.);
#5385 = FACE_BOUND('',#5386,.F.);
#5386 = EDGE_LOOP('',(#5387,#5388,#5411,#5432));
#5387 = ORIENTED_EDGE('',*,*,#4654,.T.);
#5388 = ORIENTED_EDGE('',*,*,#5389,.T.);
#5389 = EDGE_CURVE('',#4627,#5390,#5392,.T.);
#5390 = VERTEX_POINT('',#5391);
#5391 = CARTESIAN_POINT('',(224.15403266652,-145.0338808393,
    -22.71605043262));
#5392 = SURFACE_CURVE('',#5393,(#5397,#5404),.PCURVE_S1.);
#5393 = LINE('',#5394,#5395);
#5394 = CARTESIAN_POINT('',(0.,-145.0338808393,-22.71605043262));
#5395 = VECTOR('',#5396,1.);
#5396 = DIRECTION('',(1.,0.,0.));
#5397 = PCURVE('',#4587,#5398);
#5398 = DEFINITIONAL_REPRESENTATION('',(#5399),#5403);
#5399 = LINE('',#5400,#5401);
#5400 = CARTESIAN_POINT('',(0.,-80.));
#5401 = VECTOR('',#5402,1.);
#5402 = DIRECTION('',(1.,0.));
#5403 = ( GEOMETRIC_REPRESENTATION_CONTEXT(2) 
PARAMETRIC_REPRESENTATION_CONTEXT() REPRESENTATION_CONTEXT('2D SPACE',''
  ) );
#5404 = PCURVE('',#4642,#5405);
#5405 = DEFINITIONAL_REPRESENTATION('',(#5406),#5410);
#5406 = LINE('',#5407,#5408);
#5407 = CARTESIAN_POINT('',(-2.334298409896,112.07701633326));
#5408 = VECTOR('',#5409,1.);
#5409 = DIRECTION('',(0.,-1.));
#5410 = ( GEOMETRIC_REPRESENTATION_CONTEXT(2) 
PARAMETRIC_REPRESENTATION_CONTEXT() REPRESENTATION_CONTEXT('2D SPACE',''
  ) );
#5411 = ORIENTED_EDGE('',*,*,#5412,.F.);
#5412 = EDGE_CURVE('',#4550,#5390,#5413,.T.);
#5413 = SURFACE_CURVE('',#5414,(#5418,#5425),.PCURVE_S1.);
#5414 = LINE('',#5415,#5416);
#5415 = CARTESIAN_POINT('',(224.15403266652,-105.0338808393,
    46.565981870134));
#5416 = VECTOR('',#5417,1.);
#5417 = DIRECTION('',(0.,-0.5,-0.866025403784));
#5418 = PCURVE('',#4587,#5419);
#5419 = DEFINITIONAL_REPRESENTATION('',(#5420),#5424);
#5420 = LINE('',#5421,#5422);
#5421 = CARTESIAN_POINT('',(224.15403266652,0.));
#5422 = VECTOR('',#5423,1.);
#5423 = DIRECTION('',(0.,-1.));
#5424 = ( GEOMETRIC_REPRESENTATION_CONTEXT(2) 
PARAMETRIC_REPRESENTATION_CONTEXT() REPRESENTATION_CONTEXT('2D SPACE',''
  ) );
#5425 = PCURVE('',#5131,#5426);
#5426 = DEFINITIONAL_REPRESENTATION('',(#5427),#5431);
#5427 = LINE('',#5428,#5429);
#5428 = CARTESIAN_POINT('',(4.668596819791,0.));
#5429 = VECTOR('',#5430,1.);
#5430 = DIRECTION('',(-1.998401444325E-15,-1.));
#5431 = ( GEOMETRIC_REPRESENTATION_CONTEXT(2) 
PARAMETRIC_REPRESENTATION_CONTEXT() REPRESENTATION_CONTEXT('2D SPACE',''
  ) );
#5432 = ORIENTED_EDGE('',*,*,#4573,.F.);
#5433 = ADVANCED_FACE('',(#5434),#4642,.T.);
#5434 = FACE_BOUND('',#5435,.T.);
#5435 = EDGE_LOOP('',(#5436,#5437,#5438,#5459));
#5436 = ORIENTED_EDGE('',*,*,#4626,.T.);
#5437 = ORIENTED_EDGE('',*,*,#5389,.T.);
#5438 = ORIENTED_EDGE('',*,*,#5439,.F.);
#5439 = EDGE_CURVE('',#5150,#5390,#5440,.T.);
#5440 = SURFACE_CURVE('',#5441,(#5445,#5452),.PCURVE_S1.);
#5441 = LINE('',#5442,#5443);
#5442 = CARTESIAN_POINT('',(224.15403266652,-149.0770042853,
    -20.38175202272));
#5443 = VECTOR('',#5444,1.);
#5444 = DIRECTION('',(0.,0.866025403784,-0.5));
#5445 = PCURVE('',#4642,#5446);
#5446 = DEFINITIONAL_REPRESENTATION('',(#5447),#5451);
#5447 = LINE('',#5448,#5449);
#5448 = CARTESIAN_POINT('',(2.334298409895,-112.0770163332));
#5449 = VECTOR('',#5450,1.);
#5450 = DIRECTION('',(-1.,0.));
#5451 = ( GEOMETRIC_REPRESENTATION_CONTEXT(2) 
PARAMETRIC_REPRESENTATION_CONTEXT() REPRESENTATION_CONTEXT('2D SPACE',''
  ) );
#5452 = PCURVE('',#5131,#5453);
#5453 = DEFINITIONAL_REPRESENTATION('',(#5454),#5458);
#5454 = LINE('',#5455,#5456);
#5455 = CARTESIAN_POINT('',(-1.563194018672E-13,-80.));
#5456 = VECTOR('',#5457,1.);
#5457 = DIRECTION('',(1.,0.));
#5458 = ( GEOMETRIC_REPRESENTATION_CONTEXT(2) 
PARAMETRIC_REPRESENTATION_CONTEXT() REPRESENTATION_CONTEXT('2D SPACE',''
  ) );
#5459 = ORIENTED_EDGE('',*,*,#5149,.F.);
#5460 = ADVANCED_FACE('',(#5461),#4718,.F.);
#5461 = FACE_BOUND('',#5462,.F.);
#5462 = EDGE_LOOP('',(#5463,#5484,#5485,#5486));
#5463 = ORIENTED_EDGE('',*,*,#5464,.F.);
#5464 = EDGE_CURVE('',#4757,#5199,#5465,.T.);
#5465 = SURFACE_CURVE('',#5466,(#5470,#5477),.PCURVE_S1.);
#5466 = LINE('',#5467,#5468);
#5467 = CARTESIAN_POINT('',(-65.36118238383,-4.424533864964,
    -63.9397080882));
#5468 = VECTOR('',#5469,1.);
#5469 = DIRECTION('',(0.433012701892,0.5,-0.75));
#5470 = PCURVE('',#4718,#5471);
#5471 = DEFINITIONAL_REPRESENTATION('',(#5472),#5476);
#5472 = LINE('',#5473,#5474);
#5473 = CARTESIAN_POINT('',(-8.881784197001E-16,-4.668596819791));
#5474 = VECTOR('',#5475,1.);
#5475 = DIRECTION('',(2.498001805407E-16,1.));
#5476 = ( GEOMETRIC_REPRESENTATION_CONTEXT(2) 
PARAMETRIC_REPRESENTATION_CONTEXT() REPRESENTATION_CONTEXT('2D SPACE',''
  ) );
#5477 = PCURVE('',#4793,#5478);
#5478 = DEFINITIONAL_REPRESENTATION('',(#5479),#5483);
#5479 = LINE('',#5480,#5481);
#5480 = CARTESIAN_POINT('',(-1.42108547152E-14,-45.6));
#5481 = VECTOR('',#5482,1.);
#5482 = DIRECTION('',(1.,5.551115123126E-17));
#5483 = ( GEOMETRIC_REPRESENTATION_CONTEXT(2) 
PARAMETRIC_REPRESENTATION_CONTEXT() REPRESENTATION_CONTEXT('2D SPACE',''
  ) );
#5484 = ORIENTED_EDGE('',*,*,#4756,.T.);
#5485 = ORIENTED_EDGE('',*,*,#4702,.F.);
#5486 = ORIENTED_EDGE('',*,*,#5198,.F.);
#5487 = ADVANCED_FACE('',(#5488),#4793,.F.);
#5488 = FACE_BOUND('',#5489,.F.);
#5489 = EDGE_LOOP('',(#5490,#5491,#5492,#5493));
#5490 = ORIENTED_EDGE('',*,*,#4779,.T.);
#5491 = ORIENTED_EDGE('',*,*,#5464,.T.);
#5492 = ORIENTED_EDGE('',*,*,#5221,.F.);
#5493 = ORIENTED_EDGE('',*,*,#4810,.F.);
#5494 = ADVANCED_FACE('',(#5495),#4851,.T.);
#5495 = FACE_BOUND('',#5496,.T.);
#5496 = EDGE_LOOP('',(#5497,#5498,#5519,#5520));
#5497 = ORIENTED_EDGE('',*,*,#5292,.T.);
#5498 = ORIENTED_EDGE('',*,*,#5499,.T.);
#5499 = EDGE_CURVE('',#5270,#4897,#5500,.T.);
#5500 = SURFACE_CURVE('',#5501,(#5505,#5512),.PCURVE_S1.);
#5501 = LINE('',#5502,#5503);
#5502 = CARTESIAN_POINT('',(191.65169792988,328.96210542106,
    -120.0416102751));
#5503 = VECTOR('',#5504,1.);
#5504 = DIRECTION('',(0.,-0.5,0.866025403784));
#5505 = PCURVE('',#4851,#5506);
#5506 = DEFINITIONAL_REPRESENTATION('',(#5507),#5511);
#5507 = LINE('',#5508,#5509);
#5508 = CARTESIAN_POINT('',(-1.136868377216E-13,-34.41));
#5509 = VECTOR('',#5510,1.);
#5510 = DIRECTION('',(1.,0.));
#5511 = ( GEOMETRIC_REPRESENTATION_CONTEXT(2) 
PARAMETRIC_REPRESENTATION_CONTEXT() REPRESENTATION_CONTEXT('2D SPACE',''
  ) );
#5512 = PCURVE('',#4912,#5513);
#5513 = DEFINITIONAL_REPRESENTATION('',(#5514),#5518);
#5514 = LINE('',#5515,#5516);
#5515 = CARTESIAN_POINT('',(6.106226635438E-15,-4.668596819791));
#5516 = VECTOR('',#5517,1.);
#5517 = DIRECTION('',(-1.33226762955E-15,1.));
#5518 = ( GEOMETRIC_REPRESENTATION_CONTEXT(2) 
PARAMETRIC_REPRESENTATION_CONTEXT() REPRESENTATION_CONTEXT('2D SPACE',''
  ) );
#5519 = ORIENTED_EDGE('',*,*,#4924,.F.);
#5520 = ORIENTED_EDGE('',*,*,#4837,.F.);
#5521 = ADVANCED_FACE('',(#5522),#4884,.F.);
#5522 = FACE_BOUND('',#5523,.F.);
#5523 = EDGE_LOOP('',(#5524,#5525,#5546,#5547));
#5524 = ORIENTED_EDGE('',*,*,#5246,.F.);
#5525 = ORIENTED_EDGE('',*,*,#5526,.F.);
#5526 = EDGE_CURVE('',#4869,#5247,#5527,.T.);
#5527 = SURFACE_CURVE('',#5528,(#5532,#5539),.PCURVE_S1.);
#5528 = LINE('',#5529,#5530);
#5529 = CARTESIAN_POINT('',(32.502334736647,392.95669268701,
    -77.7034868292));
#5530 = VECTOR('',#5531,1.);
#5531 = DIRECTION('',(0.,0.5,-0.866025403784));
#5532 = PCURVE('',#4884,#5533);
#5533 = DEFINITIONAL_REPRESENTATION('',(#5534),#5538);
#5534 = LINE('',#5535,#5536);
#5535 = CARTESIAN_POINT('',(4.668596819791,-111.));
#5536 = VECTOR('',#5537,1.);
#5537 = DIRECTION('',(-1.,0.));
#5538 = ( GEOMETRIC_REPRESENTATION_CONTEXT(2) 
PARAMETRIC_REPRESENTATION_CONTEXT() REPRESENTATION_CONTEXT('2D SPACE',''
  ) );
#5539 = PCURVE('',#4912,#5540);
#5540 = DEFINITIONAL_REPRESENTATION('',(#5541),#5545);
#5541 = LINE('',#5542,#5543);
#5542 = CARTESIAN_POINT('',(176.61978344685,-7.105427357601E-15));
#5543 = VECTOR('',#5544,1.);
#5544 = DIRECTION('',(1.33226762955E-15,-1.));
#5545 = ( GEOMETRIC_REPRESENTATION_CONTEXT(2) 
PARAMETRIC_REPRESENTATION_CONTEXT() REPRESENTATION_CONTEXT('2D SPACE',''
  ) );
#5546 = ORIENTED_EDGE('',*,*,#4868,.F.);
#5547 = ORIENTED_EDGE('',*,*,#4950,.F.);
#5548 = ADVANCED_FACE('',(#5549),#4912,.T.);
#5549 = FACE_BOUND('',#5550,.T.);
#5550 = EDGE_LOOP('',(#5551,#5552,#5553,#5554));
#5551 = ORIENTED_EDGE('',*,*,#5499,.F.);
#5552 = ORIENTED_EDGE('',*,*,#5269,.T.);
#5553 = ORIENTED_EDGE('',*,*,#5526,.F.);
#5554 = ORIENTED_EDGE('',*,*,#4896,.F.);
#5555 = ADVANCED_FACE('',(#5556),#4991,.T.);
#5556 = FACE_BOUND('',#5557,.T.);
#5557 = EDGE_LOOP('',(#5558,#5559,#5580,#5581));
#5558 = ORIENTED_EDGE('',*,*,#5091,.T.);
#5559 = ORIENTED_EDGE('',*,*,#5560,.T.);
#5560 = EDGE_CURVE('',#5064,#5341,#5561,.T.);
#5561 = SURFACE_CURVE('',#5562,(#5566,#5573),.PCURVE_S1.);
#5562 = LINE('',#5563,#5564);
#5563 = CARTESIAN_POINT('',(249.62909037533,166.12113323481,
    -152.2616961819));
#5564 = VECTOR('',#5565,1.);
#5565 = DIRECTION('',(-0.866025403784,0.,0.5));
#5566 = PCURVE('',#4991,#5567);
#5567 = DEFINITIONAL_REPRESENTATION('',(#5568),#5572);
#5568 = LINE('',#5569,#5570);
#5569 = CARTESIAN_POINT('',(7.958078640513E-13,-111.));
#5570 = VECTOR('',#5571,1.);
#5571 = DIRECTION('',(1.,0.));
#5572 = ( GEOMETRIC_REPRESENTATION_CONTEXT(2) 
PARAMETRIC_REPRESENTATION_CONTEXT() REPRESENTATION_CONTEXT('2D SPACE',''
  ) );
#5573 = PCURVE('',#5079,#5574);
#5574 = DEFINITIONAL_REPRESENTATION('',(#5575),#5579);
#5575 = LINE('',#5576,#5577);
#5576 = CARTESIAN_POINT('',(-2.334298409896,62.940305138657));
#5577 = VECTOR('',#5578,1.);
#5578 = DIRECTION('',(1.,0.));
#5579 = ( GEOMETRIC_REPRESENTATION_CONTEXT(2) 
PARAMETRIC_REPRESENTATION_CONTEXT() REPRESENTATION_CONTEXT('2D SPACE',''
  ) );
#5580 = ORIENTED_EDGE('',*,*,#5363,.F.);
#5581 = ORIENTED_EDGE('',*,*,#4977,.F.);
#5582 = ADVANCED_FACE('',(#5583),#5023,.F.);
#5583 = FACE_BOUND('',#5584,.F.);
#5584 = EDGE_LOOP('',(#5585,#5586,#5607,#5608));
#5585 = ORIENTED_EDGE('',*,*,#5040,.T.);
#5586 = ORIENTED_EDGE('',*,*,#5587,.T.);
#5587 = EDGE_CURVE('',#5041,#5318,#5588,.T.);
#5588 = SURFACE_CURVE('',#5589,(#5593,#5600),.PCURVE_S1.);
#5589 = LINE('',#5590,#5591);
#5590 = CARTESIAN_POINT('',(249.62909037533,40.240522957502,
    -152.2616961819));
#5591 = VECTOR('',#5592,1.);
#5592 = DIRECTION('',(-0.866025403784,0.,0.5));
#5593 = PCURVE('',#5023,#5594);
#5594 = DEFINITIONAL_REPRESENTATION('',(#5595),#5599);
#5595 = LINE('',#5596,#5597);
#5596 = CARTESIAN_POINT('',(7.958078640513E-13,-111.));
#5597 = VECTOR('',#5598,1.);
#5598 = DIRECTION('',(1.,0.));
#5599 = ( GEOMETRIC_REPRESENTATION_CONTEXT(2) 
PARAMETRIC_REPRESENTATION_CONTEXT() REPRESENTATION_CONTEXT('2D SPACE',''
  ) );
#5600 = PCURVE('',#5079,#5601);
#5601 = DEFINITIONAL_REPRESENTATION('',(#5602),#5606);
#5602 = LINE('',#5603,#5604);
#5603 = CARTESIAN_POINT('',(-2.334298409896,-62.94030513865));
#5604 = VECTOR('',#5605,1.);
#5605 = DIRECTION('',(1.,0.));
#5606 = ( GEOMETRIC_REPRESENTATION_CONTEXT(2) 
PARAMETRIC_REPRESENTATION_CONTEXT() REPRESENTATION_CONTEXT('2D SPACE',''
  ) );
#5607 = ORIENTED_EDGE('',*,*,#5317,.F.);
#5608 = ORIENTED_EDGE('',*,*,#5009,.F.);
#5609 = ADVANCED_FACE('',(#5610),#5079,.T.);
#5610 = FACE_BOUND('',#5611,.T.);
#5611 = EDGE_LOOP('',(#5612,#5613,#5614,#5615));
#5612 = ORIENTED_EDGE('',*,*,#5587,.T.);
#5613 = ORIENTED_EDGE('',*,*,#5340,.T.);
#5614 = ORIENTED_EDGE('',*,*,#5560,.F.);
#5615 = ORIENTED_EDGE('',*,*,#5063,.F.);
#5616 = ADVANCED_FACE('',(#5617),#5131,.T.);
#5617 = FACE_BOUND('',#5618,.T.);
#5618 = EDGE_LOOP('',(#5619,#5620,#5621,#5622));
#5619 = ORIENTED_EDGE('',*,*,#5172,.T.);
#5620 = ORIENTED_EDGE('',*,*,#5439,.T.);
#5621 = ORIENTED_EDGE('',*,*,#5412,.F.);
#5622 = ORIENTED_EDGE('',*,*,#5117,.F.);
#5623 = ( GEOMETRIC_REPRESENTATION_CONTEXT(3) 
GLOBAL_UNCERTAINTY_ASSIGNED_CONTEXT((#5627)) 
GLOBAL_UNIT_ASSIGNED_CONTEXT((#5624,#5625,#5626)) REPRESENTATION_CONTEXT
('Context #1','3D Context with UNIT and UNCERTAINTY') );
#5624 = ( LENGTH_UNIT() NAMED_UNIT(*) SI_UNIT(.MILLI.,.METRE.) );
#5625 = ( NAMED_UNIT(*) PLANE_ANGLE_UNIT() SI_UNIT($,.RADIAN.) );
#5626 = ( NAMED_UNIT(*) SI_UNIT($,.STERADIAN.) SOLID_ANGLE_UNIT() );
#5627 = UNCERTAINTY_MEASURE_WITH_UNIT(LENGTH_MEASURE(1.E-07),#5624,
  'distance_accuracy_value','confusion accuracy');
#5628 = PRODUCT_RELATED_PRODUCT_CATEGORY('part',$,(#7));
ENDSEC;
END-ISO-10303-21;
